candidate,validation_season,position_scope,feature,selection_rank,selection_score,selected_feature_count
stable_core_room_et_all_points,2022,ALL,lag1_receptions,1,0.5378594519859274,248
stable_core_room_et_all_points,2022,ALL,lag1_receiving_10,2,0.5329427470292528,248
stable_core_room_et_all_points,2022,ALL,lag1_receiving_first_downs,3,0.5308815896213761,248
stable_core_room_et_all_points,2022,ALL,lag1_receiving_yards,4,0.5295965653770728,248
stable_core_room_et_all_points,2022,ALL,lag1_receiving_16,5,0.5242814877656645,248
stable_core_room_et_all_points,2022,ALL,lag1_receiving_20,6,0.5127930286394176,248
stable_core_room_et_all_points,2022,ALL,lag1_games,7,0.5121276335305269,248
stable_core_room_et_all_points,2022,ALL,room_lag1_margin_receptions,8,0.5105735770027878,248
stable_core_room_et_all_points,2022,ALL,room_lag1_margin_receiving_yards,9,0.49420247195528694,248
stable_core_room_et_all_points,2022,ALL,lag1_receiving_tds,10,0.4757703069684158,248
stable_core_room_et_all_points,2022,ALL,draft_number,11,0.47034784511891864,248
stable_core_room_et_all_points,2022,ALL,lag1_carries,12,0.4175916404996964,248
stable_core_room_et_all_points,2022,ALL,lag2_receiving_16,13,0.41448923025583145,248
stable_core_room_et_all_points,2022,ALL,lag2_receiving_10,14,0.41135216775407113,248
stable_core_room_et_all_points,2022,ALL,lag2_receiving_first_downs,15,0.4093037760823181,248
stable_core_room_et_all_points,2022,ALL,lag2_receiving_20,16,0.4091312412280861,248
stable_core_room_et_all_points,2022,ALL,lag2_receptions,17,0.4081326726004764,248
stable_core_room_et_all_points,2022,ALL,lag2_receiving_yards,18,0.4036216945127623,248
stable_core_room_et_all_points,2022,ALL,lag2_games,19,0.39794463845528244,248
stable_core_room_et_all_points,2022,ALL,lag1_receiving_20_rate,20,0.39368944796722,248
stable_core_room_et_all_points,2022,ALL,lag1_rushing_first_downs,21,0.39212047644099735,248
stable_core_room_et_all_points,2022,ALL,lag1_receiving_40,22,0.39122643908673305,248
stable_core_room_et_all_points,2022,ALL,lag1_rushing_10,23,0.38488286599098737,248
stable_core_room_et_all_points,2022,ALL,lag1_fumbles_total,24,0.3824272901526288,248
stable_core_room_et_all_points,2022,ALL,lag1_receiving_yards_per_reception,25,0.378166755622205,248
stable_core_room_et_all_points,2022,ALL,room_lag1_margin_carries,26,0.377439127986252,248
stable_core_room_et_all_points,2022,ALL,lag2_receiving_tds,27,0.37503485320294766,248
stable_core_room_et_all_points,2022,ALL,lag1_rushing_yards,28,0.37206725840421445,248
stable_core_room_et_all_points,2022,ALL,lag1_rushing_12,29,0.3693472949124175,248
stable_core_room_et_all_points,2022,ALL,lag1_receiving_first_down_rate,30,0.34375592569690744,248
stable_core_room_et_all_points,2022,ALL,lag2_receiving_20_rate,31,0.3423309112775565,248
stable_core_room_et_all_points,2022,ALL,room_lag1_margin_rushing_yards,32,0.34057416703361726,248
stable_core_room_et_all_points,2022,ALL,lag1_fumbles_lost_total,33,0.33962162938934537,248
stable_core_room_et_all_points,2022,ALL,lag3_receiving_20,34,0.33486961753202227,248
stable_core_room_et_all_points,2022,ALL,lag2_carries,35,0.3340396808595825,248
stable_core_room_et_all_points,2022,ALL,lag3_receiving_16,36,0.3332836097945596,248
stable_core_room_et_all_points,2022,ALL,lag2_fumbles_total,37,0.3310574533825762,248
stable_core_room_et_all_points,2022,ALL,lag1_rushing_tds,38,0.33011315630863985,248
stable_core_room_et_all_points,2022,ALL,lag3_games,39,0.32969448121389966,248
stable_core_room_et_all_points,2022,ALL,lag3_receiving_10,40,0.32960433692121804,248
stable_core_room_et_all_points,2022,ALL,lag3_receiving_first_downs,41,0.3267752613573113,248
stable_core_room_et_all_points,2022,ALL,missing_draft_round,42,0.3266505799788192,248
stable_core_room_et_all_points,2022,ALL,lag3_receptions,43,0.326188464706653,248
stable_core_room_et_all_points,2022,ALL,was_drafted,44,0.32499613046707204,248
stable_core_room_et_all_points,2022,ALL,lag2_receiving_40,45,0.3236484406954726,248
stable_core_room_et_all_points,2022,ALL,lag2_receiving_yards_per_reception,46,0.3218066140718352,248
stable_core_room_et_all_points,2022,ALL,lag3_receiving_yards,47,0.3214149002475407,248
stable_core_room_et_all_points,2022,ALL,lag3_receiving_tds,48,0.3163654893294645,248
stable_core_room_et_all_points,2022,ALL,lag2_rushing_first_downs,49,0.31579051028658395,248
stable_core_room_et_all_points,2022,ALL,lag1_rushing_20,50,0.31333325979462273,248
stable_core_room_et_all_points,2022,ALL,lag2_receiving_first_down_rate,51,0.31055653500818137,248
stable_core_room_et_all_points,2022,ALL,lag2_rushing_10,52,0.30786813327584706,248
stable_core_room_et_all_points,2022,ALL,lag2_rushing_yards,53,0.3063717477268452,248
stable_core_room_et_all_points,2022,ALL,lag1_rush_yards_per_carry,54,0.30615403866419766,248
stable_core_room_et_all_points,2022,ALL,lag1_rushing_fumbles,55,0.3034463337631658,248
stable_core_room_et_all_points,2022,ALL,room_lag1_other_receptions,56,0.2988749911781627,248
stable_core_room_et_all_points,2022,ALL,lag2_fumbles_lost_total,57,0.2974224714347004,248
stable_core_room_et_all_points,2022,ALL,lag2_rushing_12,58,0.2959995252894397,248
stable_core_room_et_all_points,2022,ALL,lag3_receiving_20_rate,59,0.29510967431717866,248
stable_core_room_et_all_points,2022,ALL,lag3_fumbles_total,60,0.2931657855552014,248
stable_core_room_et_all_points,2022,ALL,lag1_roster_weeks,61,0.2921038692487184,248
stable_core_room_et_all_points,2022,ALL,room_lag1_other_receiving_yards,62,0.2908531226351836,248
stable_core_room_et_all_points,2022,ALL,lag3_carries,63,0.28276844504909204,248
stable_core_room_et_all_points,2022,ALL,lag1_rush_20_rate,64,0.28137542331873383,248
stable_core_room_et_all_points,2022,ALL,lag3_receiving_40,65,0.2795469266203016,248
stable_core_room_et_all_points,2022,ALL,lag4_receiving_20,66,0.2774294849805698,248
stable_core_room_et_all_points,2022,ALL,lag4_receiving_16,67,0.2773324898323574,248
stable_core_room_et_all_points,2022,ALL,lag2_roster_weeks,68,0.27605431581552153,248
stable_core_room_et_all_points,2022,ALL,lag1_rush_first_down_rate,69,0.2744958388883692,248
stable_core_room_et_all_points,2022,ALL,lag3_receiving_yards_per_reception,70,0.2740301033172069,248
stable_core_room_et_all_points,2022,ALL,lag4_games,71,0.27367446773849957,248
stable_core_room_et_all_points,2022,ALL,lag1_receiving_fumbles,72,0.27088522277581756,248
stable_core_room_et_all_points,2022,ALL,lag2_rush_yards_per_carry,73,0.27072020184474965,248
stable_core_room_et_all_points,2022,ALL,lag4_receiving_10,74,0.2696781614934336,248
stable_core_room_et_all_points,2022,ALL,lag4_receptions,75,0.26877001156089125,248
stable_core_room_et_all_points,2022,ALL,lag3_receiving_first_down_rate,76,0.26788188817974357,248
stable_core_room_et_all_points,2022,ALL,lag3_roster_weeks,77,0.26777818180919827,248
stable_core_room_et_all_points,2022,ALL,lag4_receiving_first_downs,78,0.26626656531146475,248
stable_core_room_et_all_points,2022,ALL,lag4_receiving_yards,79,0.26599733638044715,248
stable_core_room_et_all_points,2022,ALL,years_exp,80,0.26574622572604084,248
stable_core_room_et_all_points,2022,ALL,lag3_rushing_first_downs,81,0.2655496240296361,248
stable_core_room_et_all_points,2022,ALL,room_lag1_other_carries,82,0.2608104484989522,248
stable_core_room_et_all_points,2022,ALL,lag3_rushing_10,83,0.2585533164690162,248
stable_core_room_et_all_points,2022,ALL,lag3_fumbles_lost_total,84,0.2563941990231407,248
stable_core_room_et_all_points,2022,ALL,lag4_receiving_tds,85,0.2547801124233871,248
stable_core_room_et_all_points,2022,ALL,lag2_rushing_tds,86,0.2545918054215375,248
stable_core_room_et_all_points,2022,ALL,lag4_fumbles_total,87,0.2541940563699006,248
stable_core_room_et_all_points,2022,ALL,lag2_history_available,88,0.2532476497609027,248
stable_core_room_et_all_points,2022,ALL,lag3_history_available,89,0.2522629343037918,248
stable_core_room_et_all_points,2022,ALL,lag4_receiving_20_rate,90,0.25216039891720876,248
stable_core_room_et_all_points,2022,ALL,lag3_rushing_yards,91,0.25209695644578617,248
stable_core_room_et_all_points,2022,ALL,lag1_history_available,92,0.25188073010398365,248
stable_core_room_et_all_points,2022,ALL,lag2_rush_first_down_rate,93,0.2500749747492812,248
stable_core_room_et_all_points,2022,ALL,lag1_attempts,94,0.248926164800958,248
stable_core_room_et_all_points,2022,ALL,lag1_passing_tds,95,0.24857674198625615,248
stable_core_room_et_all_points,2022,ALL,lag2_rushing_fumbles,96,0.24726194689368697,248
stable_core_room_et_all_points,2022,ALL,lag3_rushing_12,97,0.24583573322916324,248
stable_core_room_et_all_points,2022,ALL,lag2_rushing_20,98,0.24575445698235643,248
stable_core_room_et_all_points,2022,ALL,lag1_rushing_fumbles_lost,99,0.24506768107232288,248
stable_core_room_et_all_points,2022,ALL,lag2_receiving_fumbles,100,0.24440589385321707,248
stable_core_room_et_all_points,2022,ALL,lag1_passing_10,101,0.24352658284898615,248
stable_core_room_et_all_points,2022,ALL,lag1_passing_first_downs,102,0.24316476688179856,248
stable_core_room_et_all_points,2022,ALL,lag1_passing_16,103,0.24255752630125138,248
stable_core_room_et_all_points,2022,ALL,lag1_completions,104,0.24025864753848122,248
stable_core_room_et_all_points,2022,ALL,lag4_receiving_40,105,0.24022256784220744,248
stable_core_room_et_all_points,2022,ALL,lag1_passing_yards,106,0.2400767097659036,248
stable_core_room_et_all_points,2022,ALL,lag1_passing_20,107,0.23945809638479218,248
stable_core_room_et_all_points,2022,ALL,missing_combine_forty,108,0.23937454528254737,248
stable_core_room_et_all_points,2022,ALL,lag4_receiving_yards_per_reception,109,0.23876196440147313,248
stable_core_room_et_all_points,2022,ALL,lag4_carries,110,0.23599761192021373,248
stable_core_room_et_all_points,2022,ALL,lag1_passing_40,111,0.23560325092837345,248
stable_core_room_et_all_points,2022,ALL,room_lag1_other_rushing_yards,112,0.23545118833355047,248
stable_core_room_et_all_points,2022,ALL,lag4_fumbles_lost_total,113,0.23502967777365746,248
stable_core_room_et_all_points,2022,ALL,lag4_roster_weeks,114,0.23347753253402778,248
stable_core_room_et_all_points,2022,ALL,lag3_rush_yards_per_carry,115,0.23045582788186636,248
stable_core_room_et_all_points,2022,ALL,lag4_receiving_first_down_rate,116,0.23040251402977482,248
stable_core_room_et_all_points,2022,ALL,lag3_rush_first_down_rate,117,0.2277030061094152,248
stable_core_room_et_all_points,2022,ALL,lag2_rush_20_rate,118,0.22564597537361503,248
stable_core_room_et_all_points,2022,ALL,lag4_history_available,119,0.22366134330723544,248
stable_core_room_et_all_points,2022,ALL,lag4_rushing_first_downs,120,0.22303540753757448,248
stable_core_room_et_all_points,2022,ALL,lag1_sacks_suffered,121,0.22283912994171343,248
stable_core_room_et_all_points,2022,ALL,lag1_sack_yards_lost,122,0.22231611011589344,248
stable_core_room_et_all_points,2022,ALL,lag1_passing_interceptions,123,0.22000374850934457,248
stable_core_room_et_all_points,2022,ALL,lag1_rushing_40,124,0.2158346387330558,248
stable_core_room_et_all_points,2022,ALL,lag1_receiving_fumbles_lost,125,0.2156635260611269,248
stable_core_room_et_all_points,2022,ALL,lag4_rushing_10,126,0.21532850172404516,248
stable_core_room_et_all_points,2022,ALL,lag3_receiving_fumbles,127,0.21416341368453343,248
stable_core_room_et_all_points,2022,ALL,lag4_rushing_yards,128,0.21297153970556532,248
stable_core_room_et_all_points,2022,ALL,lag1_pass_td_rate,129,0.21236793192248746,248
stable_core_room_et_all_points,2022,ALL,lag3_rushing_fumbles,130,0.2097632010145801,248
stable_core_room_et_all_points,2022,ALL,lag4_rushing_12,131,0.20733433281427008,248
stable_core_room_et_all_points,2022,ALL,lag1_sack_fumbles,132,0.2066001960179327,248
stable_core_room_et_all_points,2022,ALL,lag3_rushing_tds,133,0.20519470613222945,248
stable_core_room_et_all_points,2022,ALL,lag3_rushing_20,134,0.20495947913245566,248
stable_core_room_et_all_points,2022,ALL,lag2_rushing_fumbles_lost,135,0.20402129986367357,248
stable_core_room_et_all_points,2022,ALL,lag2_passing_tds,136,0.20236188534098276,248
stable_core_room_et_all_points,2022,ALL,lag2_attempts,137,0.20179243201294006,248
stable_core_room_et_all_points,2022,ALL,room_lag1_nonzero_competitors_receptions,138,0.20169953038463506,248
stable_core_room_et_all_points,2022,ALL,room_lag1_nonzero_competitors_receiving_yards,139,0.20153067211433318,248
stable_core_room_et_all_points,2022,ALL,lag1_pass_yards_per_attempt,140,0.19995567072698137,248
stable_core_room_et_all_points,2022,ALL,lag2_receiving_fumbles_lost,141,0.19905980703119203,248
stable_core_room_et_all_points,2022,ALL,lag2_passing_10,142,0.1985818722759877,248
stable_core_room_et_all_points,2022,ALL,room_lag1_margin_passing_yards,143,0.19835595388688085,248
stable_core_room_et_all_points,2022,ALL,room_lag1_margin_attempts,144,0.198095930485745,248
stable_core_room_et_all_points,2022,ALL,lag4_rush_first_down_rate,145,0.1975175746804262,248
stable_core_room_et_all_points,2022,ALL,is_rookie,146,0.1966365486139139,248
stable_core_room_et_all_points,2022,ALL,lag2_passing_first_downs,147,0.19659555260624823,248
stable_core_room_et_all_points,2022,ALL,lag4_rush_yards_per_carry,148,0.19625872319954785,248
stable_core_room_et_all_points,2022,ALL,lag4_receiving_fumbles,149,0.19622571672401526,248
stable_core_room_et_all_points,2022,ALL,lag2_passing_16,150,0.19593292131335582,248
stable_core_room_et_all_points,2022,ALL,lag2_passing_yards,151,0.19492896584492336,248
stable_core_room_et_all_points,2022,ALL,lag2_completions,152,0.19409504280479548,248
stable_core_room_et_all_points,2022,ALL,lag2_passing_20,153,0.19407034322819153,248
stable_core_room_et_all_points,2022,ALL,lag2_passing_40,154,0.1933596150862031,248
stable_core_room_et_all_points,2022,ALL,lag3_rush_20_rate,155,0.19229513787100946,248
stable_core_room_et_all_points,2022,ALL,lag1_completion_rate,156,0.18634228169692196,248
stable_core_room_et_all_points,2022,ALL,lag1_sack_fumbles_lost,157,0.18613925860287997,248
stable_core_room_et_all_points,2022,ALL,lag2_rushing_40,158,0.18460054024278233,248
stable_core_room_et_all_points,2022,ALL,lag2_pass_td_rate,159,0.1808160788368011,248
stable_core_room_et_all_points,2022,ALL,lag4_rushing_tds,160,0.1768398188174979,248
stable_core_room_et_all_points,2022,ALL,lag2_sacks_suffered,161,0.17649268213488462,248
stable_core_room_et_all_points,2022,ALL,lag3_attempts,162,0.17622562988461526,248
stable_core_room_et_all_points,2022,ALL,lag2_passing_interceptions,163,0.17537313900212004,248
stable_core_room_et_all_points,2022,ALL,lag2_sack_yards_lost,164,0.17529811041958146,248
stable_core_room_et_all_points,2022,ALL,room_lag1_nonzero_competitors_rushing_yards,165,0.17465019252967423,248
stable_core_room_et_all_points,2022,ALL,room_lag1_nonzero_competitors_carries,166,0.17345952975830825,248
stable_core_room_et_all_points,2022,ALL,lag3_rushing_fumbles_lost,167,0.17179171519412417,248
stable_core_room_et_all_points,2022,ALL,lag4_rushing_20,168,0.17109470361614906,248
stable_core_room_et_all_points,2022,ALL,lag2_pass_yards_per_attempt,169,0.170822240707349,248
stable_core_room_et_all_points,2022,ALL,lag2_sack_fumbles,170,0.1695267776935657,248
stable_core_room_et_all_points,2022,ALL,lag3_receiving_fumbles_lost,171,0.1693282268589537,248
stable_core_room_et_all_points,2022,ALL,lag4_rushing_fumbles,172,0.16919322435941134,248
stable_core_room_et_all_points,2022,ALL,room_lag1_other_passing_yards,173,0.16845814313494087,248
stable_core_room_et_all_points,2022,ALL,lag3_passing_10,174,0.16812034839655962,248
stable_core_room_et_all_points,2022,ALL,lag3_passing_tds,175,0.16779813920139608,248
stable_core_room_et_all_points,2022,ALL,lag3_passing_first_downs,176,0.167478343906494,248
stable_core_room_et_all_points,2022,ALL,lag2_completion_rate,177,0.16746069243028264,248
stable_core_room_et_all_points,2022,ALL,lag3_completions,178,0.1672895218908366,248
stable_core_room_et_all_points,2022,ALL,lag3_passing_16,179,0.1667505057569369,248
stable_core_room_et_all_points,2022,ALL,age,180,0.16593157247056897,248
stable_core_room_et_all_points,2022,ALL,lag3_passing_yards,181,0.16589018187778826,248
stable_core_room_et_all_points,2022,ALL,lag3_passing_40,182,0.1655745334528765,248
stable_core_room_et_all_points,2022,ALL,lag4_rush_20_rate,183,0.16505820435804958,248
stable_core_room_et_all_points,2022,ALL,lag3_passing_20,184,0.16461124733788393,248
stable_core_room_et_all_points,2022,ALL,combine_vertical,185,0.16365329722621655,248
stable_core_room_et_all_points,2022,ALL,lag4_receiving_fumbles_lost,186,0.1634398489331321,248
stable_core_room_et_all_points,2022,ALL,combine_broad_jump,187,0.1612386372590429,248
stable_core_room_et_all_points,2022,ALL,room_lag1_other_attempts,188,0.1600407497117902,248
stable_core_room_et_all_points,2022,ALL,lag2_sack_fumbles_lost,189,0.1566733290881025,248
stable_core_room_et_all_points,2022,ALL,lag3_passing_interceptions,190,0.15393400806472737,248
stable_core_room_et_all_points,2022,ALL,lag4_passing_tds,191,0.15166438298507934,248
stable_core_room_et_all_points,2022,ALL,lag3_sack_yards_lost,192,0.1516292488456116,248
stable_core_room_et_all_points,2022,ALL,lag3_sacks_suffered,193,0.15157270105840456,248
stable_core_room_et_all_points,2022,ALL,room_competitor_count,194,0.15137252040836324,248
stable_core_room_et_all_points,2022,ALL,lag3_sack_fumbles,195,0.1506815093426478,248
stable_core_room_et_all_points,2022,ALL,lag3_pass_td_rate,196,0.14913670550696156,248
stable_core_room_et_all_points,2022,ALL,lag3_rushing_40,197,0.1485785378324258,248
stable_core_room_et_all_points,2022,ALL,lag4_attempts,198,0.14817991681473722,248
stable_core_room_et_all_points,2022,ALL,lag4_passing_10,199,0.14699042956516306,248
stable_core_room_et_all_points,2022,ALL,lag4_passing_16,200,0.14619601858019804,248
stable_core_room_et_all_points,2022,ALL,lag4_passing_first_downs,201,0.14608807695063092,248
stable_core_room_et_all_points,2022,ALL,lag4_passing_20,202,0.14598839632988928,248
stable_core_room_et_all_points,2022,ALL,lag3_pass_yards_per_attempt,203,0.14570873816677535,248
stable_core_room_et_all_points,2022,ALL,lag3_completion_rate,204,0.1456856550513633,248
stable_core_room_et_all_points,2022,ALL,lag4_passing_40,205,0.14549310656603925,248
stable_core_room_et_all_points,2022,ALL,lag4_completions,206,0.14418697460059057,248
stable_core_room_et_all_points,2022,ALL,lag4_passing_yards,207,0.14289776434332352,248
stable_core_room_et_all_points,2022,ALL,lag4_rushing_fumbles_lost,208,0.14285000771315542,248
stable_core_room_et_all_points,2022,ALL,lag3_sack_fumbles_lost,209,0.14007601401061665,248
stable_core_room_et_all_points,2022,ALL,missing_combine_vertical,210,0.1394166846728177,248
stable_core_room_et_all_points,2022,ALL,lag4_pass_td_rate,211,0.13901364654699294,248
stable_core_room_et_all_points,2022,ALL,lag4_sack_yards_lost,212,0.13875791612538202,248
stable_core_room_et_all_points,2022,ALL,lag4_sacks_suffered,213,0.1378779249096953,248
stable_core_room_et_all_points,2022,ALL,lag4_sack_fumbles,214,0.1352888305314582,248
stable_core_room_et_all_points,2022,ALL,lag4_passing_interceptions,215,0.13386049105159267,248
stable_core_room_et_all_points,2022,ALL,lag4_completion_rate,216,0.13249428772812963,248
stable_core_room_et_all_points,2022,ALL,missing_combine_broad_jump,217,0.13229439285247366,248
stable_core_room_et_all_points,2022,ALL,lag4_pass_yards_per_attempt,218,0.12854920578448628,248
stable_core_room_et_all_points,2022,ALL,lag4_rushing_40,219,0.12792243709449888,248
stable_core_room_et_all_points,2022,ALL,lag4_sack_fumbles_lost,220,0.1275434892985845,248
stable_core_room_et_all_points,2022,ALL,lag1_interception_rate,221,0.12588634928955236,248
stable_core_room_et_all_points,2022,ALL,combine_bench,222,0.12103127116669525,248
stable_core_room_et_all_points,2022,ALL,combine_forty,223,0.1196874492521372,248
stable_core_room_et_all_points,2022,ALL,missing_combine_bench,224,0.11780733577825905,248
stable_core_room_et_all_points,2022,ALL,lag3_interception_rate,225,0.11349996499597856,248
stable_core_room_et_all_points,2022,ALL,lag2_interception_rate,226,0.10766180243874252,248
stable_core_room_et_all_points,2022,ALL,missing_combine_shuttle,227,0.10743681679427192,248
stable_core_room_et_all_points,2022,ALL,missing_combine_cone,228,0.10586293776862585,248
stable_core_room_et_all_points,2022,ALL,missing_years_exp,229,0.10536131243922922,248
stable_core_room_et_all_points,2022,ALL,lag4_interception_rate,230,0.1005566956450855,248
stable_core_room_et_all_points,2022,ALL,room_lag1_nonzero_competitors_attempts,231,0.09759325757804742,248
stable_core_room_et_all_points,2022,ALL,room_lag1_nonzero_competitors_passing_yards,232,0.09702250572997045,248
stable_core_room_et_all_points,2022,ALL,combine_shuttle,233,0.08396555387015327,248
stable_core_room_et_all_points,2022,ALL,combine_cone,234,0.07850322224965596,248
stable_core_room_et_all_points,2022,ALL,missing_age,235,0.07360382767294482,248
stable_core_room_et_all_points,2022,ALL,draft_round,236,0.05781061042562526,248
stable_core_room_et_all_points,2022,ALL,missing_draft_number,237,0.004514978546670968,248
stable_core_room_et_all_points,2022,ALL,missing_height,238,0.004514978546670968,248
stable_core_room_et_all_points,2022,ALL,missing_is_rookie,239,0.004514978546670968,248
stable_core_room_et_all_points,2022,ALL,missing_team_changed,240,0.004514978546670968,248
stable_core_room_et_all_points,2022,ALL,missing_was_drafted,241,0.004514978546670968,248
stable_core_room_et_all_points,2022,ALL,missing_weight,242,0.004514978546670968,248
stable_core_room_et_all_points,2022,ALL,position_QB,243,0.004514978546670968,248
stable_core_room_et_all_points,2022,ALL,position_RB,244,0.004514978546670968,248
stable_core_room_et_all_points,2022,ALL,position_TE,245,0.004514978546670968,248
stable_core_room_et_all_points,2022,ALL,position_WR,246,0.004514978546670968,248
stable_core_room_et_all_points,2022,ALL,weight,247,0.0015931018065955932,248
stable_core_room_et_all_points,2022,ALL,height,248,0.0015242053636129668,248
stable_core_room_et_all_points,2023,ALL,lag1_receptions,1,0.5422192912357187,248
stable_core_room_et_all_points,2023,ALL,lag1_receiving_10,2,0.5381232293236903,248
stable_core_room_et_all_points,2023,ALL,lag1_receiving_first_downs,3,0.5359786556974536,248
stable_core_room_et_all_points,2023,ALL,lag1_receiving_yards,4,0.5340388648127687,248
stable_core_room_et_all_points,2023,ALL,lag1_receiving_16,5,0.5293330517389113,248
stable_core_room_et_all_points,2023,ALL,lag1_games,6,0.5174606391596,248
stable_core_room_et_all_points,2023,ALL,lag1_receiving_20,7,0.5172745962668223,248
stable_core_room_et_all_points,2023,ALL,room_lag1_margin_receptions,8,0.5141249279120215,248
stable_core_room_et_all_points,2023,ALL,room_lag1_margin_receiving_yards,9,0.49830878712599863,248
stable_core_room_et_all_points,2023,ALL,lag1_receiving_tds,10,0.47824538254988647,248
stable_core_room_et_all_points,2023,ALL,draft_number,11,0.4778870921378984,248
stable_core_room_et_all_points,2023,ALL,lag1_carries,12,0.42408781781578464,248
stable_core_room_et_all_points,2023,ALL,lag2_receiving_16,13,0.41902861269391517,248
stable_core_room_et_all_points,2023,ALL,lag2_receiving_10,14,0.41666345701811985,248
stable_core_room_et_all_points,2023,ALL,lag2_receiving_first_downs,15,0.41475864850452987,248
stable_core_room_et_all_points,2023,ALL,lag2_receptions,16,0.4140058108652093,248
stable_core_room_et_all_points,2023,ALL,lag2_receiving_20,17,0.413412707017529,248
stable_core_room_et_all_points,2023,ALL,lag2_receiving_yards,18,0.40922190423119287,248
stable_core_room_et_all_points,2023,ALL,lag2_games,19,0.40154817178352,248
stable_core_room_et_all_points,2023,ALL,lag1_receiving_20_rate,20,0.3985705773292185,248
stable_core_room_et_all_points,2023,ALL,lag1_rushing_first_downs,21,0.3978355407034486,248
stable_core_room_et_all_points,2023,ALL,lag1_receiving_40,22,0.3944483418591097,248
stable_core_room_et_all_points,2023,ALL,lag1_rushing_10,23,0.38946248564295155,248
stable_core_room_et_all_points,2023,ALL,lag1_fumbles_total,24,0.3872547556799411,248
stable_core_room_et_all_points,2023,ALL,lag1_receiving_yards_per_reception,25,0.3832689153491023,248
stable_core_room_et_all_points,2023,ALL,room_lag1_margin_carries,26,0.3818074950319395,248
stable_core_room_et_all_points,2023,ALL,lag1_rushing_yards,27,0.37891299108149484,248
stable_core_room_et_all_points,2023,ALL,lag2_receiving_tds,28,0.3787641910116425,248
stable_core_room_et_all_points,2023,ALL,lag1_rushing_12,29,0.3738330261852581,248
stable_core_room_et_all_points,2023,ALL,lag1_receiving_first_down_rate,30,0.34827347194888236,248
stable_core_room_et_all_points,2023,ALL,lag2_receiving_20_rate,31,0.3467938717216693,248
stable_core_room_et_all_points,2023,ALL,room_lag1_margin_rushing_yards,32,0.3451679091568815,248
stable_core_room_et_all_points,2023,ALL,lag1_fumbles_lost_total,33,0.3418071691557627,248
stable_core_room_et_all_points,2023,ALL,lag2_carries,34,0.3389784701812892,248
stable_core_room_et_all_points,2023,ALL,lag3_receiving_20,35,0.33706851640141877,248
stable_core_room_et_all_points,2023,ALL,lag3_receiving_16,36,0.33652609706268427,248
stable_core_room_et_all_points,2023,ALL,missing_draft_round,37,0.33639708760517234,248
stable_core_room_et_all_points,2023,ALL,lag1_rushing_tds,38,0.33569597534144063,248
stable_core_room_et_all_points,2023,ALL,was_drafted,39,0.33488780100763665,248
stable_core_room_et_all_points,2023,ALL,lag3_receiving_10,40,0.3326563838349005,248
stable_core_room_et_all_points,2023,ALL,lag3_games,41,0.3326204117657516,248
stable_core_room_et_all_points,2023,ALL,lag2_fumbles_total,42,0.33165375936942776,248
stable_core_room_et_all_points,2023,ALL,lag3_receiving_first_downs,43,0.32932467295284895,248
stable_core_room_et_all_points,2023,ALL,lag3_receptions,44,0.3292105508704487,248
stable_core_room_et_all_points,2023,ALL,lag2_receiving_yards_per_reception,45,0.32684624638721765,248
stable_core_room_et_all_points,2023,ALL,lag2_receiving_40,46,0.324173845043729,248
stable_core_room_et_all_points,2023,ALL,lag3_receiving_yards,47,0.3241562539702746,248
stable_core_room_et_all_points,2023,ALL,lag3_receiving_tds,48,0.32069411635726486,248
stable_core_room_et_all_points,2023,ALL,lag2_rushing_first_downs,49,0.32044901478108473,248
stable_core_room_et_all_points,2023,ALL,lag1_rushing_20,50,0.3173571062365598,248
stable_core_room_et_all_points,2023,ALL,lag2_receiving_first_down_rate,51,0.315133517277985,248
stable_core_room_et_all_points,2023,ALL,lag1_rush_yards_per_carry,52,0.31169397357866324,248
stable_core_room_et_all_points,2023,ALL,lag2_rushing_10,53,0.311428805583558,248
stable_core_room_et_all_points,2023,ALL,lag2_rushing_yards,54,0.31116997154184,248
stable_core_room_et_all_points,2023,ALL,lag1_rushing_fumbles,55,0.30407450755693277,248
stable_core_room_et_all_points,2023,ALL,lag2_rushing_12,56,0.2999995171321059,248
stable_core_room_et_all_points,2023,ALL,room_lag1_other_receptions,57,0.29833795991699963,248
stable_core_room_et_all_points,2023,ALL,lag2_fumbles_lost_total,58,0.2979308509510494,248
stable_core_room_et_all_points,2023,ALL,lag3_receiving_20_rate,59,0.29634081993975864,248
stable_core_room_et_all_points,2023,ALL,lag3_fumbles_total,60,0.2923880008455408,248
stable_core_room_et_all_points,2023,ALL,lag1_roster_weeks,61,0.29128971139852766,248
stable_core_room_et_all_points,2023,ALL,room_lag1_other_receiving_yards,62,0.2900995322299189,248
stable_core_room_et_all_points,2023,ALL,lag3_carries,63,0.2870339135128101,248
stable_core_room_et_all_points,2023,ALL,lag1_rush_20_rate,64,0.2846610777032806,248
stable_core_room_et_all_points,2023,ALL,lag3_receiving_40,65,0.28195377373935726,248
stable_core_room_et_all_points,2023,ALL,lag4_receiving_20,66,0.2814708727568197,248
stable_core_room_et_all_points,2023,ALL,lag4_receiving_16,67,0.2808794513403179,248
stable_core_room_et_all_points,2023,ALL,lag1_rush_first_down_rate,68,0.28009883539272346,248
stable_core_room_et_all_points,2023,ALL,lag4_games,69,0.2776984666896267,248
stable_core_room_et_all_points,2023,ALL,lag1_receiving_fumbles,70,0.27680112345254165,248
stable_core_room_et_all_points,2023,ALL,lag3_receiving_yards_per_reception,71,0.2756523711593487,248
stable_core_room_et_all_points,2023,ALL,lag2_rush_yards_per_carry,72,0.273938413928364,248
stable_core_room_et_all_points,2023,ALL,lag4_receptions,73,0.2737186782680934,248
stable_core_room_et_all_points,2023,ALL,lag4_receiving_10,74,0.2732570731845235,248
stable_core_room_et_all_points,2023,ALL,lag2_roster_weeks,75,0.271611026667989,248
stable_core_room_et_all_points,2023,ALL,lag4_receiving_first_downs,76,0.2700195640888887,248
stable_core_room_et_all_points,2023,ALL,lag3_receiving_first_down_rate,77,0.26981202321895664,248
stable_core_room_et_all_points,2023,ALL,lag3_rushing_first_downs,78,0.2697749761698039,248
stable_core_room_et_all_points,2023,ALL,lag4_receiving_yards,79,0.26946882336856226,248
stable_core_room_et_all_points,2023,ALL,years_exp,80,0.2638573628410566,248
stable_core_room_et_all_points,2023,ALL,lag3_roster_weeks,81,0.26379537507448597,248
stable_core_room_et_all_points,2023,ALL,lag2_rushing_tds,82,0.2624268460124788,248
stable_core_room_et_all_points,2023,ALL,lag3_rushing_10,83,0.2623100168661765,248
stable_core_room_et_all_points,2023,ALL,room_lag1_other_carries,84,0.2613023659528642,248
stable_core_room_et_all_points,2023,ALL,lag4_receiving_tds,85,0.2584315860882286,248
stable_core_room_et_all_points,2023,ALL,lag4_receiving_20_rate,86,0.25670428313921795,248
stable_core_room_et_all_points,2023,ALL,lag3_rushing_yards,87,0.25669038613294565,248
stable_core_room_et_all_points,2023,ALL,lag3_fumbles_lost_total,88,0.2561113328436715,248
stable_core_room_et_all_points,2023,ALL,lag4_fumbles_total,89,0.25534441328591445,248
stable_core_room_et_all_points,2023,ALL,lag1_attempts,90,0.2539870369622314,248
stable_core_room_et_all_points,2023,ALL,lag2_rush_first_down_rate,91,0.2535586773095063,248
stable_core_room_et_all_points,2023,ALL,lag2_rushing_20,92,0.25167138948499873,248
stable_core_room_et_all_points,2023,ALL,lag3_rushing_12,93,0.2510745758074649,248
stable_core_room_et_all_points,2023,ALL,lag2_history_available,94,0.25107366371385353,248
stable_core_room_et_all_points,2023,ALL,lag1_passing_tds,95,0.25056047075694526,248
stable_core_room_et_all_points,2023,ALL,lag3_history_available,96,0.24926854555541117,248
stable_core_room_et_all_points,2023,ALL,lag1_history_available,97,0.24883340865008705,248
stable_core_room_et_all_points,2023,ALL,lag2_rushing_fumbles,98,0.24781473248439567,248
stable_core_room_et_all_points,2023,ALL,lag1_passing_first_downs,99,0.24650374511585374,248
stable_core_room_et_all_points,2023,ALL,lag1_passing_10,100,0.24644879522753874,248
stable_core_room_et_all_points,2023,ALL,lag2_receiving_fumbles,101,0.24593208966094923,248
stable_core_room_et_all_points,2023,ALL,lag1_passing_16,102,0.24571388523789603,248
stable_core_room_et_all_points,2023,ALL,missing_combine_forty,103,0.24479432172731416,248
stable_core_room_et_all_points,2023,ALL,lag1_rushing_fumbles_lost,104,0.2443181202462824,248
stable_core_room_et_all_points,2023,ALL,lag1_completions,105,0.243639586906645,248
stable_core_room_et_all_points,2023,ALL,lag1_passing_yards,106,0.24352658978509722,248
stable_core_room_et_all_points,2023,ALL,lag4_receiving_yards_per_reception,107,0.2426725833177348,248
stable_core_room_et_all_points,2023,ALL,lag1_passing_20,108,0.2426051538546732,248
stable_core_room_et_all_points,2023,ALL,lag4_receiving_40,109,0.24130111072554886,248
stable_core_room_et_all_points,2023,ALL,lag4_carries,110,0.2395494302779184,248
stable_core_room_et_all_points,2023,ALL,lag1_passing_40,111,0.23812559042572382,248
stable_core_room_et_all_points,2023,ALL,room_lag1_other_rushing_yards,112,0.23676729599044274,248
stable_core_room_et_all_points,2023,ALL,lag4_fumbles_lost_total,113,0.2361553218449772,248
stable_core_room_et_all_points,2023,ALL,lag3_rush_yards_per_carry,114,0.23475605099054234,248
stable_core_room_et_all_points,2023,ALL,lag4_receiving_first_down_rate,115,0.23463933198438958,248
stable_core_room_et_all_points,2023,ALL,lag4_roster_weeks,116,0.2327357889238299,248
stable_core_room_et_all_points,2023,ALL,lag2_rush_20_rate,117,0.2316895309054,248
stable_core_room_et_all_points,2023,ALL,lag3_rush_first_down_rate,118,0.23153320984050313,248
stable_core_room_et_all_points,2023,ALL,lag4_rushing_first_downs,119,0.22663592186476425,248
stable_core_room_et_all_points,2023,ALL,lag1_sacks_suffered,120,0.22628498668633953,248
stable_core_room_et_all_points,2023,ALL,lag1_sack_yards_lost,121,0.22574738385694387,248
stable_core_room_et_all_points,2023,ALL,lag4_history_available,122,0.22375300106342969,248
stable_core_room_et_all_points,2023,ALL,lag1_passing_interceptions,123,0.22274986862384571,248
stable_core_room_et_all_points,2023,ALL,lag4_rushing_10,124,0.2211170731675463,248
stable_core_room_et_all_points,2023,ALL,lag1_receiving_fumbles_lost,125,0.21771619499082173,248
stable_core_room_et_all_points,2023,ALL,lag4_rushing_yards,126,0.2164190964169135,248
stable_core_room_et_all_points,2023,ALL,lag1_rushing_40,127,0.21577267978750655,248
stable_core_room_et_all_points,2023,ALL,lag3_receiving_fumbles,128,0.21527182838607115,248
stable_core_room_et_all_points,2023,ALL,lag1_pass_td_rate,129,0.21309130603164902,248
stable_core_room_et_all_points,2023,ALL,lag4_rushing_12,130,0.21233632908389308,248
stable_core_room_et_all_points,2023,ALL,lag1_sack_fumbles,131,0.21131421757567756,248
stable_core_room_et_all_points,2023,ALL,lag3_rushing_tds,132,0.21118518242494522,248
stable_core_room_et_all_points,2023,ALL,lag3_rushing_20,133,0.2108300722456128,248
stable_core_room_et_all_points,2023,ALL,lag3_rushing_fumbles,134,0.21077353995772205,248
stable_core_room_et_all_points,2023,ALL,lag2_rushing_fumbles_lost,135,0.20415727484579493,248
stable_core_room_et_all_points,2023,ALL,lag1_pass_yards_per_attempt,136,0.20290068914448575,248
stable_core_room_et_all_points,2023,ALL,lag2_attempts,137,0.2025684569510152,248
stable_core_room_et_all_points,2023,ALL,lag2_passing_tds,138,0.20240845119169418,248
stable_core_room_et_all_points,2023,ALL,room_lag1_margin_attempts,139,0.20211273792585446,248
stable_core_room_et_all_points,2023,ALL,room_lag1_nonzero_competitors_receiving_yards,140,0.20135268792675584,248
stable_core_room_et_all_points,2023,ALL,room_lag1_nonzero_competitors_receptions,141,0.20091664995225264,248
stable_core_room_et_all_points,2023,ALL,lag2_receiving_fumbles_lost,142,0.20085677312827363,248
stable_core_room_et_all_points,2023,ALL,lag4_rush_first_down_rate,143,0.20066786814996798,248
stable_core_room_et_all_points,2023,ALL,lag4_rush_yards_per_carry,144,0.19958176360194646,248
stable_core_room_et_all_points,2023,ALL,room_lag1_margin_passing_yards,145,0.1991763594326223,248
stable_core_room_et_all_points,2023,ALL,lag2_passing_10,146,0.1988253613483149,248
stable_core_room_et_all_points,2023,ALL,lag3_rush_20_rate,147,0.19774943581283735,248
stable_core_room_et_all_points,2023,ALL,is_rookie,148,0.19750440515712261,248
stable_core_room_et_all_points,2023,ALL,lag2_passing_first_downs,149,0.1974206281167604,248
stable_core_room_et_all_points,2023,ALL,lag4_receiving_fumbles,150,0.19664350001798533,248
stable_core_room_et_all_points,2023,ALL,lag2_passing_16,151,0.196484434199175,248
stable_core_room_et_all_points,2023,ALL,lag2_passing_yards,152,0.1958467437773557,248
stable_core_room_et_all_points,2023,ALL,lag2_completions,153,0.19508625351106312,248
stable_core_room_et_all_points,2023,ALL,lag2_passing_20,154,0.19428547450870592,248
stable_core_room_et_all_points,2023,ALL,lag2_passing_40,155,0.19200786028789701,248
stable_core_room_et_all_points,2023,ALL,lag1_sack_fumbles_lost,156,0.1913807699081417,248
stable_core_room_et_all_points,2023,ALL,lag2_rushing_40,157,0.1895619431720416,248
stable_core_room_et_all_points,2023,ALL,lag1_completion_rate,158,0.18811361532906765,248
stable_core_room_et_all_points,2023,ALL,lag4_rushing_tds,159,0.18150335616745114,248
stable_core_room_et_all_points,2023,ALL,lag2_pass_td_rate,160,0.17975463332655858,248
stable_core_room_et_all_points,2023,ALL,lag2_sacks_suffered,161,0.17791005616978925,248
stable_core_room_et_all_points,2023,ALL,lag4_rushing_20,162,0.17720877577417182,248
stable_core_room_et_all_points,2023,ALL,lag2_sack_yards_lost,163,0.17661038356685965,248
stable_core_room_et_all_points,2023,ALL,room_lag1_nonzero_competitors_rushing_yards,164,0.17628916469897052,248
stable_core_room_et_all_points,2023,ALL,lag2_passing_interceptions,165,0.17603658479606576,248
stable_core_room_et_all_points,2023,ALL,room_lag1_nonzero_competitors_carries,166,0.17510232369811546,248
stable_core_room_et_all_points,2023,ALL,lag3_attempts,167,0.1750612356821005,248
stable_core_room_et_all_points,2023,ALL,combine_vertical,168,0.17435567208447558,248
stable_core_room_et_all_points,2023,ALL,lag3_rushing_fumbles_lost,169,0.1735077926292755,248
stable_core_room_et_all_points,2023,ALL,lag2_pass_yards_per_attempt,170,0.1715988546841443,248
stable_core_room_et_all_points,2023,ALL,combine_broad_jump,171,0.17115037378125428,248
stable_core_room_et_all_points,2023,ALL,lag4_rush_20_rate,172,0.17075524024414165,248
stable_core_room_et_all_points,2023,ALL,lag4_rushing_fumbles,173,0.17001995232242254,248
stable_core_room_et_all_points,2023,ALL,lag2_sack_fumbles,174,0.16986698647481185,248
stable_core_room_et_all_points,2023,ALL,lag3_receiving_fumbles_lost,175,0.1695491232569657,248
stable_core_room_et_all_points,2023,ALL,lag3_passing_tds,176,0.16835653855927898,248
stable_core_room_et_all_points,2023,ALL,lag2_completion_rate,177,0.16829960366856467,248
stable_core_room_et_all_points,2023,ALL,lag3_passing_10,178,0.16744071399611735,248
stable_core_room_et_all_points,2023,ALL,room_lag1_other_passing_yards,179,0.1673311575885429,248
stable_core_room_et_all_points,2023,ALL,lag3_passing_first_downs,180,0.16656874019940074,248
stable_core_room_et_all_points,2023,ALL,lag3_passing_40,181,0.1663020630223264,248
stable_core_room_et_all_points,2023,ALL,lag3_passing_16,182,0.16618900053279934,248
stable_core_room_et_all_points,2023,ALL,lag3_completions,183,0.16563601013020557,248
stable_core_room_et_all_points,2023,ALL,lag3_passing_yards,184,0.1644274177269872,248
stable_core_room_et_all_points,2023,ALL,lag3_passing_20,185,0.164095008726472,248
stable_core_room_et_all_points,2023,ALL,lag4_receiving_fumbles_lost,186,0.1635719275233711,248
stable_core_room_et_all_points,2023,ALL,room_lag1_other_attempts,187,0.16219177025958295,248
stable_core_room_et_all_points,2023,ALL,age,188,0.16018952206241985,248
stable_core_room_et_all_points,2023,ALL,lag2_sack_fumbles_lost,189,0.15727669407401,248
stable_core_room_et_all_points,2023,ALL,lag3_passing_interceptions,190,0.15273910140982078,248
stable_core_room_et_all_points,2023,ALL,lag3_rushing_40,191,0.1525784639723185,248
stable_core_room_et_all_points,2023,ALL,lag3_sack_yards_lost,192,0.15176701096419556,248
stable_core_room_et_all_points,2023,ALL,lag3_sacks_suffered,193,0.15172930240740565,248
stable_core_room_et_all_points,2023,ALL,lag4_passing_tds,194,0.1507398151194875,248
stable_core_room_et_all_points,2023,ALL,lag3_sack_fumbles,195,0.15046380638211454,248
stable_core_room_et_all_points,2023,ALL,missing_combine_vertical,196,0.14953844157718188,248
stable_core_room_et_all_points,2023,ALL,lag4_attempts,197,0.14937105463804334,248
stable_core_room_et_all_points,2023,ALL,lag3_pass_td_rate,198,0.14909247471430148,248
stable_core_room_et_all_points,2023,ALL,room_competitor_count,199,0.14830903072580456,248
stable_core_room_et_all_points,2023,ALL,lag4_passing_10,200,0.1464720733449087,248
stable_core_room_et_all_points,2023,ALL,lag4_passing_first_downs,201,0.14585669450047253,248
stable_core_room_et_all_points,2023,ALL,lag4_passing_40,202,0.14563645932884403,248
stable_core_room_et_all_points,2023,ALL,lag3_pass_yards_per_attempt,203,0.1452759515265618,248
stable_core_room_et_all_points,2023,ALL,lag4_passing_16,204,0.1451826536682048,248
stable_core_room_et_all_points,2023,ALL,lag4_passing_20,205,0.14514099275584286,248
stable_core_room_et_all_points,2023,ALL,lag4_rushing_fumbles_lost,206,0.1443932582053185,248
stable_core_room_et_all_points,2023,ALL,lag4_completions,207,0.14428145536455445,248
stable_core_room_et_all_points,2023,ALL,lag3_completion_rate,208,0.14326371047417466,248
stable_core_room_et_all_points,2023,ALL,lag4_passing_yards,209,0.1431072125898607,248
stable_core_room_et_all_points,2023,ALL,missing_combine_broad_jump,210,0.14159646759531028,248
stable_core_room_et_all_points,2023,ALL,lag3_sack_fumbles_lost,211,0.14030180097225547,248
stable_core_room_et_all_points,2023,ALL,lag4_sack_yards_lost,212,0.13941295532519415,248
stable_core_room_et_all_points,2023,ALL,lag4_sacks_suffered,213,0.13864591485874403,248
stable_core_room_et_all_points,2023,ALL,lag4_pass_td_rate,214,0.13722062556374315,248
stable_core_room_et_all_points,2023,ALL,lag4_sack_fumbles,215,0.13572469336187387,248
stable_core_room_et_all_points,2023,ALL,lag4_passing_interceptions,216,0.13383702257665475,248
stable_core_room_et_all_points,2023,ALL,lag4_rushing_40,217,0.13282131885892742,248
stable_core_room_et_all_points,2023,ALL,lag4_completion_rate,218,0.13171348565945146,248
stable_core_room_et_all_points,2023,ALL,combine_bench,219,0.1307029293521769,248
stable_core_room_et_all_points,2023,ALL,missing_combine_bench,220,0.12892711772081897,248
stable_core_room_et_all_points,2023,ALL,lag4_sack_fumbles_lost,221,0.12881239330693656,248
stable_core_room_et_all_points,2023,ALL,lag1_interception_rate,222,0.12859197610504608,248
stable_core_room_et_all_points,2023,ALL,lag4_pass_yards_per_attempt,223,0.12716779731146918,248
stable_core_room_et_all_points,2023,ALL,combine_forty,224,0.12559890634788592,248
stable_core_room_et_all_points,2023,ALL,missing_combine_shuttle,225,0.1162525626632683,248
stable_core_room_et_all_points,2023,ALL,missing_combine_cone,226,0.11349212233566262,248
stable_core_room_et_all_points,2023,ALL,lag3_interception_rate,227,0.11062347323655729,248
stable_core_room_et_all_points,2023,ALL,lag2_interception_rate,228,0.10768256159709161,248
stable_core_room_et_all_points,2023,ALL,missing_years_exp,229,0.10130917671973637,248
stable_core_room_et_all_points,2023,ALL,lag4_interception_rate,230,0.10090590517201997,248
stable_core_room_et_all_points,2023,ALL,room_lag1_nonzero_competitors_attempts,231,0.09907528520611812,248
stable_core_room_et_all_points,2023,ALL,room_lag1_nonzero_competitors_passing_yards,232,0.09683197080062945,248
stable_core_room_et_all_points,2023,ALL,combine_shuttle,233,0.09330716210306773,248
stable_core_room_et_all_points,2023,ALL,combine_cone,234,0.08585623501082529,248
stable_core_room_et_all_points,2023,ALL,missing_age,235,0.07254478139488238,248
stable_core_room_et_all_points,2023,ALL,draft_round,236,0.0693044147718691,248
stable_core_room_et_all_points,2023,ALL,missing_draft_number,237,0.004507981424740447,248
stable_core_room_et_all_points,2023,ALL,missing_height,238,0.004507981424740447,248
stable_core_room_et_all_points,2023,ALL,missing_is_rookie,239,0.004507981424740447,248
stable_core_room_et_all_points,2023,ALL,missing_team_changed,240,0.004507981424740447,248
stable_core_room_et_all_points,2023,ALL,missing_was_drafted,241,0.004507981424740447,248
stable_core_room_et_all_points,2023,ALL,missing_weight,242,0.004507981424740447,248
stable_core_room_et_all_points,2023,ALL,position_QB,243,0.004507981424740447,248
stable_core_room_et_all_points,2023,ALL,position_RB,244,0.004507981424740447,248
stable_core_room_et_all_points,2023,ALL,position_TE,245,0.004507981424740447,248
stable_core_room_et_all_points,2023,ALL,position_WR,246,0.004507981424740447,248
stable_core_room_et_all_points,2023,ALL,weight,247,0.0036351212316505467,248
stable_core_room_et_all_points,2023,ALL,height,248,0.002480619083536441,248
stable_core_room_et_all_points,2024,ALL,lag1_receptions,1,0.5435688207236897,248
stable_core_room_et_all_points,2024,ALL,lag1_receiving_10,2,0.5396869424879442,248
stable_core_room_et_all_points,2024,ALL,lag1_receiving_first_downs,3,0.5371061554675637,248
stable_core_room_et_all_points,2024,ALL,lag1_receiving_yards,4,0.5352946292363582,248
stable_core_room_et_all_points,2024,ALL,lag1_receiving_16,5,0.5310699386091472,248
stable_core_room_et_all_points,2024,ALL,lag1_games,6,0.5181361686923411,248
stable_core_room_et_all_points,2024,ALL,lag1_receiving_20,7,0.5180345155040007,248
stable_core_room_et_all_points,2024,ALL,room_lag1_margin_receptions,8,0.5162923977330401,248
stable_core_room_et_all_points,2024,ALL,room_lag1_margin_receiving_yards,9,0.5006563336389218,248
stable_core_room_et_all_points,2024,ALL,draft_number,10,0.4845129309961328,248
stable_core_room_et_all_points,2024,ALL,lag1_receiving_tds,11,0.4799633997641542,248
stable_core_room_et_all_points,2024,ALL,lag1_carries,12,0.42507336175487453,248
stable_core_room_et_all_points,2024,ALL,lag2_receiving_16,13,0.4181991675059663,248
stable_core_room_et_all_points,2024,ALL,lag2_receiving_10,14,0.4150890417870292,248
stable_core_room_et_all_points,2024,ALL,lag2_receiving_20,15,0.4126844542104513,248
stable_core_room_et_all_points,2024,ALL,lag2_receiving_first_downs,16,0.41262595508675187,248
stable_core_room_et_all_points,2024,ALL,lag2_receptions,17,0.4107066768257267,248
stable_core_room_et_all_points,2024,ALL,lag2_receiving_yards,18,0.407157540230842,248
stable_core_room_et_all_points,2024,ALL,lag1_rushing_first_downs,19,0.39984183594407613,248
stable_core_room_et_all_points,2024,ALL,lag1_receiving_20_rate,20,0.39792678755984245,248
stable_core_room_et_all_points,2024,ALL,lag2_games,21,0.39781407231314286,248
stable_core_room_et_all_points,2024,ALL,lag1_receiving_40,22,0.394970578596306,248
stable_core_room_et_all_points,2024,ALL,lag1_rushing_10,23,0.38944349950215534,248
stable_core_room_et_all_points,2024,ALL,lag1_fumbles_total,24,0.38705277112426417,248
stable_core_room_et_all_points,2024,ALL,lag1_receiving_yards_per_reception,25,0.3831495647440282,248
stable_core_room_et_all_points,2024,ALL,room_lag1_margin_carries,26,0.3827299249203799,248
stable_core_room_et_all_points,2024,ALL,lag1_rushing_yards,27,0.3791736254943356,248
stable_core_room_et_all_points,2024,ALL,lag2_receiving_tds,28,0.37893982986379104,248
stable_core_room_et_all_points,2024,ALL,lag1_rushing_12,29,0.37282047044204064,248
stable_core_room_et_all_points,2024,ALL,lag1_receiving_first_down_rate,30,0.34792055289249096,248
stable_core_room_et_all_points,2024,ALL,room_lag1_margin_rushing_yards,31,0.345688806950961,248
stable_core_room_et_all_points,2024,ALL,lag2_receiving_20_rate,32,0.34435674900023455,248
stable_core_room_et_all_points,2024,ALL,missing_draft_round,33,0.34271012875818396,248
stable_core_room_et_all_points,2024,ALL,lag1_fumbles_lost_total,34,0.3413749821962854,248
stable_core_room_et_all_points,2024,ALL,was_drafted,35,0.34131561916371284,248
stable_core_room_et_all_points,2024,ALL,lag3_receiving_20,36,0.33949816395311294,248
stable_core_room_et_all_points,2024,ALL,lag3_receiving_16,37,0.3388185852725873,248
stable_core_room_et_all_points,2024,ALL,lag2_carries,38,0.3377865229591061,248
stable_core_room_et_all_points,2024,ALL,lag1_rushing_tds,39,0.3364229494692018,248
stable_core_room_et_all_points,2024,ALL,lag3_receiving_10,40,0.334571450933311,248
stable_core_room_et_all_points,2024,ALL,lag3_receiving_first_downs,41,0.3318863899648494,248
stable_core_room_et_all_points,2024,ALL,lag3_games,42,0.3317128185347813,248
stable_core_room_et_all_points,2024,ALL,lag3_receptions,43,0.33097703379053356,248
stable_core_room_et_all_points,2024,ALL,lag2_fumbles_total,44,0.32942321285236137,248
stable_core_room_et_all_points,2024,ALL,lag3_receiving_yards,45,0.3269043349957827,248
stable_core_room_et_all_points,2024,ALL,lag2_receiving_40,46,0.3244678234461253,248
stable_core_room_et_all_points,2024,ALL,lag2_receiving_yards_per_reception,47,0.3225861763526056,248
stable_core_room_et_all_points,2024,ALL,lag3_receiving_tds,48,0.32191766475912936,248
stable_core_room_et_all_points,2024,ALL,lag2_rushing_first_downs,49,0.3186261765492703,248
stable_core_room_et_all_points,2024,ALL,lag1_rushing_20,50,0.3179126590162259,248
stable_core_room_et_all_points,2024,ALL,lag1_rush_yards_per_carry,51,0.31270053405710285,248
stable_core_room_et_all_points,2024,ALL,lag2_rushing_yards,52,0.31081494909768403,248
stable_core_room_et_all_points,2024,ALL,lag2_receiving_first_down_rate,53,0.3096383130978531,248
stable_core_room_et_all_points,2024,ALL,lag2_rushing_10,54,0.3085179144833532,248
stable_core_room_et_all_points,2024,ALL,lag1_rushing_fumbles,55,0.30448761954497444,248
stable_core_room_et_all_points,2024,ALL,room_lag1_other_receptions,56,0.30354368948977917,248
stable_core_room_et_all_points,2024,ALL,lag3_receiving_20_rate,57,0.29892682343707844,248
stable_core_room_et_all_points,2024,ALL,lag2_rushing_12,58,0.2971765109868002,248
stable_core_room_et_all_points,2024,ALL,lag2_fumbles_lost_total,59,0.2952331906465127,248
stable_core_room_et_all_points,2024,ALL,room_lag1_other_receiving_yards,60,0.2949260969155252,248
stable_core_room_et_all_points,2024,ALL,lag3_fumbles_total,61,0.2907864387984426,248
stable_core_room_et_all_points,2024,ALL,lag3_carries,62,0.2860727628495352,248
stable_core_room_et_all_points,2024,ALL,lag1_roster_weeks,63,0.28575478722558173,248
stable_core_room_et_all_points,2024,ALL,lag1_rush_20_rate,64,0.28500255984745193,248
stable_core_room_et_all_points,2024,ALL,lag3_receiving_40,65,0.28414685159288977,248
stable_core_room_et_all_points,2024,ALL,lag1_rush_first_down_rate,66,0.2837410556192183,248
stable_core_room_et_all_points,2024,ALL,lag4_receiving_20,67,0.28218407349886493,248
stable_core_room_et_all_points,2024,ALL,lag4_receiving_16,68,0.28171411693576104,248
stable_core_room_et_all_points,2024,ALL,lag1_receiving_fumbles,69,0.27886073174841947,248
stable_core_room_et_all_points,2024,ALL,lag3_receiving_yards_per_reception,70,0.27824998848640803,248
stable_core_room_et_all_points,2024,ALL,lag4_games,71,0.27720551751894507,248
stable_core_room_et_all_points,2024,ALL,lag4_receiving_10,72,0.27417481205730587,248
stable_core_room_et_all_points,2024,ALL,lag4_receptions,73,0.27322908709208,248
stable_core_room_et_all_points,2024,ALL,lag3_receiving_first_down_rate,74,0.27192819506201626,248
stable_core_room_et_all_points,2024,ALL,lag2_rush_yards_per_carry,75,0.27105951818380664,248
stable_core_room_et_all_points,2024,ALL,lag4_receiving_first_downs,76,0.27059745361018495,248
stable_core_room_et_all_points,2024,ALL,lag4_receiving_yards,77,0.26914406466994645,248
stable_core_room_et_all_points,2024,ALL,lag3_rushing_first_downs,78,0.2683997632322032,248
stable_core_room_et_all_points,2024,ALL,lag2_roster_weeks,79,0.2643294571897144,248
stable_core_room_et_all_points,2024,ALL,lag4_receiving_tds,80,0.2622453107605029,248
stable_core_room_et_all_points,2024,ALL,lag2_rushing_tds,81,0.26100870171277274,248
stable_core_room_et_all_points,2024,ALL,lag3_rushing_10,82,0.26047832938710835,248
stable_core_room_et_all_points,2024,ALL,room_lag1_other_carries,83,0.25980284165601253,248
stable_core_room_et_all_points,2024,ALL,years_exp,84,0.25756949270360396,248
stable_core_room_et_all_points,2024,ALL,lag3_roster_weeks,85,0.2572655974831398,248
stable_core_room_et_all_points,2024,ALL,lag4_receiving_20_rate,86,0.2563728241056872,248
stable_core_room_et_all_points,2024,ALL,lag3_fumbles_lost_total,87,0.255724404874676,248
stable_core_room_et_all_points,2024,ALL,lag3_rushing_yards,88,0.2552703436574213,248
stable_core_room_et_all_points,2024,ALL,lag1_attempts,89,0.2524561773609748,248
stable_core_room_et_all_points,2024,ALL,lag4_fumbles_total,90,0.2522743867818395,248
stable_core_room_et_all_points,2024,ALL,lag3_rushing_12,91,0.24984549042436327,248
stable_core_room_et_all_points,2024,ALL,lag2_rush_first_down_rate,92,0.24971992865385306,248
stable_core_room_et_all_points,2024,ALL,lag2_rushing_20,93,0.249572547734274,248
stable_core_room_et_all_points,2024,ALL,missing_combine_forty,94,0.24908026846812983,248
stable_core_room_et_all_points,2024,ALL,lag1_passing_tds,95,0.24886885144265172,248
stable_core_room_et_all_points,2024,ALL,lag2_receiving_fumbles,96,0.24756055659051507,248
stable_core_room_et_all_points,2024,ALL,lag2_rushing_fumbles,97,0.24577748013623343,248
stable_core_room_et_all_points,2024,ALL,lag1_passing_first_downs,98,0.24498662132014565,248
stable_core_room_et_all_points,2024,ALL,lag1_passing_10,99,0.24487351092846193,248
stable_core_room_et_all_points,2024,ALL,lag1_passing_16,100,0.2443649304788453,248
stable_core_room_et_all_points,2024,ALL,lag4_receiving_40,101,0.24365039271499617,248
stable_core_room_et_all_points,2024,ALL,lag3_history_available,102,0.24358340050837357,248
stable_core_room_et_all_points,2024,ALL,lag2_history_available,103,0.24327012988247815,248
stable_core_room_et_all_points,2024,ALL,lag1_rushing_fumbles_lost,104,0.2430332077588909,248
stable_core_room_et_all_points,2024,ALL,lag1_passing_yards,105,0.24245123149555547,248
stable_core_room_et_all_points,2024,ALL,lag1_history_available,106,0.24243453738733897,248
stable_core_room_et_all_points,2024,ALL,lag1_completions,107,0.24234731738049556,248
stable_core_room_et_all_points,2024,ALL,lag1_passing_20,108,0.24139043258532342,248
stable_core_room_et_all_points,2024,ALL,lag4_receiving_yards_per_reception,109,0.24133052239780206,248
stable_core_room_et_all_points,2024,ALL,lag4_carries,110,0.23968985686377067,248
stable_core_room_et_all_points,2024,ALL,lag1_passing_40,111,0.23603350596121284,248
stable_core_room_et_all_points,2024,ALL,room_lag1_other_rushing_yards,112,0.23436032044878305,248
stable_core_room_et_all_points,2024,ALL,lag4_receiving_first_down_rate,113,0.23435040837771112,248
stable_core_room_et_all_points,2024,ALL,lag4_fumbles_lost_total,114,0.23298145193828831,248
stable_core_room_et_all_points,2024,ALL,lag3_rush_yards_per_carry,115,0.23189339168165776,248
stable_core_room_et_all_points,2024,ALL,lag3_rush_first_down_rate,116,0.22871057696162456,248
stable_core_room_et_all_points,2024,ALL,lag2_rush_20_rate,117,0.22706574943603763,248
stable_core_room_et_all_points,2024,ALL,lag4_roster_weeks,118,0.22641902280999546,248
stable_core_room_et_all_points,2024,ALL,lag4_rushing_first_downs,119,0.2262835394393059,248
stable_core_room_et_all_points,2024,ALL,lag1_sacks_suffered,120,0.22490843278181835,248
stable_core_room_et_all_points,2024,ALL,lag1_sack_yards_lost,121,0.22390147349096626,248
stable_core_room_et_all_points,2024,ALL,lag4_rushing_10,122,0.2207687843655958,248
stable_core_room_et_all_points,2024,ALL,lag1_receiving_fumbles_lost,123,0.2207072481247475,248
stable_core_room_et_all_points,2024,ALL,lag1_passing_interceptions,124,0.22005017588491635,248
stable_core_room_et_all_points,2024,ALL,lag4_history_available,125,0.21795367863166284,248
stable_core_room_et_all_points,2024,ALL,lag1_rushing_40,126,0.2167675254570702,248
stable_core_room_et_all_points,2024,ALL,lag4_rushing_yards,127,0.2164892420167424,248
stable_core_room_et_all_points,2024,ALL,lag3_receiving_fumbles,128,0.21615804474633246,248
stable_core_room_et_all_points,2024,ALL,lag3_rushing_tds,129,0.2143110012979129,248
stable_core_room_et_all_points,2024,ALL,lag4_rushing_12,130,0.21343065040832554,248
stable_core_room_et_all_points,2024,ALL,lag1_pass_td_rate,131,0.2128818946229869,248
stable_core_room_et_all_points,2024,ALL,lag3_rushing_20,132,0.2126903983944472,248
stable_core_room_et_all_points,2024,ALL,lag3_rushing_fumbles,133,0.20897117223972805,248
stable_core_room_et_all_points,2024,ALL,lag1_sack_fumbles,134,0.20811726710447523,248
stable_core_room_et_all_points,2024,ALL,lag1_pass_yards_per_attempt,135,0.20358717663909695,248
stable_core_room_et_all_points,2024,ALL,lag2_attempts,136,0.20323997437372196,248
stable_core_room_et_all_points,2024,ALL,room_lag1_nonzero_competitors_receiving_yards,137,0.20193573932716846,248
stable_core_room_et_all_points,2024,ALL,room_lag1_nonzero_competitors_receptions,138,0.2015631785150159,248
stable_core_room_et_all_points,2024,ALL,lag2_passing_tds,139,0.20154023433135182,248
stable_core_room_et_all_points,2024,ALL,room_lag1_margin_attempts,140,0.2008394948886756,248
stable_core_room_et_all_points,2024,ALL,lag2_rushing_fumbles_lost,141,0.20051210131005884,248
stable_core_room_et_all_points,2024,ALL,lag4_rush_first_down_rate,142,0.1999635328698316,248
stable_core_room_et_all_points,2024,ALL,lag2_receiving_fumbles_lost,143,0.19983572571216723,248
stable_core_room_et_all_points,2024,ALL,lag4_rush_yards_per_carry,144,0.19981140120226398,248
stable_core_room_et_all_points,2024,ALL,lag3_rush_20_rate,145,0.19966255914461228,248
stable_core_room_et_all_points,2024,ALL,room_lag1_margin_passing_yards,146,0.1995479651907174,248
stable_core_room_et_all_points,2024,ALL,lag2_passing_10,147,0.19923527108417619,248
stable_core_room_et_all_points,2024,ALL,lag2_passing_first_downs,148,0.19842639876004742,248
stable_core_room_et_all_points,2024,ALL,lag2_passing_16,149,0.1971496330948245,248
stable_core_room_et_all_points,2024,ALL,lag2_passing_yards,150,0.19655700264238068,248
stable_core_room_et_all_points,2024,ALL,lag4_receiving_fumbles,151,0.19596877088970263,248
stable_core_room_et_all_points,2024,ALL,lag2_completions,152,0.19583177930095605,248
stable_core_room_et_all_points,2024,ALL,lag2_passing_20,153,0.19574687815996086,248
stable_core_room_et_all_points,2024,ALL,is_rookie,154,0.19269432779697573,248
stable_core_room_et_all_points,2024,ALL,lag2_passing_40,155,0.19193601519908401,248
stable_core_room_et_all_points,2024,ALL,lag1_sack_fumbles_lost,156,0.18840710540410419,248
stable_core_room_et_all_points,2024,ALL,lag1_completion_rate,157,0.18799743740009253,248
stable_core_room_et_all_points,2024,ALL,lag2_rushing_40,158,0.1855165091618809,248
stable_core_room_et_all_points,2024,ALL,combine_vertical,159,0.18529458399230594,248
stable_core_room_et_all_points,2024,ALL,lag4_rushing_tds,160,0.18149567230347677,248
stable_core_room_et_all_points,2024,ALL,combine_broad_jump,161,0.18148271694842288,248
stable_core_room_et_all_points,2024,ALL,lag4_rushing_20,162,0.17909283395416992,248
stable_core_room_et_all_points,2024,ALL,lag2_sacks_suffered,163,0.17733256276931422,248
stable_core_room_et_all_points,2024,ALL,room_lag1_nonzero_competitors_carries,164,0.1773229190611969,248
stable_core_room_et_all_points,2024,ALL,lag2_pass_td_rate,165,0.1772939743853509,248
stable_core_room_et_all_points,2024,ALL,room_lag1_nonzero_competitors_rushing_yards,166,0.17674318296619432,248
stable_core_room_et_all_points,2024,ALL,lag2_passing_interceptions,167,0.176163234767507,248
stable_core_room_et_all_points,2024,ALL,lag2_sack_yards_lost,168,0.17614700807323,248
stable_core_room_et_all_points,2024,ALL,lag3_attempts,169,0.17276640780111127,248
stable_core_room_et_all_points,2024,ALL,lag4_rush_20_rate,170,0.17199836462728568,248
stable_core_room_et_all_points,2024,ALL,lag3_rushing_fumbles_lost,171,0.17199042658044425,248
stable_core_room_et_all_points,2024,ALL,lag2_pass_yards_per_attempt,172,0.1719252680794744,248
stable_core_room_et_all_points,2024,ALL,lag3_receiving_fumbles_lost,173,0.17165529277620545,248
stable_core_room_et_all_points,2024,ALL,lag2_sack_fumbles,174,0.17090218309641383,248
stable_core_room_et_all_points,2024,ALL,lag4_rushing_fumbles,175,0.1697136909136587,248
stable_core_room_et_all_points,2024,ALL,room_lag1_other_passing_yards,176,0.16849459434599282,248
stable_core_room_et_all_points,2024,ALL,lag2_completion_rate,177,0.16838736466417734,248
stable_core_room_et_all_points,2024,ALL,lag3_passing_tds,178,0.16562924708837276,248
stable_core_room_et_all_points,2024,ALL,lag3_passing_10,179,0.16421279734583205,248
stable_core_room_et_all_points,2024,ALL,lag3_passing_16,180,0.16401008624039315,248
stable_core_room_et_all_points,2024,ALL,lag3_passing_40,181,0.16366619035002566,248
stable_core_room_et_all_points,2024,ALL,lag3_passing_first_downs,182,0.1635969823980714,248
stable_core_room_et_all_points,2024,ALL,lag3_completions,183,0.16304256692055014,248
stable_core_room_et_all_points,2024,ALL,room_lag1_other_attempts,184,0.16252463058561434,248
stable_core_room_et_all_points,2024,ALL,lag4_receiving_fumbles_lost,185,0.1621238043169534,248
stable_core_room_et_all_points,2024,ALL,lag3_passing_yards,186,0.1618800484103629,248
stable_core_room_et_all_points,2024,ALL,lag3_passing_20,187,0.16126191860139313,248
stable_core_room_et_all_points,2024,ALL,missing_combine_vertical,188,0.16056318575171355,248
stable_core_room_et_all_points,2024,ALL,lag2_sack_fumbles_lost,189,0.15866114869761813,248
stable_core_room_et_all_points,2024,ALL,lag3_rushing_40,190,0.15269982225371548,248
stable_core_room_et_all_points,2024,ALL,missing_combine_broad_jump,191,0.15110261353259286,248
stable_core_room_et_all_points,2024,ALL,lag3_passing_interceptions,192,0.15049363333170493,248
stable_core_room_et_all_points,2024,ALL,lag3_sacks_suffered,193,0.1499895907525136,248
stable_core_room_et_all_points,2024,ALL,age,194,0.1499547880935527,248
stable_core_room_et_all_points,2024,ALL,lag3_sack_yards_lost,195,0.14958902413864808,248
stable_core_room_et_all_points,2024,ALL,lag3_sack_fumbles,196,0.14957128808850467,248
stable_core_room_et_all_points,2024,ALL,lag4_passing_tds,197,0.14805411574266147,248
stable_core_room_et_all_points,2024,ALL,lag4_attempts,198,0.1473940486599627,248
stable_core_room_et_all_points,2024,ALL,room_competitor_count,199,0.147236323178651,248
stable_core_room_et_all_points,2024,ALL,lag3_pass_td_rate,200,0.14654082219184383,248
stable_core_room_et_all_points,2024,ALL,lag4_rushing_fumbles_lost,201,0.14520180331105076,248
stable_core_room_et_all_points,2024,ALL,lag4_passing_10,202,0.14333771160592854,248
stable_core_room_et_all_points,2024,ALL,lag4_passing_first_downs,203,0.14317134663964415,248
stable_core_room_et_all_points,2024,ALL,lag3_pass_yards_per_attempt,204,0.14270693656097647,248
stable_core_room_et_all_points,2024,ALL,lag4_passing_20,205,0.1423861949079677,248
stable_core_room_et_all_points,2024,ALL,lag4_passing_40,206,0.1420280578293415,248
stable_core_room_et_all_points,2024,ALL,lag4_completions,207,0.1417475600366082,248
stable_core_room_et_all_points,2024,ALL,lag4_passing_16,208,0.1416444608853106,248
stable_core_room_et_all_points,2024,ALL,lag3_completion_rate,209,0.14146052553011904,248
stable_core_room_et_all_points,2024,ALL,lag4_passing_yards,210,0.1407920458741242,248
stable_core_room_et_all_points,2024,ALL,lag3_sack_fumbles_lost,211,0.13942206160686568,248
stable_core_room_et_all_points,2024,ALL,lag4_sack_yards_lost,212,0.13486499676731228,248
stable_core_room_et_all_points,2024,ALL,lag4_pass_td_rate,213,0.13474767361752554,248
stable_core_room_et_all_points,2024,ALL,lag4_sacks_suffered,214,0.13435856622320685,248
stable_core_room_et_all_points,2024,ALL,combine_bench,215,0.1341747637807738,248
stable_core_room_et_all_points,2024,ALL,lag4_rushing_40,216,0.133910485786167,248
stable_core_room_et_all_points,2024,ALL,missing_combine_bench,217,0.1326710878216929,248
stable_core_room_et_all_points,2024,ALL,lag4_sack_fumbles,218,0.1316901715920007,248
stable_core_room_et_all_points,2024,ALL,combine_forty,219,0.1306060147455795,248
stable_core_room_et_all_points,2024,ALL,lag4_passing_interceptions,220,0.130213804345221,248
stable_core_room_et_all_points,2024,ALL,lag4_completion_rate,221,0.12963295903197514,248
stable_core_room_et_all_points,2024,ALL,lag4_pass_yards_per_attempt,222,0.12583330885314753,248
stable_core_room_et_all_points,2024,ALL,lag1_interception_rate,223,0.12476978185801103,248
stable_core_room_et_all_points,2024,ALL,lag4_sack_fumbles_lost,224,0.12452309937592161,248
stable_core_room_et_all_points,2024,ALL,missing_combine_shuttle,225,0.12156858316051025,248
stable_core_room_et_all_points,2024,ALL,missing_combine_cone,226,0.11709025143304598,248
stable_core_room_et_all_points,2024,ALL,lag2_interception_rate,227,0.10899656423895866,248
stable_core_room_et_all_points,2024,ALL,lag3_interception_rate,228,0.10709772207256835,248
stable_core_room_et_all_points,2024,ALL,room_lag1_nonzero_competitors_attempts,229,0.10032312191813272,248
stable_core_room_et_all_points,2024,ALL,combine_shuttle,230,0.09934052728781789,248
stable_core_room_et_all_points,2024,ALL,room_lag1_nonzero_competitors_passing_yards,231,0.09888119101697791,248
stable_core_room_et_all_points,2024,ALL,missing_years_exp,232,0.09782544556849833,248
stable_core_room_et_all_points,2024,ALL,lag4_interception_rate,233,0.09708948459278072,248
stable_core_room_et_all_points,2024,ALL,combine_cone,234,0.08895576095970781,248
stable_core_room_et_all_points,2024,ALL,draft_round,235,0.07485758372691882,248
stable_core_room_et_all_points,2024,ALL,missing_age,236,0.07004330059886736,248
stable_core_room_et_all_points,2024,ALL,weight,237,0.0055097908716038625,248
stable_core_room_et_all_points,2024,ALL,height,238,0.004808082450704989,248
stable_core_room_et_all_points,2024,ALL,missing_draft_number,239,0.004501669098149133,248
stable_core_room_et_all_points,2024,ALL,missing_height,240,0.004501669098149133,248
stable_core_room_et_all_points,2024,ALL,missing_is_rookie,241,0.004501669098149133,248
stable_core_room_et_all_points,2024,ALL,missing_team_changed,242,0.004501669098149133,248
stable_core_room_et_all_points,2024,ALL,missing_was_drafted,243,0.004501669098149133,248
stable_core_room_et_all_points,2024,ALL,missing_weight,244,0.004501669098149133,248
stable_core_room_et_all_points,2024,ALL,position_QB,245,0.004501669098149133,248
stable_core_room_et_all_points,2024,ALL,position_RB,246,0.004501669098149133,248
stable_core_room_et_all_points,2024,ALL,position_TE,247,0.004501669098149133,248
stable_core_room_et_all_points,2024,ALL,position_WR,248,0.004501669098149133,248
stable_core_room_et_all_points,2025,ALL,lag1_receptions,1,0.5488429750716284,248
stable_core_room_et_all_points,2025,ALL,lag1_receiving_10,2,0.5459513213266725,248
stable_core_room_et_all_points,2025,ALL,lag1_receiving_first_downs,3,0.5434078937186466,248
stable_core_room_et_all_points,2025,ALL,lag1_receiving_yards,4,0.5412876283017106,248
stable_core_room_et_all_points,2025,ALL,lag1_receiving_16,5,0.5363198866944877,248
stable_core_room_et_all_points,2025,ALL,lag1_games,6,0.5242098442767964,248
stable_core_room_et_all_points,2025,ALL,lag1_receiving_20,7,0.5224431087475859,248
stable_core_room_et_all_points,2025,ALL,room_lag1_margin_receptions,8,0.5211628442921488,248
stable_core_room_et_all_points,2025,ALL,room_lag1_margin_receiving_yards,9,0.5063193790087626,248
stable_core_room_et_all_points,2025,ALL,draft_number,10,0.4915384476013841,248
stable_core_room_et_all_points,2025,ALL,lag1_receiving_tds,11,0.4858493870357133,248
stable_core_room_et_all_points,2025,ALL,lag1_carries,12,0.42833094323438786,248
stable_core_room_et_all_points,2025,ALL,lag2_receiving_16,13,0.41730075359572866,248
stable_core_room_et_all_points,2025,ALL,lag2_receiving_10,14,0.4150612995345193,248
stable_core_room_et_all_points,2025,ALL,lag2_receiving_first_downs,15,0.41190709227835787,248
stable_core_room_et_all_points,2025,ALL,lag2_receiving_20,16,0.41174022441261715,248
stable_core_room_et_all_points,2025,ALL,lag2_receptions,17,0.4101286695513412,248
stable_core_room_et_all_points,2025,ALL,lag2_receiving_yards,18,0.40628728508071865,248
stable_core_room_et_all_points,2025,ALL,lag1_receiving_20_rate,19,0.40257530747616554,248
stable_core_room_et_all_points,2025,ALL,lag1_rushing_first_downs,20,0.40232388463529867,248
stable_core_room_et_all_points,2025,ALL,lag2_games,21,0.39850783937397827,248
stable_core_room_et_all_points,2025,ALL,lag1_receiving_40,22,0.3979492137950187,248
stable_core_room_et_all_points,2025,ALL,lag1_rushing_10,23,0.39021706498995085,248
stable_core_room_et_all_points,2025,ALL,lag1_receiving_yards_per_reception,24,0.3900169006487335,248
stable_core_room_et_all_points,2025,ALL,lag1_fumbles_total,25,0.38734037043726577,248
stable_core_room_et_all_points,2025,ALL,room_lag1_margin_carries,26,0.3848874044708382,248
stable_core_room_et_all_points,2025,ALL,lag1_rushing_yards,27,0.38149793232159274,248
stable_core_room_et_all_points,2025,ALL,lag2_receiving_tds,28,0.38046390313896855,248
stable_core_room_et_all_points,2025,ALL,lag1_rushing_12,29,0.3742893465682228,248
stable_core_room_et_all_points,2025,ALL,lag1_receiving_first_down_rate,30,0.3560125107190018,248
stable_core_room_et_all_points,2025,ALL,missing_draft_round,31,0.3506057327940031,248
stable_core_room_et_all_points,2025,ALL,was_drafted,32,0.3493123784240201,248
stable_core_room_et_all_points,2025,ALL,room_lag1_margin_rushing_yards,33,0.346857481751583,248
stable_core_room_et_all_points,2025,ALL,lag2_receiving_20_rate,34,0.34141796099403304,248
stable_core_room_et_all_points,2025,ALL,lag1_fumbles_lost_total,35,0.3403904224855607,248
stable_core_room_et_all_points,2025,ALL,lag3_receiving_20,36,0.33936490704603,248
stable_core_room_et_all_points,2025,ALL,lag3_receiving_16,37,0.33913521916288736,248
stable_core_room_et_all_points,2025,ALL,lag1_rushing_tds,38,0.3384490260454566,248
stable_core_room_et_all_points,2025,ALL,lag2_carries,39,0.33836253514378134,248
stable_core_room_et_all_points,2025,ALL,lag3_receiving_10,40,0.3345210192312902,248
stable_core_room_et_all_points,2025,ALL,lag3_receiving_first_downs,41,0.3315736955885326,248
stable_core_room_et_all_points,2025,ALL,lag3_games,42,0.33103274262125415,248
stable_core_room_et_all_points,2025,ALL,lag2_fumbles_total,43,0.3300817992788134,248
stable_core_room_et_all_points,2025,ALL,lag3_receptions,44,0.3300433333306371,248
stable_core_room_et_all_points,2025,ALL,lag3_receiving_yards,45,0.3263918655232197,248
stable_core_room_et_all_points,2025,ALL,lag2_receiving_40,46,0.3254781026709384,248
stable_core_room_et_all_points,2025,ALL,lag3_receiving_tds,47,0.32247780912889173,248
stable_core_room_et_all_points,2025,ALL,lag2_receiving_yards_per_reception,48,0.3204472961532154,248
stable_core_room_et_all_points,2025,ALL,lag1_rushing_20,49,0.32029723194807563,248
stable_core_room_et_all_points,2025,ALL,lag2_rushing_first_downs,50,0.3195105276976788,248
stable_core_room_et_all_points,2025,ALL,lag1_rush_yards_per_carry,51,0.3145142132502843,248
stable_core_room_et_all_points,2025,ALL,lag2_rushing_yards,52,0.31071898287422656,248
stable_core_room_et_all_points,2025,ALL,room_lag1_other_receptions,53,0.30964924167563485,248
stable_core_room_et_all_points,2025,ALL,lag2_rushing_10,54,0.3075996406062716,248
stable_core_room_et_all_points,2025,ALL,lag2_receiving_first_down_rate,55,0.3073262099881129,248
stable_core_room_et_all_points,2025,ALL,lag1_rushing_fumbles,56,0.30526095078921395,248
stable_core_room_et_all_points,2025,ALL,room_lag1_other_receiving_yards,57,0.3013885976096634,248
stable_core_room_et_all_points,2025,ALL,lag3_receiving_20_rate,58,0.2978612852397744,248
stable_core_room_et_all_points,2025,ALL,lag2_rushing_12,59,0.29602439694687677,248
stable_core_room_et_all_points,2025,ALL,lag2_fumbles_lost_total,60,0.29542200693759435,248
stable_core_room_et_all_points,2025,ALL,lag3_fumbles_total,61,0.2892671222113669,248
stable_core_room_et_all_points,2025,ALL,lag1_rush_first_down_rate,62,0.28875599338740104,248
stable_core_room_et_all_points,2025,ALL,lag1_rush_20_rate,63,0.2878489225321453,248
stable_core_room_et_all_points,2025,ALL,lag3_carries,64,0.28629239369809495,248
stable_core_room_et_all_points,2025,ALL,lag1_roster_weeks,65,0.28473144587146254,248
stable_core_room_et_all_points,2025,ALL,lag3_receiving_40,66,0.282584384723507,248
stable_core_room_et_all_points,2025,ALL,lag4_receiving_16,67,0.28209500350346156,248
stable_core_room_et_all_points,2025,ALL,lag4_receiving_20,68,0.28208219656700567,248
stable_core_room_et_all_points,2025,ALL,lag1_receiving_fumbles,69,0.2816915576992781,248
stable_core_room_et_all_points,2025,ALL,lag4_games,70,0.2783106576388145,248
stable_core_room_et_all_points,2025,ALL,lag3_receiving_yards_per_reception,71,0.2766392311198822,248
stable_core_room_et_all_points,2025,ALL,lag4_receptions,72,0.2741745373985593,248
stable_core_room_et_all_points,2025,ALL,lag4_receiving_10,73,0.2741313882638841,248
stable_core_room_et_all_points,2025,ALL,lag4_receiving_first_downs,74,0.27140507479244214,248
stable_core_room_et_all_points,2025,ALL,lag2_rush_yards_per_carry,75,0.2710820408249194,248
stable_core_room_et_all_points,2025,ALL,lag3_receiving_first_down_rate,76,0.27067111144343553,248
stable_core_room_et_all_points,2025,ALL,lag4_receiving_yards,77,0.26969837260469653,248
stable_core_room_et_all_points,2025,ALL,lag3_rushing_first_downs,78,0.26805030273957514,248
stable_core_room_et_all_points,2025,ALL,lag2_rushing_tds,79,0.2615319767275395,248
stable_core_room_et_all_points,2025,ALL,lag2_roster_weeks,80,0.26150682052097884,248
stable_core_room_et_all_points,2025,ALL,lag4_receiving_tds,81,0.25990393062510736,248
stable_core_room_et_all_points,2025,ALL,lag3_rushing_10,82,0.25936629076435325,248
stable_core_room_et_all_points,2025,ALL,room_lag1_other_carries,83,0.25883673040366856,248
stable_core_room_et_all_points,2025,ALL,lag4_receiving_20_rate,84,0.25612190908070703,248
stable_core_room_et_all_points,2025,ALL,years_exp,85,0.25610840119180106,248
stable_core_room_et_all_points,2025,ALL,lag3_rushing_yards,86,0.25589012446544196,248
stable_core_room_et_all_points,2025,ALL,lag1_attempts,87,0.2540458625547022,248
stable_core_room_et_all_points,2025,ALL,lag4_fumbles_total,88,0.2535998183688566,248
stable_core_room_et_all_points,2025,ALL,lag3_fumbles_lost_total,89,0.25297372347699104,248
stable_core_room_et_all_points,2025,ALL,lag3_roster_weeks,90,0.2529258789157012,248
stable_core_room_et_all_points,2025,ALL,missing_combine_forty,91,0.25292359906192413,248
stable_core_room_et_all_points,2025,ALL,lag2_rush_first_down_rate,92,0.25162651677461195,248
stable_core_room_et_all_points,2025,ALL,lag2_rushing_20,93,0.2504524958260827,248
stable_core_room_et_all_points,2025,ALL,lag3_rushing_12,94,0.24962298710592631,248
stable_core_room_et_all_points,2025,ALL,lag2_rushing_fumbles,95,0.24958392814125438,248
stable_core_room_et_all_points,2025,ALL,lag1_passing_tds,96,0.24864556714537506,248
stable_core_room_et_all_points,2025,ALL,lag2_receiving_fumbles,97,0.24851226112824523,248
stable_core_room_et_all_points,2025,ALL,lag1_passing_first_downs,98,0.24492556746887342,248
stable_core_room_et_all_points,2025,ALL,lag1_passing_10,99,0.24434460227846796,248
stable_core_room_et_all_points,2025,ALL,lag1_rushing_fumbles_lost,100,0.24373320481941402,248
stable_core_room_et_all_points,2025,ALL,lag1_passing_16,101,0.24351190048794114,248
stable_core_room_et_all_points,2025,ALL,lag1_completions,102,0.2428886116259905,248
stable_core_room_et_all_points,2025,ALL,lag4_receiving_40,103,0.24195688883701702,248
stable_core_room_et_all_points,2025,ALL,lag4_carries,104,0.2417242531566719,248
stable_core_room_et_all_points,2025,ALL,lag1_passing_yards,105,0.24150631300402955,248
stable_core_room_et_all_points,2025,ALL,lag4_receiving_yards_per_reception,106,0.24090653036197426,248
stable_core_room_et_all_points,2025,ALL,lag1_passing_20,107,0.24088822610305108,248
stable_core_room_et_all_points,2025,ALL,lag2_history_available,108,0.2406355508812587,248
stable_core_room_et_all_points,2025,ALL,lag1_history_available,109,0.2404980518685307,248
stable_core_room_et_all_points,2025,ALL,lag3_history_available,110,0.23924362264230073,248
stable_core_room_et_all_points,2025,ALL,lag4_receiving_first_down_rate,111,0.23460460372812705,248
stable_core_room_et_all_points,2025,ALL,lag1_passing_40,112,0.23444415149813436,248
stable_core_room_et_all_points,2025,ALL,lag4_fumbles_lost_total,113,0.2343075979068911,248
stable_core_room_et_all_points,2025,ALL,room_lag1_other_rushing_yards,114,0.233338797259442,248
stable_core_room_et_all_points,2025,ALL,lag3_rush_yards_per_carry,115,0.23137219802607426,248
stable_core_room_et_all_points,2025,ALL,lag4_rushing_first_downs,116,0.22807890630469554,248
stable_core_room_et_all_points,2025,ALL,lag2_rush_20_rate,117,0.22752206053028434,248
stable_core_room_et_all_points,2025,ALL,lag3_rush_first_down_rate,118,0.22691850015636564,248
stable_core_room_et_all_points,2025,ALL,lag4_roster_weeks,119,0.2236744935565688,248
stable_core_room_et_all_points,2025,ALL,lag1_sacks_suffered,120,0.22367273229546836,248
stable_core_room_et_all_points,2025,ALL,lag1_sack_yards_lost,121,0.22283043716242662,248
stable_core_room_et_all_points,2025,ALL,lag1_receiving_fumbles_lost,122,0.22242412642454537,248
stable_core_room_et_all_points,2025,ALL,lag4_rushing_10,123,0.22218968860016142,248
stable_core_room_et_all_points,2025,ALL,lag1_passing_interceptions,124,0.21746569318676778,248
stable_core_room_et_all_points,2025,ALL,lag4_rushing_yards,125,0.21744530751135388,248
stable_core_room_et_all_points,2025,ALL,lag3_rushing_tds,126,0.21643855854756053,248
stable_core_room_et_all_points,2025,ALL,lag3_receiving_fumbles,127,0.2162711372759676,248
stable_core_room_et_all_points,2025,ALL,lag4_history_available,128,0.21603452713238214,248
stable_core_room_et_all_points,2025,ALL,lag1_rushing_40,129,0.21543880760192333,248
stable_core_room_et_all_points,2025,ALL,lag4_rushing_12,130,0.2148765316130987,248
stable_core_room_et_all_points,2025,ALL,lag1_pass_td_rate,131,0.21319515970441563,248
stable_core_room_et_all_points,2025,ALL,lag3_rushing_20,132,0.21237776352256785,248
stable_core_room_et_all_points,2025,ALL,lag3_rushing_fumbles,133,0.20921019037546174,248
stable_core_room_et_all_points,2025,ALL,room_lag1_nonzero_competitors_receptions,134,0.20797890665788774,248
stable_core_room_et_all_points,2025,ALL,room_lag1_nonzero_competitors_receiving_yards,135,0.2079723952087687,248
stable_core_room_et_all_points,2025,ALL,lag1_sack_fumbles,136,0.20545398790450284,248
stable_core_room_et_all_points,2025,ALL,lag2_attempts,137,0.20471101326722635,248
stable_core_room_et_all_points,2025,ALL,lag1_pass_yards_per_attempt,138,0.2022243713614229,248
stable_core_room_et_all_points,2025,ALL,lag2_passing_tds,139,0.20218037396557736,248
stable_core_room_et_all_points,2025,ALL,lag2_rushing_fumbles_lost,140,0.20211970036444174,248
stable_core_room_et_all_points,2025,ALL,lag2_receiving_fumbles_lost,141,0.20203414718132318,248
stable_core_room_et_all_points,2025,ALL,room_lag1_margin_attempts,142,0.20128654452966294,248
stable_core_room_et_all_points,2025,ALL,lag4_rush_first_down_rate,143,0.2012703732582815,248
stable_core_room_et_all_points,2025,ALL,lag2_passing_10,144,0.2006326828691322,248
stable_core_room_et_all_points,2025,ALL,lag4_rush_yards_per_carry,145,0.20041765260251249,248
stable_core_room_et_all_points,2025,ALL,lag2_passing_first_downs,146,0.19951502185805275,248
stable_core_room_et_all_points,2025,ALL,lag2_passing_16,147,0.19878186296336642,248
stable_core_room_et_all_points,2025,ALL,lag3_rush_20_rate,148,0.19875075800254113,248
stable_core_room_et_all_points,2025,ALL,lag2_passing_yards,149,0.19812082240463544,248
stable_core_room_et_all_points,2025,ALL,lag2_completions,150,0.19735865764115207,248
stable_core_room_et_all_points,2025,ALL,room_lag1_margin_passing_yards,151,0.19728626570527175,248
stable_core_room_et_all_points,2025,ALL,lag2_passing_20,152,0.19727387101704175,248
stable_core_room_et_all_points,2025,ALL,lag4_receiving_fumbles,153,0.1944723735571997,248
stable_core_room_et_all_points,2025,ALL,is_rookie,154,0.1930734789954617,248
stable_core_room_et_all_points,2025,ALL,lag2_passing_40,155,0.19293763017436813,248
stable_core_room_et_all_points,2025,ALL,combine_vertical,156,0.19252957442579222,248
stable_core_room_et_all_points,2025,ALL,lag1_completion_rate,157,0.18853738142068413,248
stable_core_room_et_all_points,2025,ALL,combine_broad_jump,158,0.18818487259462346,248
stable_core_room_et_all_points,2025,ALL,lag2_rushing_40,159,0.18791349380143865,248
stable_core_room_et_all_points,2025,ALL,lag4_rushing_tds,160,0.1865404659388451,248
stable_core_room_et_all_points,2025,ALL,lag1_sack_fumbles_lost,161,0.18645741304302424,248
stable_core_room_et_all_points,2025,ALL,lag4_rushing_20,162,0.18193679835292137,248
stable_core_room_et_all_points,2025,ALL,lag2_sacks_suffered,163,0.17913541131255445,248
stable_core_room_et_all_points,2025,ALL,room_lag1_nonzero_competitors_carries,164,0.17876876541131104,248
stable_core_room_et_all_points,2025,ALL,room_lag1_nonzero_competitors_rushing_yards,165,0.17851865455006005,248
stable_core_room_et_all_points,2025,ALL,lag3_attempts,166,0.17828254510049346,248
stable_core_room_et_all_points,2025,ALL,lag2_sack_yards_lost,167,0.17781018924596126,248
stable_core_room_et_all_points,2025,ALL,lag2_pass_td_rate,168,0.17751994169519072,248
stable_core_room_et_all_points,2025,ALL,lag2_passing_interceptions,169,0.17693404347425562,248
stable_core_room_et_all_points,2025,ALL,lag4_rush_20_rate,170,0.17453424077863414,248
stable_core_room_et_all_points,2025,ALL,lag2_pass_yards_per_attempt,171,0.1729215726955895,248
stable_core_room_et_all_points,2025,ALL,lag4_rushing_fumbles,172,0.17270265181770342,248
stable_core_room_et_all_points,2025,ALL,lag3_rushing_fumbles_lost,173,0.17136031488133957,248
stable_core_room_et_all_points,2025,ALL,lag2_sack_fumbles,174,0.17100433760840755,248
stable_core_room_et_all_points,2025,ALL,missing_combine_vertical,175,0.1696823901513825,248
stable_core_room_et_all_points,2025,ALL,lag2_completion_rate,176,0.1694601567815901,248
stable_core_room_et_all_points,2025,ALL,lag3_receiving_fumbles_lost,177,0.16913929734805216,248
stable_core_room_et_all_points,2025,ALL,lag3_passing_tds,178,0.168622986886704,248
stable_core_room_et_all_points,2025,ALL,lag3_passing_10,179,0.16830255576833245,248
stable_core_room_et_all_points,2025,ALL,lag3_passing_first_downs,180,0.16822703043040735,248
stable_core_room_et_all_points,2025,ALL,lag3_passing_16,181,0.1681726463156314,248
stable_core_room_et_all_points,2025,ALL,lag3_completions,182,0.16781728711542054,248
stable_core_room_et_all_points,2025,ALL,lag3_passing_yards,183,0.166703430526608,248
stable_core_room_et_all_points,2025,ALL,lag3_passing_40,184,0.1666613997750234,248
stable_core_room_et_all_points,2025,ALL,lag3_passing_20,185,0.1654169210234797,248
stable_core_room_et_all_points,2025,ALL,room_lag1_other_passing_yards,186,0.16478647690262452,248
stable_core_room_et_all_points,2025,ALL,lag4_receiving_fumbles_lost,187,0.16223156520588586,248
stable_core_room_et_all_points,2025,ALL,room_lag1_other_attempts,188,0.16033963078318952,248
stable_core_room_et_all_points,2025,ALL,missing_combine_broad_jump,189,0.15908616756570523,248
stable_core_room_et_all_points,2025,ALL,lag2_sack_fumbles_lost,190,0.15757653876574726,248
stable_core_room_et_all_points,2025,ALL,lag3_passing_interceptions,191,0.1538722644388758,248
stable_core_room_et_all_points,2025,ALL,lag3_sacks_suffered,192,0.1532199563007451,248
stable_core_room_et_all_points,2025,ALL,lag3_sack_fumbles,193,0.15294330449944524,248
stable_core_room_et_all_points,2025,ALL,lag3_sack_yards_lost,194,0.15281278143948254,248
stable_core_room_et_all_points,2025,ALL,lag3_rushing_40,195,0.15140884125849052,248
stable_core_room_et_all_points,2025,ALL,lag4_passing_tds,196,0.15008688878344983,248
stable_core_room_et_all_points,2025,ALL,lag4_attempts,197,0.14985788633538139,248
stable_core_room_et_all_points,2025,ALL,lag3_pass_td_rate,198,0.14947942108715545,248
stable_core_room_et_all_points,2025,ALL,lag3_pass_yards_per_attempt,199,0.14833354839611326,248
stable_core_room_et_all_points,2025,ALL,lag4_rushing_fumbles_lost,200,0.1472266333823639,248
stable_core_room_et_all_points,2025,ALL,lag3_completion_rate,201,0.146375565394748,248
stable_core_room_et_all_points,2025,ALL,room_competitor_count,202,0.14621658321284642,248
stable_core_room_et_all_points,2025,ALL,lag4_passing_first_downs,203,0.14578936220314065,248
stable_core_room_et_all_points,2025,ALL,lag4_passing_10,204,0.14570529047304953,248
stable_core_room_et_all_points,2025,ALL,lag4_passing_20,205,0.14498925922647024,248
stable_core_room_et_all_points,2025,ALL,lag4_completions,206,0.14445058776229822,248
stable_core_room_et_all_points,2025,ALL,lag4_passing_16,207,0.14444946563690791,248
stable_core_room_et_all_points,2025,ALL,lag4_passing_40,208,0.14432890943391288,248
stable_core_room_et_all_points,2025,ALL,age,209,0.14408694529740365,248
stable_core_room_et_all_points,2025,ALL,lag4_passing_yards,210,0.14347894770257152,248
stable_core_room_et_all_points,2025,ALL,lag3_sack_fumbles_lost,211,0.14175458937059568,248
stable_core_room_et_all_points,2025,ALL,lag4_sack_yards_lost,212,0.13880469845984325,248
stable_core_room_et_all_points,2025,ALL,lag4_sacks_suffered,213,0.1381461539348101,248
stable_core_room_et_all_points,2025,ALL,combine_forty,214,0.13779748649516596,248
stable_core_room_et_all_points,2025,ALL,combine_bench,215,0.13728002346995224,248
stable_core_room_et_all_points,2025,ALL,lag4_pass_td_rate,216,0.13648653573753564,248
stable_core_room_et_all_points,2025,ALL,missing_combine_bench,217,0.1362578997942616,248
stable_core_room_et_all_points,2025,ALL,lag4_rushing_40,218,0.13612527623070178,248
stable_core_room_et_all_points,2025,ALL,lag4_sack_fumbles,219,0.13474522347367132,248
stable_core_room_et_all_points,2025,ALL,lag4_passing_interceptions,220,0.13318183807758632,248
stable_core_room_et_all_points,2025,ALL,lag4_completion_rate,221,0.13157601517048015,248
stable_core_room_et_all_points,2025,ALL,lag4_pass_yards_per_attempt,222,0.12859641095820606,248
stable_core_room_et_all_points,2025,ALL,lag4_sack_fumbles_lost,223,0.12790327098691798,248
stable_core_room_et_all_points,2025,ALL,missing_combine_shuttle,224,0.1256552068041754,248
stable_core_room_et_all_points,2025,ALL,lag1_interception_rate,225,0.12101015817101275,248
stable_core_room_et_all_points,2025,ALL,missing_combine_cone,226,0.11980940713734285,248
stable_core_room_et_all_points,2025,ALL,lag3_interception_rate,227,0.1111382302817555,248
stable_core_room_et_all_points,2025,ALL,lag2_interception_rate,228,0.10774673287704822,248
stable_core_room_et_all_points,2025,ALL,combine_shuttle,229,0.10429411702048304,248
stable_core_room_et_all_points,2025,ALL,room_lag1_nonzero_competitors_attempts,230,0.10051568852293939,248
stable_core_room_et_all_points,2025,ALL,lag4_interception_rate,231,0.09991291349038806,248
stable_core_room_et_all_points,2025,ALL,room_lag1_nonzero_competitors_passing_yards,232,0.09847368306595582,248
stable_core_room_et_all_points,2025,ALL,missing_years_exp,233,0.09466087727582546,248
stable_core_room_et_all_points,2025,ALL,combine_cone,234,0.09197949273986215,248
stable_core_room_et_all_points,2025,ALL,draft_round,235,0.08229942092590309,248
stable_core_room_et_all_points,2025,ALL,missing_age,236,0.07125325563186677,248
stable_core_room_et_all_points,2025,ALL,weight,237,0.00980021398641579,248
stable_core_room_et_all_points,2025,ALL,missing_draft_number,238,0.004479170328332735,248
stable_core_room_et_all_points,2025,ALL,missing_height,239,0.004479170328332735,248
stable_core_room_et_all_points,2025,ALL,missing_is_rookie,240,0.004479170328332735,248
stable_core_room_et_all_points,2025,ALL,missing_team_changed,241,0.004479170328332735,248
stable_core_room_et_all_points,2025,ALL,missing_was_drafted,242,0.004479170328332735,248
stable_core_room_et_all_points,2025,ALL,missing_weight,243,0.004479170328332735,248
stable_core_room_et_all_points,2025,ALL,position_QB,244,0.004479170328332735,248
stable_core_room_et_all_points,2025,ALL,position_RB,245,0.004479170328332735,248
stable_core_room_et_all_points,2025,ALL,position_TE,246,0.004479170328332735,248
stable_core_room_et_all_points,2025,ALL,position_WR,247,0.004479170328332735,248
stable_core_room_et_all_points,2025,ALL,height,248,0.004197597840799669,248
