stage,candidate,kind,tier,estimator,target,position_specific,feature_pool_count,median_selected_feature_count,mean_fold_fit_seconds,spearman,kendall_tau_b,mae,rmse,r2,rank_mae,ndcg_at_roster_cutoff,top_k_recall,calibration_intercept,calibration_slope
discovery,stable_all_et_all_points,model,stable,extra_trees,points,False,305,305.0,2.9579277832526714,0.7156656269320054,0.5508646675346928,32.350387965829185,48.50190638099701,0.6053141666753035,44.33297777777778,0.7786205823394751,0.5636574074074074,-7.438863866686617,1.0337333332855168
discovery,stable_core_room_et_all_points,model,stable,extra_trees,points,False,248,248.0,2.286106483389934,0.7138253076104588,0.5494151134170335,32.31839791834031,48.65573914067628,0.6028065581759836,44.46737777777778,0.7862617877964883,0.5746527777777778,-6.983396674894528,1.028352556043548
discovery,recent_all_et_all_points,model,recent,extra_trees,points,False,373,373.0,1.7938148332759738,0.7101978575595806,0.5459273271230282,32.011751858788415,49.14688007789611,0.594747384024807,44.8128,0.7736639793075725,0.5590277777777778,-5.498542572837485,1.0233395649201116
discovery,stable_core_team_et_all_points,model,stable,extra_trees,points,False,250,250.0,2.4239020665020994,0.7085482298375666,0.5448136476513108,33.17626373700734,48.8081736087735,0.6003139102415251,44.72462222222222,0.7793173307964739,0.5734953703703703,-8.968226163741615,1.040468397123845
discovery,stable_core_et_all_points,model,stable,extra_trees,points,False,229,229.0,2.048643816728145,0.7076723890934128,0.5439785499654267,33.36381927381018,48.969539991538326,0.5976667095853953,44.89617777777778,0.781196742756551,0.5682870370370371,-9.152217223193894,1.0407588049379446
discovery,stable_core_trajectory_et_all_points,model,stable,extra_trees,points,False,265,265.0,2.3471593166080615,0.7060412859563444,0.5423512235872342,33.46725052840554,49.03086206267979,0.5966584355296123,45.00391111111111,0.7813803643180158,0.5659722222222222,-9.290326690619008,1.0442442783415007
discovery,stable_all_et_128_points,model,stable,extra_trees,points,False,305,128.0,1.4117080667832245,0.7018538281889728,0.5383972946688709,33.07365162040497,49.20931120676557,0.5937171478125214,44.81973333333333,0.7705446003079032,0.576388888888889,-8.298275899770983,1.0413734700499633
discovery,stable_all_et_64_signed_log,model,stable,extra_trees,signed_log_points,False,305,64.0,0.8276561833141992,0.7008261229835888,0.5363533763836814,46.429705986938906,88.53431055175999,-0.31509503930585137,44.88195555555556,0.7480642719071259,0.5306712962962963,-42.22550555121371,36.179242305553544
discovery,stable_all_et_64_position_points,model,stable,extra_trees,points,True,305,64.0,1.1319890501132857,0.6993319425648278,0.5349904217353695,32.5468025122534,49.09044473744243,0.5956775524580334,45.36302222222222,0.7652244540856281,0.5538194444444443,-6.545806676029203,1.0175215724380775
discovery,stable_all_hurdle_64_rank,model,stable,hurdle_extra_trees,hurdle_rank,False,305,64.0,1.417650116685157,0.6977444188192742,0.5316188754722003,47.250185324912685,90.08877611921794,-0.3616807383501919,45.39626666666667,0.726270918152672,0.5046296296296297,-60.26081418828217,136.39664810277873
discovery,recent_all_et_128_points,model,recent,extra_trees,points,False,373,128.0,0.7946768831461668,0.697473447293766,0.5340381067624029,32.534630868707865,49.74692096739303,0.584791408138321,45.102044444444445,0.7602221849733269,0.546875,-5.957321345748096,1.0276942270493092
discovery,blend_recent_et_xgb,blend,benchmark,direct,points,False,0,128.0,0.0,0.695208925560728,0.5317366336523304,47.30511195007116,90.23442533711447,-0.36608723745707095,45.309511111111114,0.7425770884175821,0.5190972222222222,-38.37124383567112,171.03336044455654
discovery,blend_recent_three,blend,benchmark,direct,points,False,0,192.0,0.0,0.694764517550508,0.530883585827527,47.30609495750766,90.23500676284435,-0.3661048422863833,45.39591111111111,0.7409564882863725,0.5162037037037037,-38.762575620713974,171.81269883749906
discovery,recent_all_et_64_signed_log,model,recent,extra_trees,signed_log_points,False,373,64.0,0.48037944997971255,0.6944700533740891,0.5304964559108064,46.43045942150148,88.56026998574993,-0.3158663589823105,45.22826666666667,0.7518030671287198,0.5185185185185185,-36.09334013051176,34.7475435523475
discovery,stable_all_et_64_points,model,stable,extra_trees,points,False,305,64.0,0.8340266666685542,0.6940851632537917,0.5312023962374834,33.78003720250059,49.938340295936236,0.581589929117718,45.37244444444445,0.7643274387655747,0.5497685185185185,-9.19284960648232,1.0605105841529443
discovery,stable_all_et_64_rank,model,stable,extra_trees,rank_percentile,False,305,64.0,0.842372949856023,0.6936812160012252,0.5293468994941452,47.37142968580419,90.29582020797542,-0.3679468222386053,45.57244444444444,0.7599087132295143,0.5410879629629629,-88.39973482712115,296.0310260701634
discovery,recent_all_et_64_zero_tie,model,recent,extra_trees,points,False,373,64.0,0.4881511666656782,0.6912347363464875,0.5494717977536228,32.5301556167599,50.61067536306045,0.5702477237366053,42.15235555555556,0.7535332784907437,0.5271990740740741,-3.5268326220407222,1.0036608215114355
discovery,blend_recent_et_hist,blend,benchmark,direct,points,False,0,128.0,0.0,0.689711776003179,0.5264202657644407,47.307097237899995,90.235594222499,-0.3661226299304483,45.766755555555555,0.7348904408170521,0.5017361111111112,-37.997657473197485,170.28936211249263
discovery,recent_all_xgb_64_signed_log,model,recent,xgboost,signed_log_points,False,373,64.0,0.24819711657861868,0.688078521411373,0.5247495420677318,46.46191635896964,88.5759915485235,-0.3163335958556439,45.96568888888889,0.7345815626510482,0.5069444444444445,-37.80367941589258,35.644788462398395
discovery,recent_all_et_64_rank,model,recent,extra_trees,rank_percentile,False,373,64.0,0.4902167667169124,0.6879822966201289,0.5247953921927668,47.36622753793623,90.28918326490987,-0.3677457353778353,45.6784,0.7488100078895791,0.5086805555555556,-85.55162064716409,281.2742450545756
discovery,stable_all_et_32_points,model,stable,extra_trees,points,False,305,32.0,0.5474135666930428,0.686393523627436,0.5244645985224783,34.5570721348792,50.729132953300365,0.568233642922636,45.644622222222225,0.7599671058555136,0.5358796296296297,-9.401869630491062,1.0525450509688008
discovery,recent_all_et_64_points,model,recent,extra_trees,points,False,373,64.0,0.4916574500966817,0.6863881884759806,0.5247496549528029,33.42166887218367,50.559329572286074,0.5711192701866492,45.63324444444444,0.7535332784907437,0.5271990740740741,-6.5977246892445285,1.0295512518400154
discovery,recent_all_et_32_points,model,recent,extra_trees,points,False,373,32.0,0.3399477999967833,0.6815389113913755,0.5211505757951191,34.57093915673387,51.948206375304075,0.5472327195853263,46.16071111111111,0.7598718404949395,0.5329861111111112,-6.388665382296674,1.0107136550082847
discovery,stable_all_et_16_points,model,stable,extra_trees,points,False,305,16.0,0.40276118329105276,0.6766281592141828,0.5173657564245325,35.528818945749194,52.15599214933606,0.543603460474789,46.39342222222222,0.7496066585814022,0.5069444444444445,-9.171135721406436,1.045690397466659
discovery,recent_all_hist_64_signed_log,model,recent,hist_gradient_boosting,signed_log_points,False,373,64.0,0.5131612665330371,0.6743123850369153,0.5115734451996625,46.414921886974085,88.5468646732271,-0.3154680254014468,47.058844444444446,0.7139428779252436,0.4930555555555556,-30.51562241506865,32.92425851875711
discovery,recent_all_ridge_64_rank,model,recent,ridge,rank_percentile,False,373,64.0,0.12145763325194518,0.6655886835341221,0.5005676017623747,47.378117013968996,90.29582565807515,-0.36794698737242393,47.52088888888889,0.7313840937018131,0.48784722222222215,-89.13904129447478,288.3639654645995
discovery,recent_all_et_16_points,model,recent,extra_trees,points,False,373,16.0,0.26835441674726707,0.632260243398069,0.47979041552673274,37.894572053301864,54.58947866732231,0.5000209421047175,49.736533333333334,0.7402294988020414,0.5173611111111112,-8.554475702372764,1.0078758682160074
discovery,previous_points_baseline,benchmark,benchmark,direct,points,False,1,1.0,0.0,0.6094685775685401,0.49148716434651507,31.652956444444445,57.82882998336076,0.43892265735308666,44.04248888888889,0.765091639377301,0.5532407407407408,14.642593941204217,0.7235624630088947
discovery,stable_strict_no_draft_et_64_points,model,stable,extra_trees,points,False,299,64.0,0.8164509166963398,0.5795147311423734,0.4292419462525002,38.99835464795659,54.000816380699774,0.510745790123256,54.4128,0.7591127223054895,0.5619212962962963,-13.257496445135578,1.0720741549497217
discovery,stable_all_et_8_points,model,stable,extra_trees,points,False,305,8.0,0.303639816508318,0.5025461515939905,0.3772654543478869,45.435840289348185,60.66443534841867,0.3825493678968508,56.30862222222222,0.6994431737250718,0.4641203703703704,-15.252065960399074,1.0429580234810683
discovery,negative_control_shuffle_recent_et_64,model,recent,extra_trees,points,False,373,64.0,0.31981358327902853,-0.0531004461319182,-0.04023299011759376,66.33047622015687,80.36206912607562,-0.08351802573788181,93.57937777777778,0.40013692436102444,0.21585648148148148,51.3665698799419,-0.059333052211266786
