candidate,cohort,kind,rows,feature_pool_count,median_selected_feature_count,spearman,kendall_tau_b,mae,rmse,r2,rank_mae,ndcg_at_roster_cutoff,top_k_recall,calibration_intercept,calibration_slope
off_stable_core_et_16,offense,model,6360,228,16.0,0.5335592872042944,0.42280442322952433,35.225243968492904,52.793387649816,0.4950676811360327,60.76682389937107,0.7499480658885452,0.5127314814814815,-6.399579037607653,1.0720109871237227
off_stable_core_et_32,offense,model,6360,228,32.0,0.6515157145698581,0.5121995563476579,31.3960360714733,50.70822200779595,0.5341663320084218,53.912421383647796,0.7440130871069618,0.5150462962962963,-3.001003476782889,1.0629608702034492
off_stable_core_et_64,offense,model,6360,228,64.0,0.6774959975576368,0.5284522909521386,29.61514389508829,48.97374567880429,0.5654890245240672,52.40754716981132,0.7548653616301354,0.5526620370370371,-1.6874424572105613,1.0290811081551665
off_stable_core_et_128,offense,model,6360,228,128.0,0.6814365536714976,0.5301792365137082,29.33562247781915,48.75252536177034,0.5694056355818683,52.50062893081761,0.763348681969466,0.5434027777777778,-1.241058147319268,1.0212463094662532
off_stable_core_et_all,offense,model,6360,228,228.0,0.6988126723300688,0.5452769159401956,27.864465015644484,46.3987435175027,0.6099802966275901,51.097169811320754,0.7746169028172342,0.5543981481481483,-1.8945767539567184,1.0234087454928102
off_stable_core_traj_et_32,offense,model,6360,264,32.0,0.5910409571621668,0.4618818569242367,33.28782535086336,51.52149302182315,0.5191041964579397,59.830345911949685,0.7464182362837616,0.517361111111111,-4.850037593406177,1.0743058233476313
off_stable_core_traj_et_64,offense,model,6360,264,64.0,0.6753565100249649,0.5265743879961864,29.79292750610832,49.131679665226486,0.5626820224708027,52.5937106918239,0.7548045939369619,0.5341435185185185,-2.0013553679033493,1.0405253493017945
off_stable_core_traj_et_128,offense,model,6360,264,128.0,0.6792889669514744,0.5281072599514073,29.427923979802483,48.80680408784206,0.5684462955650589,52.606918238993714,0.7655126341440438,0.5561342592592592,-1.4373848507211506,1.0233645232326416
off_stable_core_traj_et_all,offense,model,6360,264,264.0,0.6970186666482442,0.5437471402936936,27.942490740929166,46.487664736977464,0.6084839517971516,51.254559748427674,0.778167123826884,0.5642361111111112,-1.9175673339049812,1.0239410895691146
off_recent_core_traj_et_32,offense,model,6360,327,32.0,0.5790708680660752,0.45539918476342994,33.659093392368014,52.21259020172495,0.5061164230937831,58.247798742138365,0.7324238398435821,0.5040509259259259,-3.5902680253309924,1.0444714360269765
off_recent_core_traj_et_64,offense,model,6360,327,64.0,0.6554219828952892,0.5130879096979352,30.722897615739036,50.15697329488855,0.5442394293304782,54.28364779874214,0.7396619971585402,0.49247685185185186,-2.3281507063114235,1.0434215223076067
off_recent_core_traj_et_128,offense,model,6360,327,128.0,0.6699415494416773,0.5206663844700704,29.711048124342682,49.40412043535556,0.5578186195156314,52.9372641509434,0.7447546387322278,0.5283564814814815,-1.3713685654116023,1.0338955953356395
off_recent_core_traj_et_all,offense,model,6360,327,327.0,0.691826575453077,0.5386186295088466,28.07777569698776,47.23217152157884,0.5958431596973348,51.51682389937107,0.7504543304643296,0.5318287037037037,-1.6864919429537395,1.0292056669374452
off_recent_core_traj_hist_64,offense,model,6360,327,64.0,0.6330298278010269,0.49178122524156964,31.337745306496625,51.22768245431462,0.5245733468422732,54.947169811320755,0.7287632552637154,0.4890046296296296,0.6344104258963997,0.9746684244438397
off_recent_core_traj_xgb_64,offense,model,6360,327,64.0,0.6406826583242115,0.5004275495275003,31.3465065599142,50.17308981978547,0.5439464907339051,54.721698113207545,0.7528830750221843,0.5121527777777778,-2.0005566521710314,1.0296667522403793
off_recent_core_traj_ridge_64,offense,model,6360,327,64.0,0.6169092852509509,0.4770191618427058,32.72595752037096,51.972288502502835,0.5106520324233961,55.65864779874214,0.7423329257350515,0.49710648148148145,-0.9899369221898435,0.9967227029101329
offense_previous_points_baseline,offense,benchmark,6360,1,1.0,0.6025885977100137,0.4938988081891238,29.251830188679246,55.499513735758626,0.44197653207803766,46.148899371069184,0.7584311344606917,0.545138888888889,11.32554836969281,0.7230909758564078
k_stable_core_et_8,kicker,model,339,164,8.0,0.5600086070861556,0.4133031975567863,40.44023859837608,49.1887068310809,0.32480338137362186,11.52802359882006,0.7521919225676593,0.3888888888888889,-2.102733475180384,0.9706327859774189
k_stable_core_et_16,kicker,model,339,164,16.0,0.5932789866935474,0.441705032759476,38.837043485543816,47.95832649457782,0.35815895185968827,11.28613569321534,0.7889977869903911,0.41666666666666674,-1.3487463248024032,0.9886084724045044
k_stable_core_et_32,kicker,model,339,164,32.0,0.6094241994223614,0.45893929588761334,36.2557324451619,46.34160976915586,0.40070358458501,10.793510324483776,0.7852373177280141,0.375,-0.27021585873335485,0.9953602652194773
k_stable_core_et_all,kicker,model,339,164,164.0,0.6017945559464252,0.4433942444780857,36.396551681410614,46.51059296502827,0.39632498553205886,11.150442477876107,0.7630713814214674,0.375,-1.4874323755221621,0.9913972047676306
k_stable_core_traj_et_16,kicker,model,339,173,16.0,0.5702240236941333,0.41940697061740084,39.261008145644766,48.47488782877568,0.34425788966227355,11.510324483775811,0.7842825264344055,0.4166666666666666,-0.5645090805591184,0.9614267860446353
k_stable_core_traj_et_32,kicker,model,339,173,32.0,0.5913243965100189,0.4386779894435384,37.16100685337822,46.722169251082924,0.3908202686269848,11.200589970501476,0.778308210064459,0.4444444444444444,-2.163683873184014,1.0105816885043848
k_stable_core_traj_et_all,kicker,model,339,173,173.0,0.5826883321328123,0.427830504297739,36.56404065138452,46.690549221719,0.39164453527654586,11.398230088495575,0.7633755091892933,0.375,0.28132819250662716,0.9748370465239423
k_stable_core_traj_hist_32,kicker,model,339,173,32.0,0.5473113124024133,0.40576094678697133,38.80496186319928,49.18002173067102,0.3250417951518785,11.737463126843657,0.7458775134934594,0.3888888888888889,5.856891572965888,0.8796553818092944
k_stable_core_traj_ridge_32,kicker,model,339,173,32.0,0.5951602588027785,0.43932503220073665,38.46599132076477,47.82902452666974,0.36161526232387153,11.206489675516224,0.7912896050204764,0.4305555555555556,-3.5922982275959314,0.9752245060324785
kicker_previous_points_baseline,kicker,benchmark,339,1,1.0,0.5570813186019764,0.41621081355171635,37.42218289085545,53.919539422767905,0.18868072090979415,11.109144542772862,0.7705950632842905,0.40277777777777785,25.108103480422262,0.6003097918503069
