candidate,mean_roc_auc,mean_average_precision,mean_log_loss,mean_brier_score,mean_calibration_intercept,mean_calibration_slope,mean_prevalence,mean_feature_count,folds,selected
age_position_logistic,0.5720795810611279,0.37348469700197506,0.6046923262774593,0.21275505558893287,-0.05726077398080438,0.9599647938454845,0.32523431418805526,7.0,5,False
elastic_16_c0.05,0.7783719531531866,0.6449107879370084,0.5120537971853972,0.16755224575588495,0.014425021884457137,1.0786279598850408,0.32523431418805526,16.0,5,False
elastic_16_c0.2,0.7784267458572747,0.6451242789507766,0.5120000923458712,0.16752629425608012,0.01488317413852297,1.0799380812375785,0.32523431418805526,16.0,5,False
elastic_32_c0.05,0.7932536425065023,0.6569050800676728,0.505786670139846,0.1656807411907744,0.00611919752075738,1.0706377387661692,0.32523431418805526,32.0,5,False
elastic_32_c0.2,0.7974246277726991,0.6650638573723541,0.5054869441484746,0.16565119173898807,0.008476031655434372,1.064467454243093,0.32523431418805526,32.0,5,False
elastic_64_c0.05,0.815327221555148,0.6714480911284207,0.49444616613079867,0.1619343775810914,-0.0062262493486690915,1.051264461191154,0.32523431418805526,64.0,5,False
elastic_64_c0.2,0.8153151214596525,0.6734725454008116,0.49423568517014244,0.1617759056918578,-0.004488317961892835,1.0477212175119273,0.32523431418805526,64.0,5,False
elastic_all_c0.05,0.8325792397985168,0.6925505597367572,0.47307822226617857,0.1541498147736415,0.005393951775358232,1.0077243270201988,0.32523431418805526,500.0,5,False
elastic_all_c0.2,0.8190150168351114,0.6768596112481045,0.5035788299003435,0.1605390317968043,-0.010057588677279374,1.003705458009708,0.32523431418805526,500.0,5,False
extra_trees_16_leaf20,0.7648995967850556,0.6415103310293928,0.5154583928960593,0.16872320868115037,-0.004001873969820821,1.0805359098132195,0.32523431418805526,16.0,5,False
extra_trees_16_leaf50,0.7670119042223066,0.6440798699592756,0.5137588742652893,0.16818818073240052,-0.0010376009581970908,1.0757248663209569,0.32523431418805526,16.0,5,False
extra_trees_32_leaf20,0.8153444322474555,0.6764117057806289,0.4860413060131738,0.15976699024922478,0.0030900742554065275,1.0863574919901633,0.32523431418805526,32.0,5,False
extra_trees_32_leaf50,0.8110300761024861,0.6766210938555258,0.49051734842386974,0.16110414653295171,-0.0009874531945252853,1.070326592932005,0.32523431418805526,32.0,5,False
extra_trees_64_leaf20,0.8329627206985732,0.6949983600551035,0.46605052778995965,0.15232179937785412,0.007525314154109795,1.0880125471567232,0.32523431418805526,64.0,5,False
extra_trees_64_leaf50,0.8318308189136617,0.6939025983809244,0.46788805550982593,0.15325740886771907,0.011231203513184846,1.0714749795935872,0.32523431418805526,64.0,5,False
extra_trees_all_leaf20,0.8423643961478197,0.7136698282682665,0.45247755927384975,0.1477761618144644,0.005397895438403404,1.0718014006008354,0.32523431418805526,500.0,5,True
extra_trees_all_leaf50,0.8422247978189118,0.712889877752972,0.45322210565430304,0.14833136728155163,0.008196078244435872,1.0536435781251294,0.32523431418805526,500.0,5,False
hist_gradient_32_leaves15,0.8089839545844478,0.6639063694249805,0.4954541904604263,0.1630007517892144,0.00702597210555604,1.0906197988317516,0.32523431418805526,32.0,5,False
hist_gradient_32_leaves7,0.8123917560474465,0.6671920977566808,0.4920734529071874,0.16164470959236402,0.015558650232478455,1.077999495628044,0.32523431418805526,32.0,5,False
hist_gradient_64_leaves15,0.8273293385380882,0.6772528864154259,0.4786904353685101,0.156699386788809,0.025163323016976314,1.100983723544585,0.32523431418805526,64.0,5,False
hist_gradient_64_leaves7,0.8298406354058357,0.6847482271078048,0.4745351200826704,0.15494735360840267,0.01607872070237401,1.0774784613427946,0.32523431418805526,64.0,5,False
