candidate,validation_season,base_rows,calibration_rows,validation_rows,feature_count,roc_auc,average_precision,log_loss,brier_score,calibration_intercept,calibration_slope,prevalence
age_position_logistic,2017,2378,801,1136,7,0.5576075598564354,0.3617731875506449,0.6325997745148959,0.22555958261511116,-0.4964040369855361,0.5116074736169561,0.33186619718309857
age_position_logistic,2018,3179,1136,1177,7,0.5836217768118276,0.37854225997405644,0.5924597355122923,0.2069238449428921,-0.03224683338296532,1.0430075667608751,0.3135089209855565
age_position_logistic,2019,4315,1177,1189,7,0.5924294913197503,0.3883963291972405,0.5906349126905224,0.20686803484836402,0.11794485004970544,1.1310264350270145,0.31791421362489486
age_position_logistic,2020,5492,1189,1171,7,0.5556511902419831,0.37034885824773867,0.6117223927419899,0.2147390179509853,0.07670503328681694,1.0732278401424034,0.3339026473099915
age_position_logistic,2021,6681,1171,1225,7,0.5710878870756431,0.36836285004019476,0.5960448159275957,0.20968479758731184,0.0476971171279571,1.040954653680174,0.3289795918367347
elastic_16_c0.05,2017,2378,801,1136,16,0.7725333137626991,0.6336652975310231,0.5309354191106154,0.1741952832631903,-0.055934954840655256,1.2910413255226134,0.33186619718309857
elastic_16_c0.05,2018,3179,1136,1177,16,0.7674910783761303,0.6159034178927025,0.5137007771580056,0.1683377021916939,-0.06589634714425079,1.0031649884851321,0.3135089209855565
elastic_16_c0.05,2019,4315,1177,1189,16,0.7702376059342767,0.6176072999931758,0.5140368536315413,0.16857553143132586,0.02564882654917355,0.9986451928787516,0.31791421362489486
elastic_16_c0.05,2020,5492,1189,1171,16,0.8034149780313464,0.7063629187320206,0.4880716613205609,0.15841769012261805,0.2468866219341692,1.2175348319515764,0.3339026473099915
elastic_16_c0.05,2021,6681,1171,1225,16,0.7781827896614805,0.6510150055361199,0.5135242747062627,0.16823502177059657,-0.078579037076151,0.88275346058713,0.3289795918367347
elastic_16_c0.2,2017,2378,801,1136,16,0.7723725549812507,0.6334532659625471,0.5311509102936033,0.17429096812221195,-0.05251897513146709,1.2985027431675635,0.33186619718309857
elastic_16_c0.2,2018,3179,1136,1177,16,0.7676789020365451,0.6167324329384002,0.5134105367816864,0.1682315553640398,-0.06548217694240482,1.00363032293177,0.3135089209855565
elastic_16_c0.2,2019,4315,1177,1189,16,0.7705311882253928,0.6180015561866583,0.5139418472245217,0.16851922976739547,0.023874638843275533,0.997198301913042,0.31791421362489486
elastic_16_c0.2,2020,5492,1189,1171,16,0.8032641484687522,0.7062837661783958,0.48807066644876346,0.15843545654109625,0.24731007414016606,1.2175950056292906,0.3339026473099915
elastic_16_c0.2,2021,6681,1171,1225,16,0.7782869355744326,0.6511503734878819,0.5134265009807814,0.16815426148565712,-0.07876769021695484,0.8827640325462267,0.3289795918367347
extra_trees_16_leaf20,2017,2378,801,1136,16,0.7285745239268476,0.6226284279354846,0.5439752572439102,0.17935810133857963,-0.13469434234801064,1.2693811403217488,0.33186619718309857
extra_trees_16_leaf20,2018,3179,1136,1177,16,0.7447006895811531,0.607947462290138,0.5223128303209965,0.1713933963592877,-0.07736926276611289,1.02790328548846,0.3135089209855565
extra_trees_16_leaf20,2019,4315,1177,1189,16,0.7697825533830467,0.6068589466904729,0.5135648166279,0.16806268586567202,0.04831686682523638,1.021122258442136,0.31791421362489486
extra_trees_16_leaf20,2020,5492,1189,1171,16,0.8020952193586466,0.7069481978359737,0.48974527253836136,0.1590032096822262,0.20600719961845013,1.1641926503989117,0.3339026473099915
extra_trees_16_leaf20,2021,6681,1171,1225,16,0.7793449976755841,0.6631686203948948,0.5076937877491287,0.16579865015998627,-0.062269831178667065,0.920080214414841,0.3289795918367347
extra_trees_16_leaf50,2017,2378,801,1136,16,0.7336593940791842,0.626238560971517,0.5396358225462442,0.17767157614638263,-0.12389779154677426,1.2546009709738861,0.33186619718309857
extra_trees_16_leaf50,2018,3179,1136,1177,16,0.7533841798814029,0.615918057476736,0.5195944598980609,0.17063033606502462,-0.07341656151946999,1.0253844356969366,0.3135089209855565
extra_trees_16_leaf50,2019,4315,1177,1189,16,0.7695819388174506,0.6119377759572572,0.5117511162744747,0.16757787283917533,0.055319185727326504,1.0295187048421766,0.31791421362489486
extra_trees_16_leaf50,2020,5492,1189,1171,16,0.8007311954882286,0.7067124820584407,0.4883420717169465,0.1584671884850521,0.20723933070699083,1.1644356285961524,0.3339026473099915
extra_trees_16_leaf50,2021,6681,1171,1225,16,0.7777028128452664,0.6595924733324274,0.5094709008907204,0.16659393012636786,-0.07043216815905855,0.9046845914956322,0.3289795918367347
elastic_32_c0.05,2017,2378,801,1136,32,0.7738403525509971,0.6360489704616747,0.5294415534735359,0.17347523853220587,-0.06051168197426753,1.270357833364117,0.33186619718309857
elastic_32_c0.05,2018,3179,1136,1177,32,0.7730704472886314,0.6248074975998181,0.5115356815514943,0.16727562188508385,-0.05665742577616351,1.017139558463489,0.3135089209855565
elastic_32_c0.05,2019,4315,1177,1189,32,0.7733463161946516,0.624960071184175,0.5095740262493311,0.16640833185099638,0.031309828575130046,1.0162070032879842,0.31791421362489486
elastic_32_c0.05,2020,5492,1189,1171,32,0.8391353531379107,0.7280467143244401,0.47891238374752537,0.15609031703724996,0.21792604467824045,1.181339755148631,0.3339026473099915
elastic_32_c0.05,2021,6681,1171,1225,32,0.8068757433603209,0.6706621467682561,0.49946970567734333,0.1651541966483359,-0.10147077789915254,0.8681445435666248,0.3289795918367347
elastic_32_c0.2,2017,2378,801,1136,32,0.7949084898110386,0.6521600269793469,0.5324095774870876,0.17465390396242128,-0.07616187194116919,1.2482097164985206,0.33186619718309857
elastic_32_c0.2,2018,3179,1136,1177,32,0.7929327993774987,0.6421210136708456,0.5103893312161752,0.16712854177431047,-0.02240404263599338,1.011518258536172,0.3135089209855565
elastic_32_c0.2,2019,4315,1177,1189,32,0.7506409880022704,0.6269705334991322,0.5099588512929302,0.16644958994441317,0.02748236665586258,1.0152581697550949,0.31791421362489486
elastic_32_c0.2,2020,5492,1189,1171,32,0.8413666469932455,0.7295218317238253,0.4760418055886967,0.15527891529168641,0.21697801358963742,1.1805880022853643,0.3339026473099915
elastic_32_c0.2,2021,6681,1171,1225,32,0.8072742146794419,0.67454588098862,0.49863515515748325,0.164745007722109,-0.10351430739116556,0.8667631241403126,0.3289795918367347
extra_trees_32_leaf20,2017,2378,801,1136,32,0.8078722876324075,0.6667612349333886,0.5098493315284345,0.16672521440558893,-0.025935761069042006,1.226644017364947,0.33186619718309857
extra_trees_32_leaf20,2018,3179,1136,1177,32,0.7915241219243876,0.642604714832432,0.5077713499076669,0.1663542925006177,-0.16994060520095738,1.0369237853805369,0.3135089209855565
extra_trees_32_leaf20,2019,4315,1177,1189,32,0.8114679766960899,0.6425658447880715,0.4851358754118439,0.15921047428426302,0.07447375276243025,1.0601042573001958,0.31791421362489486
extra_trees_32_leaf20,2020,5492,1189,1171,32,0.8416092858548101,0.7341564903916558,0.4534513568230803,0.14953094293556493,0.16998562611336773,1.1797317900487894,0.3339026473099915
extra_trees_32_leaf20,2021,6681,1171,1225,32,0.8242484891295817,0.6959702439575967,0.47399861639484364,0.1570140271200893,-0.03313264132876596,0.9283836098563469,0.3289795918367347
extra_trees_32_leaf50,2017,2378,801,1136,32,0.7956406412178526,0.667525180157958,0.5181250775920129,0.16949327430161812,-0.061972047059712945,1.2255906491748016,0.33186619718309857
extra_trees_32_leaf50,2018,3179,1136,1177,32,0.7859313370361427,0.645188223748728,0.5091423508348761,0.1671303388344989,-0.14464636133498804,1.0017836223342518,0.3135089209855565
extra_trees_32_leaf50,2019,4315,1177,1189,32,0.8097374721912328,0.6449208288474392,0.48878719530605796,0.16011179191457056,0.08424012523867516,1.0701768639062705,0.31791421362489486
extra_trees_32_leaf50,2020,5492,1189,1171,32,0.8416240409207162,0.7356118212268962,0.45662414798377676,0.15026339863608074,0.166255475028285,1.1566479012617166,0.3339026473099915
extra_trees_32_leaf50,2021,6681,1171,1225,32,0.8222168891464865,0.689859415296608,0.47990797040262506,0.1585219289779902,-0.04881445784488562,0.8974339279829839,0.3289795918367347
elastic_64_c0.05,2017,2378,801,1136,64,0.8079474248889541,0.6562738514791868,0.5157753964413381,0.1689776632641984,-0.06046082623381073,1.2306096706803695,0.33186619718309857
elastic_64_c0.05,2018,3179,1136,1177,64,0.7951346963964688,0.6392834361033677,0.50274281260737,0.16518608170437304,-0.07380635157437096,0.9748994836701301,0.3135089209855565
elastic_64_c0.05,2019,4315,1177,1189,64,0.816488233874177,0.6519459485625514,0.49161933626553606,0.16129718957995712,0.05990582919390233,1.0140639037654098,0.31791421362489486
elastic_64_c0.05,2020,5492,1189,1171,64,0.8460603974031086,0.725028442861389,0.4669042231957398,0.15284485334055048,0.18496559857857098,1.1422909002419737,0.3339026473099915
elastic_64_c0.05,2021,6681,1171,1225,64,0.8110053552130312,0.6847087766356087,0.4951890621440093,0.16136610001637786,-0.14173549670763708,0.8944583475978867,0.3289795918367347
elastic_64_c0.2,2017,2378,801,1136,64,0.8039057394379733,0.6578745693384839,0.5192415475658559,0.17030001418008617,-0.09503721565289924,1.1877730218329274,0.33186619718309857
elastic_64_c0.2,2018,3179,1136,1177,64,0.7947473100968633,0.6431234921696156,0.5029708614705279,0.1655031368036065,-0.04331591877512698,0.9745828744841523,0.3135089209855565
elastic_64_c0.2,2019,4315,1177,1189,64,0.8179985516606972,0.6531891414276965,0.4914801772161324,0.1609823108370901,0.07308088953981531,1.0249372808985682,0.31791421362489486
elastic_64_c0.2,2020,5492,1189,1171,64,0.8465489540297724,0.7231853830546263,0.4651570718379721,0.15218588111620787,0.17436654995383927,1.1344016338231255,0.3339026473099915
elastic_64_c0.2,2021,6681,1171,1225,64,0.8133750520729565,0.6899901410136354,0.49232876776022394,0.1599081855222983,-0.13153589487509254,0.9169112765208632,0.3289795918367347
extra_trees_64_leaf20,2017,2378,801,1136,64,0.8236825643122494,0.6808011743909722,0.48317516080474,0.15814415375543303,-0.019600971469082466,1.1941161710214023,0.33186619718309857
extra_trees_64_leaf20,2018,3179,1136,1177,64,0.805008854543991,0.6547126065903961,0.4933751740618461,0.16094795696658193,-0.17484767243164365,1.0032520179284081,0.3135089209855565
extra_trees_64_leaf20,2019,4315,1177,1189,64,0.8428209343745718,0.685295266090867,0.45664677262038056,0.14920107009676764,0.11300610528877987,1.1630819160024206,0.31791421362489486
extra_trees_64_leaf20,2020,5492,1189,1171,64,0.8472621155485605,0.7322986013284484,0.44810782360158224,0.14742678406328952,0.11708834262431667,1.0755959265775168,0.3339026473099915
extra_trees_64_leaf20,2021,6681,1171,1225,64,0.846039134713493,0.7218841518748339,0.4489477078612491,0.14588903200719855,0.001980766758178549,1.0040167042538688,0.3289795918367347
extra_trees_64_leaf50,2017,2378,801,1136,64,0.8226603481476045,0.6809332374243698,0.4843721530758711,0.1592616337398098,-0.030175872207889053,1.1912567813289494,0.33186619718309857
extra_trees_64_leaf50,2018,3179,1136,1177,64,0.8091024041428532,0.6611314412575104,0.4907559295299199,0.16065053927002607,-0.1366984295991005,0.9858258755228818,0.3135089209855565
extra_trees_64_leaf50,2019,4315,1177,1189,64,0.8389962095264191,0.6750574567150491,0.4618429308062202,0.1509576757598925,0.11281104133019935,1.1466406463153427,0.31791421362489486
extra_trees_64_leaf50,2020,5492,1189,1171,64,0.8483375959079285,0.7383209062140244,0.4470373041264102,0.14702391244647037,0.13225791199921044,1.0830207986717468,0.3339026473099915
extra_trees_64_leaf50,2021,6681,1171,1225,64,0.8400575368435035,0.7140699502936683,0.4554319600107081,0.1483932831223967,-0.02203863395649601,0.950630796129015,0.3289795918367347
elastic_all_c0.05,2017,2378,801,1136,500,0.8192232555051147,0.6861454343087352,0.49273791828533925,0.16012105925207287,-0.05937503830846797,1.0357585489171475,0.33186619718309857
elastic_all_c0.05,2018,3179,1136,1177,500,0.8097379859937214,0.6660063096833598,0.495724809023224,0.15924164347048433,-0.13269363366990186,0.9319018054461297,0.3135089209855565
elastic_all_c0.05,2019,4315,1177,1189,500,0.8299277787563853,0.6742690422046062,0.4714551847910747,0.15466293426784103,0.06566263562151131,1.031850649141553,0.31791421362489486
elastic_all_c0.05,2020,5492,1189,1171,500,0.8566020722670339,0.7397704272522954,0.44657955258017534,0.1458786274001858,0.17281042500541619,1.1801544926196776,0.3339026473099915
elastic_all_c0.05,2021,6681,1171,1225,500,0.8474051064703291,0.6965615852347893,0.4588936466510793,0.15084480947762355,-0.019434629771766514,0.858956138976486,0.3289795918367347
elastic_all_c0.2,2017,2378,801,1136,500,0.7974596617775028,0.6585840274438778,0.5421838394674822,0.16920740477018256,-0.16119507809682584,0.900057926640881,0.33186619718309857
elastic_all_c0.2,2018,3179,1136,1177,500,0.7895704204566798,0.6543626488691753,0.5486850883189864,0.16869549735535264,-0.16368444731856482,0.8832356897398469,0.3135089209855565
elastic_all_c0.2,2019,4315,1177,1189,500,0.8150610977368068,0.6611070307321179,0.4984918594597842,0.16233068619901544,0.1292269227854205,1.1860205232714356,0.31791421362489486
elastic_all_c0.2,2020,5492,1189,1171,500,0.8498442520821038,0.7268755168389969,0.4631691232706835,0.14974977608045517,0.15154282703372965,1.1650928001728718,0.3339026473099915
elastic_all_c0.2,2021,6681,1171,1225,500,0.8431396521224634,0.6833688323563546,0.46536423898478163,0.15271179457901568,-0.006178167790156354,0.8841203502235041,0.3289795918367347
extra_trees_all_leaf20,2017,2378,801,1136,500,0.8389301852570219,0.7146026315136779,0.46827344051905684,0.15231992624202217,-0.039769143218761245,1.2753718505956841,0.33186619718309857
extra_trees_all_leaf20,2018,3179,1136,1177,500,0.8103785988354933,0.6721633685155595,0.4777017514243026,0.15631554794547378,-0.12935424180490823,0.9238870187121815,0.3135089209855565
extra_trees_all_leaf20,2019,4315,1177,1189,500,0.8471349630412516,0.7140062015566415,0.4453896087709171,0.14471777607341493,0.10147548882386005,1.1668331948051767,0.31791421362489486
extra_trees_all_leaf20,2020,5492,1189,1171,500,0.8583841563381206,0.7359243803841128,0.43672182039892676,0.14285328757908608,0.06582080779106186,1.0144809550147125,0.3339026473099915
extra_trees_all_leaf20,2021,6681,1171,1225,500,0.8569940772672112,0.7316525593713408,0.4343011752560453,0.142674271232325,0.028816565600764572,0.9784339838764221,0.3289795918367347
extra_trees_all_leaf50,2017,2378,801,1136,500,0.8465190481682235,0.7088982237505635,0.463158008975444,0.15071728250394303,-0.025481123519302037,1.237857901217375,0.33186619718309857
extra_trees_all_leaf50,2018,3179,1136,1177,500,0.808520486194961,0.6716706969135278,0.47773211571375995,0.15675137929692068,-0.13845152843669584,0.8980197938222342,0.3135089209855565
extra_trees_all_leaf50,2019,4315,1177,1189,500,0.8459622648895151,0.7065540906626285,0.44706515534921226,0.14556286647063071,0.11269544137464871,1.1596390212111476,0.31791421362489486
extra_trees_all_leaf50,2020,5492,1189,1171,500,0.8571611253196931,0.752263776529096,0.43744668863605796,0.14363165397415215,0.08424114828787349,1.0380083336868047,0.3339026473099915
extra_trees_all_leaf50,2021,6681,1171,1225,500,0.8529610645221665,0.7250626009090442,0.4407085595970409,0.14499365416211155,0.007976453515655034,0.9346928406880858,0.3289795918367347
hist_gradient_32_leaves7,2017,2378,801,1136,32,0.7937814309628403,0.6455927797677006,0.5210577639526418,0.17066015292639797,0.015020741572627002,1.262000111507808,0.33186619718309857
hist_gradient_32_leaves7,2018,3179,1136,1177,32,0.7861241916874615,0.6289403332094509,0.5110534848891954,0.16755121450682697,-0.1272837583572697,1.0197577154122417,0.3135089209855565
hist_gradient_32_leaves7,2019,4315,1177,1189,32,0.8156971927008918,0.6449050437943048,0.49126874603573323,0.1609055038591199,0.07264249552181047,1.0544909506439952,0.31791421362489486
hist_gradient_32_leaves7,2020,5492,1189,1171,32,0.8434176011541741,0.7277963115521782,0.4582964574317121,0.1506827594730095,0.1942194004799789,1.1552669431218665,0.3339026473099915
hist_gradient_32_leaves7,2021,6681,1171,1225,32,0.822938363731865,0.6887260204597698,0.47869081222665416,0.15842391719646579,-0.07680562805475441,0.898481757454309,0.3289795918367347
hist_gradient_32_leaves15,2017,2378,801,1136,32,0.7942340018801788,0.6436366305744042,0.524842781521967,0.1717322662189485,-0.0004234500331132565,1.2947326517435727,0.33186619718309857
hist_gradient_32_leaves15,2018,3179,1136,1177,32,0.7770080361694707,0.6274066910419581,0.5195343373608627,0.170151092821899,-0.21339879540553122,1.0119515616314236,0.3135089209855565
hist_gradient_32_leaves15,2019,4315,1177,1189,32,0.8115152760652146,0.6417931468689927,0.4985613209247257,0.16398577225217287,0.09419996891971766,1.0617528351031964,0.31791421362489486
hist_gradient_32_leaves15,2020,5492,1189,1171,32,0.8390173126106629,0.716990362314792,0.46094901128977367,0.15198638959268843,0.19126741887391216,1.1472484449488465,0.3339026473099915
hist_gradient_32_leaves15,2021,6681,1171,1225,32,0.823145146196712,0.6897050163247556,0.4733835012048027,0.15714823806036307,-0.03651528182720514,0.9374135007317193,0.3289795918367347
hist_gradient_64_leaves7,2017,2378,801,1136,64,0.8167909052466774,0.6808429525827226,0.5007158187680703,0.1629028768414273,-0.025586989196802454,1.2602384849551649,0.33186619718309857
hist_gradient_64_leaves7,2018,3179,1136,1177,64,0.8028572674340606,0.6508059786008252,0.49185780397341794,0.16062349340178889,-0.06999211410873858,1.0246085444319164,0.3135089209855565
hist_gradient_64_leaves7,2019,4315,1177,1189,64,0.8369949569086437,0.6566147139896408,0.4701092386933296,0.15382255596794142,0.06497420084592692,1.0874273356394508,0.31791421362489486
hist_gradient_64_leaves7,2020,5492,1189,1171,64,0.847412945111155,0.7220410159623887,0.4572023583056067,0.14994460799080245,0.14196882825512042,1.051051491015082,0.3339026473099915
hist_gradient_64_leaves7,2021,6681,1171,1225,64,0.8451471023286423,0.7134364744034466,0.4527903806729276,0.14744323384005334,-0.03097032228363624,0.9640664506723585,0.3289795918367347
hist_gradient_64_leaves15,2017,2378,801,1136,64,0.805618169936011,0.6613959952076933,0.5117516427881509,0.166844117210395,-0.04746322126119991,1.3296763677071712,0.33186619718309857
hist_gradient_64_leaves15,2018,3179,1136,1177,64,0.7985976951353672,0.6402381177387997,0.5001541467950245,0.16351131507503688,-0.05133484831181684,1.0350635913619992,0.3135089209855565
hist_gradient_64_leaves15,2019,4315,1177,1189,64,0.8388477873681326,0.6552138091649216,0.4718653736141918,0.1546445386513135,0.10386404598450066,1.1309477679617232,0.31791421362489486
hist_gradient_64_leaves15,2020,5492,1189,1171,64,0.8419683257918552,0.7085358179898539,0.4625124578097047,0.1519617403456653,0.10651683607678626,1.0246936444979067,0.3339026473099915
hist_gradient_64_leaves15,2021,6681,1171,1225,64,0.8516147144590752,0.7208806919758615,0.4471685558354784,0.1465352226616343,0.014233802596611392,0.9845372461941251,0.3289795918367347
