seed,pooled_roc_auc,mean_fold_roc_auc
20260814,0.4787080606368653,0.4267113378012274
20260815,0.5257071331632092,0.5461920314609091
20260816,0.5373897642540125,0.5633223006307384
20260817,0.5066043198264524,0.5128047689965946
20260818,0.5385257884836068,0.5600895473664375
20260819,0.5027682075654603,0.5023567888087699
20260820,0.5279798366179176,0.5445998684673558
20260821,0.55650515350475,0.6114969457953883
20260822,0.5207008059064876,0.4982304713910487
20260823,0.5135081036045714,0.5090331352154795
20260824,0.5333970425642289,0.5298189080244351
