target_season,cohort_source_kind,rows,zero_targets,pseudo_ids
2006,draft_or_combine,126,67,40
2006,prior_roster,669,227,0
2007,draft_or_combine,135,70,45
2007,prior_roster,658,217,0
2008,draft_or_combine,142,75,34
2008,prior_roster,659,205,0
2009,draft_or_combine,136,65,27
2009,prior_roster,672,219,0
2010,draft_or_combine,127,53,24
2010,prior_roster,649,204,0
2011,draft_or_combine,134,59,14
2011,prior_roster,655,201,0
2012,draft_or_combine,124,57,16
2012,prior_roster,660,216,0
2013,draft_or_combine,126,62,13
2013,prior_roster,664,214,0
2014,draft_or_combine,136,62,17
2014,prior_roster,665,224,0
2015,draft_or_combine,130,59,27
2015,prior_roster,657,199,0
2016,draft_or_combine,126,54,11
2016,prior_roster,675,223,0
2017,draft_or_combine,140,68,19
2017,prior_roster,996,506,0
2018,draft_or_combine,130,59,21
2018,prior_roster,1047,555,0
2019,draft_or_combine,126,58,11
2019,prior_roster,1063,567,0
2020,draft_or_combine,131,53,12
2020,prior_roster,1040,520,0
2021,draft_or_combine,182,110,78
2021,prior_roster,1043,487,0
2022,draft_or_combine,125,48,16
2022,prior_roster,986,461,0
2023,draft_or_combine,128,53,27
2023,prior_roster,1050,563,0
2024,draft_or_combine,110,38,15
2024,prior_roster,1018,515,0
2025,draft_or_combine,130,50,17
2025,prior_roster,1049,533,0
