candidate,validation_season,rows,fit_seconds,spearman,kendall_tau_b,mae,rmse,r2,rank_mae,ndcg_at_roster_cutoff,top_k_recall,calibration_intercept,calibration_slope
off_stable_core_et_all,2022,1050,4.045682699885219,0.7413259796383777,0.5790681710817288,27.206223073868177,44.35415199424066,0.6438271610259179,45.25809523809524,0.8013030751216974,0.5694444444444444,-2.759214161159604,1.0456385167490545
off_stable_core_et_all,2023,1114,4.494179700035602,0.7441391556524727,0.5897591059801699,25.0136836645459,44.650487858105976,0.6335280746662879,48.86265709156194,0.7860374769896733,0.5659722222222222,-2.3065750758851986,1.0514379021320437
off_stable_core_et_all,2024,1079,6.246666899882257,0.7594998823955557,0.6002551895241952,25.4618090903638,44.282653298885684,0.6670832972174678,47.36329935125116,0.7695556488549108,0.5277777777777778,-2.4713412856210755,1.073878094770783
off_stable_core_et_all,2025,1121,7.798578199930489,0.7588977373862744,0.6021480526291123,23.44695891657854,40.83873230440733,0.6885160789275167,47.64942016057092,0.8011660059030035,0.5972222222222222,-2.18781421529535,1.033499542131114
offense_previous_points_baseline,2022,1050,0.0,0.6330055858052234,0.5171088271896119,28.27184761904762,50.844420826112845,0.5319644447362568,45.39142857142857,0.8158819084096124,0.5868055555555556,8.927046820735947,0.7509926837558735
offense_previous_points_baseline,2023,1114,0.0,0.633229305618009,0.5238350488135404,27.131490125673253,53.945938208470345,0.46505911213292994,47.35368043087971,0.7937792441298565,0.5555555555555556,9.957087276440996,0.7389199241803176
offense_previous_points_baseline,2024,1079,0.0,0.6676128965024636,0.558514949307125,27.485171455050974,54.18791179761496,0.5014908367123889,41.5032437442076,0.7600938075816677,0.5486111111111112,10.44048782185782,0.7657900582359951
offense_previous_points_baseline,2025,1121,0.0,0.6547783874943577,0.5493850991921324,25.895432649420158,51.6850082325965,0.501092184001728,42.08563782337199,0.7701359193125038,0.5277777777777778,9.811833055046149,0.7342449539136999
k_stable_core_et_32,2022,61,0.24437119998037815,0.7706185484260195,0.595949774209419,32.00730569572353,39.28575780919109,0.6066893743640032,8.721311475409836,0.8958171105122518,0.5833333333333334,-17.333390328218112,1.3218726343645966
k_stable_core_et_32,2023,64,0.2284574001096189,0.677157678045715,0.4993936989738702,34.637922588885495,45.069734930695475,0.49573667604278915,11.75,0.7232956818233854,0.25,-7.9145976613738345,1.014550573348646
k_stable_core_et_32,2024,49,0.2350941002368927,0.5360766207948571,0.37305023523069053,41.419894718691445,50.3890653664575,0.2794621034774759,10.714285714285714,0.6893628159417108,0.5,20.003429013943578,0.8198347816097351
k_stable_core_et_32,2025,58,0.2410257998853922,0.518080134262167,0.36057163914412543,44.66019843677699,55.997742210104036,0.21901181405832693,12.827586206896552,0.7923456540568768,0.5,22.06145834207106,0.7725764894469723
kicker_previous_points_baseline,2022,61,0.0,0.71757473577567,0.5348869687659239,28.049180327868854,43.14196922020043,0.5256866605594864,9.885245901639344,0.8497374261774585,0.3333333333333333,16.36115434724035,0.7803743862813087
kicker_previous_points_baseline,2023,64,0.0,0.6646877603810563,0.4997743204569369,29.75,49.40363093943602,0.3940941968904883,10.921875,0.760044042890936,0.25,12.03529238363723,0.7070910435543007
kicker_previous_points_baseline,2024,49,0.0,0.5688368502316006,0.40053285968028424,41.183673469387756,53.35288757176033,0.19220700998447904,10.693877551020408,0.8183049439418674,0.5,34.888026250470794,0.5902436459992785
kicker_previous_points_baseline,2025,58,0.0,0.4469350345545306,0.31825781508401246,46.73103448275862,63.1114722616616,0.007980855442597412,12.982758620689655,0.7750128229774735,0.5833333333333334,38.99053328176699,0.504291588896798
