source_id,source_team,source_player_name,source_position,current_injury_or_designation,current_injury_status,expected_return,evidence_date,source_updated_at_utc,source_url,source_player_url,source_publisher,source_tier,current_injury_listing,source_team_key,player_name_key
14845,BUF,Gabriel Davis,WR,Knee - ACL,Questionable,"Sep 13, 2026",2026-08-14,2026-08-14T12:07:04+00:00,https://api.myfantasyleague.com/2026/export?TYPE=injuries&JSON=1,,MyFantasyLeague,Documented public injury API,True,BUF,gabrieldavis
17516,FA,Aaron Anderson,WR,Undisclosed,Questionable,"Sep 13, 2026",2026-08-14,2026-08-14T12:07:04+00:00,https://api.myfantasyleague.com/2026/export?TYPE=injuries&JSON=1,,MyFantasyLeague,Documented public injury API,True,FA,aaronanderson
16686,FA,Ainias Smith,WR,Undisclosed,Questionable,"Sep 13, 2026",2026-08-14,2026-08-14T12:07:04+00:00,https://api.myfantasyleague.com/2026/export?TYPE=injuries&JSON=1,,MyFantasyLeague,Documented public injury API,True,FA,ainiassmith
16037,FA,Andre Baccellia,WR,Neck,Questionable,"Jul 1, 2026",2026-08-14,2026-08-14T12:07:04+00:00,https://api.myfantasyleague.com/2026/export?TYPE=injuries&JSON=1,,MyFantasyLeague,Documented public injury API,True,FA,andrebaccellia
13919,FA,Anthony Firkser,TE,Leg,Questionable,"Sep 13, 2026",2026-08-14,2026-08-14T12:07:04+00:00,https://api.myfantasyleague.com/2026/export?TYPE=injuries&JSON=1,,MyFantasyLeague,Documented public injury API,True,FA,anthonyfirkser
14852,FA,Antonio Gibson,RB,Knee - ACL,Questionable,"Sep 13, 2026",2026-08-14,2026-08-14T12:07:04+00:00,https://api.myfantasyleague.com/2026/export?TYPE=injuries&JSON=1,,MyFantasyLeague,Documented public injury API,True,FA,antoniogibson
16803,FA,Blake Watson,RB,Undisclosed,Questionable,"Sep 13, 2026",2026-08-14,2026-08-14T12:07:04+00:00,https://api.myfantasyleague.com/2026/export?TYPE=injuries&JSON=1,,MyFantasyLeague,Documented public injury API,True,FA,blakewatson
16623,FA,Brenden Rice,WR,Undisclosed,Questionable,"Sep 13, 2026",2026-08-14,2026-08-14T12:07:04+00:00,https://api.myfantasyleague.com/2026/export?TYPE=injuries&JSON=1,,MyFantasyLeague,Documented public injury API,True,FA,brendenrice
15995,FA,DJ Turner,WR,Undisclosed,Questionable,"Sep 13, 2026",2026-08-14,2026-08-14T12:07:04+00:00,https://api.myfantasyleague.com/2026/export?TYPE=injuries&JSON=1,,MyFantasyLeague,Documented public injury API,True,FA,djturner
17484,FA,Desmond Reid,RB,Undisclosed,Questionable,"Sep 13, 2026",2026-08-14,2026-08-14T12:07:04+00:00,https://api.myfantasyleague.com/2026/export?TYPE=injuries&JSON=1,,MyFantasyLeague,Documented public injury API,True,FA,desmondreid
15263,FA,Elijah Mitchell,RB,Undisclosed,Questionable,"Sep 13, 2026",2026-08-14,2026-08-14T12:07:04+00:00,https://api.myfantasyleague.com/2026/export?TYPE=injuries&JSON=1,,MyFantasyLeague,Documented public injury API,True,FA,elijahmitchell
17513,FA,Eric McAlister,WR,Foot,Questionable,"Sep 13, 2026",2026-08-14,2026-08-14T12:07:04+00:00,https://api.myfantasyleague.com/2026/export?TYPE=injuries&JSON=1,,MyFantasyLeague,Documented public injury API,True,FA,ericmcalister
9694,FA,Graham Gano,K,Neck,Questionable,"Jul 1, 2026",2026-08-14,2026-08-14T12:07:04+00:00,https://api.myfantasyleague.com/2026/export?TYPE=injuries&JSON=1,,MyFantasyLeague,Documented public injury API,True,FA,grahamgano
14875,FA,Harrison Bryant,TE,Undisclosed,Questionable,"Sep 13, 2026",2026-08-14,2026-08-14T12:07:04+00:00,https://api.myfantasyleague.com/2026/export?TYPE=injuries&JSON=1,,MyFantasyLeague,Documented public injury API,True,FA,harrisonbryant
14141,FA,Irv Smith,TE,Ankle,Questionable,"Sep 13, 2026",2026-08-14,2026-08-14T12:07:04+00:00,https://api.myfantasyleague.com/2026/export?TYPE=injuries&JSON=1,,MyFantasyLeague,Documented public injury API,True,FA,irvsmith
17091,FA,Ja'Corey Brooks,WR,Undisclosed,Questionable,"Sep 13, 2026",2026-08-14,2026-08-14T12:07:04+00:00,https://api.myfantasyleague.com/2026/export?TYPE=injuries&JSON=1,,MyFantasyLeague,Documented public injury API,True,FA,jacoreybrooks
13308,FA,Jamal Agnew,WR,Undisclosed,Questionable,"Jul 1, 2026",2026-08-14,2026-08-14T12:07:04+00:00,https://api.myfantasyleague.com/2026/export?TYPE=injuries&JSON=1,,MyFantasyLeague,Documented public injury API,True,FA,jamalagnew
13131,FA,Joe Mixon,RB,Foot,Questionable,"Sep 13, 2026",2026-08-14,2026-08-14T12:07:04+00:00,https://api.myfantasyleague.com/2026/export?TYPE=injuries&JSON=1,,MyFantasyLeague,Documented public injury API,True,FA,joemixon
16748,FA,Keilan Robinson,RB,Undisclosed,Questionable,"Sep 13, 2026",2026-08-14,2026-08-14T12:07:04+00:00,https://api.myfantasyleague.com/2026/export?TYPE=injuries&JSON=1,,MyFantasyLeague,Documented public injury API,True,FA,keilanrobinson
17111,FA,Luke Lachey,TE,Foot,Questionable,"Sep 13, 2026",2026-08-14,2026-08-14T12:07:04+00:00,https://api.myfantasyleague.com/2026/export?TYPE=injuries&JSON=1,,MyFantasyLeague,Documented public injury API,True,FA,lukelachey
16811,FA,Michael Wiley,RB,Undisclosed,Questionable,"Sep 13, 2026",2026-08-14,2026-08-14T12:07:04+00:00,https://api.myfantasyleague.com/2026/export?TYPE=injuries&JSON=1,,MyFantasyLeague,Documented public injury API,True,FA,michaelwiley
17266,FA,Montrell Johnson,RB,Undisclosed,Questionable,"Jul 1, 2026",2026-08-14,2026-08-14T12:07:04+00:00,https://api.myfantasyleague.com/2026/export?TYPE=injuries&JSON=1,,MyFantasyLeague,Documented public injury API,True,FA,montrelljohnson
15254,FA,Najee Harris,RB,Achilles,Questionable,"Sep 13, 2026",2026-08-14,2026-08-14T12:07:04+00:00,https://api.myfantasyleague.com/2026/export?TYPE=injuries&JSON=1,,MyFantasyLeague,Documented public injury API,True,FA,najeeharris
13172,FA,Noah Brown,WR,Ribs,Questionable,"Jul 1, 2026",2026-08-14,2026-08-14T12:07:04+00:00,https://api.myfantasyleague.com/2026/export?TYPE=injuries&JSON=1,,MyFantasyLeague,Documented public injury API,True,FA,noahbrown
17744,FA,RJ Maryland,TE,Hamstring,Questionable,"Sep 13, 2026",2026-08-14,2026-08-14T12:07:04+00:00,https://api.myfantasyleague.com/2026/export?TYPE=injuries&JSON=1,,MyFantasyLeague,Documented public injury API,True,FA,rjmaryland
12801,FA,Tyreek Hill,WR,Knee - ACL,Questionable,"Sep 13, 2026",2026-08-14,2026-08-14T12:07:04+00:00,https://api.myfantasyleague.com/2026/export?TYPE=injuries&JSON=1,,MyFantasyLeague,Documented public injury API,True,FA,tyreekhill
13763,FA,Will Dissly,TE,Undisclosed,Questionable,"Jul 1, 2026",2026-08-14,2026-08-14T12:07:04+00:00,https://api.myfantasyleague.com/2026/export?TYPE=injuries&JSON=1,,MyFantasyLeague,Documented public injury API,True,FA,willdissly
14798,FA,Zack Moss,RB,Neck,Questionable,"Jul 1, 2026",2026-08-14,2026-08-14T12:07:04+00:00,https://api.myfantasyleague.com/2026/export?TYPE=injuries&JSON=1,,MyFantasyLeague,Documented public injury API,True,FA,zackmoss
15925,GBP,John FitzPatrick,TE,Achilles,Questionable,"Sep 13, 2026",2026-08-14,2026-08-14T12:07:04+00:00,https://api.myfantasyleague.com/2026/export?TYPE=injuries&JSON=1,,MyFantasyLeague,Documented public injury API,True,GB,johnfitzpatrick
12447,LVR,Raheem Mostert,RB,Knee,Questionable,"Jul 1, 2026",2026-08-14,2026-08-14T12:07:04+00:00,https://api.myfantasyleague.com/2026/export?TYPE=injuries&JSON=1,,MyFantasyLeague,Documented public injury API,True,LV,raheemmostert
14727,NEP,Craig Reynolds,RB,Undisclosed,Questionable,"Sep 13, 2026",2026-08-14,2026-08-14T12:07:04+00:00,https://api.myfantasyleague.com/2026/export?TYPE=injuries&JSON=1,,MyFantasyLeague,Documented public injury API,True,NE,craigreynolds
16379,NYG,Bryce Ford-Wheaton,WR,Achilles,Questionable,"Sep 13, 2026",2026-08-14,2026-08-14T12:07:04+00:00,https://api.myfantasyleague.com/2026/export?TYPE=injuries&JSON=1,,MyFantasyLeague,Documented public injury API,True,NYG,brycefordwheaton
13168,NYJ,Josh Reynolds,WR,Hip,Questionable,"Sep 13, 2026",2026-08-14,2026-08-14T12:07:04+00:00,https://api.myfantasyleague.com/2026/export?TYPE=injuries&JSON=1,,MyFantasyLeague,Documented public injury API,True,NYJ,joshreynolds
16765,SFO,Tanner McLachlan,TE,Undisclosed,IR,"Feb 15, 2027",2026-08-14,2026-08-14T12:07:04+00:00,https://api.myfantasyleague.com/2026/export?TYPE=injuries&JSON=1,,MyFantasyLeague,Documented public injury API,True,SF,tannermclachlan
14060,WAS,Tyree Jackson,TE,Undisclosed,Questionable,"Jul 1, 2026",2026-08-14,2026-08-14T12:07:04+00:00,https://api.myfantasyleague.com/2026/export?TYPE=injuries&JSON=1,,MyFantasyLeague,Documented public injury API,True,WAS,tyreejackson
