audit_season,predictor,spearman,kendall_tau_b,mae,rmse,r2,rank_mae,ndcg_at_roster_cutoff,top_k_recall,calibration_intercept,calibration_slope
2024,model,0.5127192001112023,0.3646877719755503,43.25420843930562,51.51970985128942,0.22686271349585851,10.36,0.7120502260682176,0.5,-36.95893666863742,1.3162355891594197
2024,previous_points,0.5585256266804479,0.4065902796293889,41.5,56.471762855430676,0.07109245162198352,10.8,0.8112078513601757,0.4166666666666667,44.63211658592247,0.5340457947685268
2024,two_year_recency,0.5366096036466329,0.38533047604963805,41.2012,55.957073976397304,0.08794758927830737,11.1,0.7366977073674467,0.3333333333333333,44.678897452931594,0.558835633888608
2024,cohort_median,0.3402777777777778,0.2838493787181112,45.56,55.78637826566625,0.09350349022652671,11.78,0.5949803488859577,0.4166666666666667,18.663013698630206,0.7246575342465743
2025,model,0.4200988058814341,0.3062167336315671,43.79969081461734,52.54589544867148,0.19827386533185987,10.431818181818182,0.6928683202156777,0.4166666666666667,-9.864613831922968,1.106581374828598
2025,previous_points,0.46575367437112386,0.3297330023852781,46.14545454545455,63.5472909085681,-0.17258012279342094,9.795454545454545,0.8091896022701056,0.5833333333333334,57.53896722245994,0.4348208901652962
2025,two_year_recency,0.431369345224961,0.30276768248636354,45.72727272727273,63.14191422358196,-0.15766774751478807,10.090909090909092,0.7947111579107798,0.5,58.229222982461735,0.4438914614612743
2025,cohort_median,0.2351843603992507,0.19571021498293575,47.33181818181818,58.441493665187764,0.008275458152385284,10.818181818181818,0.6020091003546538,0.3333333333333333,43.83840477005036,0.5229069937930695
combined,model,0.4664090029963182,0.3354522528035587,43.50954061498345,52.00257305542493,0.21607498129857927,10.393617021276595,0.7024592731419477,0.45833333333333337,-23.634266663546317,1.211511183758108
combined,previous_points,0.5121396505257859,0.3681616410073335,43.674468085106376,59.887870401915244,-0.03968696567571195,10.329787234042554,0.8101987268151407,0.5,50.36735129199095,0.4898586532029819
combined,two_year_recency,0.483989474435797,0.34404907926800077,43.31978723404256,59.42842691449871,-0.023795764454662693,10.627659574468085,0.7657044326391133,0.41666666666666663,50.86881549384704,0.5051225639809286
combined,cohort_median,0.28773106908851426,0.23977979685052347,46.389361702127665,57.04458502654799,0.05669158253571094,11.329787234042554,0.5984947246203058,0.375,29.921805458255626,0.6345700237049479
