iteration,omitted_atom,feature_atom_count,selected_atoms,mean_spearman,mean_mae,spearman_loss_from_full,mae_ratio_to_full,paired_spearman_standard_error,within_one_paired_se,spearman_loss_within_0_01,mae_within_two_percent,passes_compact_rule
1,pat_att,6,"pat_made,fg_att,fg_made_40_49,fg_made_50_59,games,fg_made_30_39",0.5027409233304059,45.95151103049434,0.01555374806125187,0.9954757918983839,0.022552066187018768,True,False,True,False
1,pat_made,6,"pat_att,fg_att,fg_made_40_49,fg_made_50_59,games,fg_made_30_39",0.49789339353371115,45.97271429541516,0.020401277857946598,0.9959351312424999,0.02455929638358586,True,False,True,False
1,fg_att,6,"pat_att,pat_made,fg_made_40_49,fg_made_50_59,games,fg_made_30_39",0.5162658871274692,45.8385594508931,0.00202878426418851,0.9930288524914274,0.031317338774354095,True,True,True,True
1,fg_made_40_49,6,"pat_att,pat_made,fg_att,fg_made_50_59,games,fg_made_30_39",0.5028818546035366,45.870048995568155,0.01541281678812112,0.9937110298283405,0.04454649371836345,True,False,True,False
1,fg_made_50_59,6,"pat_att,pat_made,fg_att,fg_made_40_49,games,fg_made_30_39",0.5118009634476892,45.86655237475691,0.00649370794396853,0.9936352803852213,0.026758695247274176,True,True,True,True
1,games,6,"pat_att,pat_made,fg_att,fg_made_40_49,fg_made_50_59,fg_made_30_39",0.5068900242194976,45.745325553511556,0.011404647172160165,0.9910090693385714,0.03367539226512443,True,False,True,False
1,fg_made_30_39,6,"pat_att,pat_made,fg_att,fg_made_40_49,fg_made_50_59,games",0.5063408573301307,45.867873862672404,0.011953814061527068,0.993663908589162,0.02978715224738362,True,False,True,False
2,pat_att,5,"pat_made,fg_made_40_49,fg_made_50_59,games,fg_made_30_39",0.5133724080936773,45.97749325477257,0.0049222632979804,0.9960386607727391,0.0210642518822663,True,True,True,True
2,pat_made,5,"pat_att,fg_made_40_49,fg_made_50_59,games,fg_made_30_39",0.5055512691125587,46.00751030828286,0.012743402279099092,0.9966889386296257,0.023402531931417805,True,False,True,False
2,fg_made_40_49,5,"pat_att,pat_made,fg_made_50_59,games,fg_made_30_39",0.49770933260292405,45.916841230364206,0.020585338788733698,0.9947247187352707,0.043173318310475106,True,False,True,False
2,fg_made_50_59,5,"pat_att,pat_made,fg_made_40_49,games,fg_made_30_39",0.5115032277762737,45.91660446743319,0.006791443615384085,0.9947195895945534,0.023351567173947527,True,True,True,True
2,games,5,"pat_att,pat_made,fg_made_40_49,fg_made_50_59,fg_made_30_39",0.5064469574405207,45.74112021074458,0.01184771395113704,0.9909179664166592,0.0319807963082475,True,False,True,False
2,fg_made_30_39,5,"pat_att,pat_made,fg_made_40_49,fg_made_50_59,games",0.5117019696844702,45.880174477847625,0.006592701707187509,0.9939303843667325,0.02711792596217782,True,True,True,True
3,pat_made,4,"fg_made_40_49,fg_made_50_59,games,fg_made_30_39",0.47749008859342007,46.311999996098095,0.040804582798237676,1.0032852856551155,0.020539960638035093,False,False,True,False
3,fg_made_40_49,4,"pat_made,fg_made_50_59,games,fg_made_30_39",0.49796460008604626,45.97796951433101,0.020330071305611486,0.996048978275917,0.035311384756232946,True,False,True,False
3,fg_made_50_59,4,"pat_made,fg_made_40_49,games,fg_made_30_39",0.5086615308271236,45.959455119127156,0.009633140564534126,0.9956478895671073,0.01924316630927134,True,True,True,True
3,games,4,"pat_made,fg_made_40_49,fg_made_50_59,fg_made_30_39",0.5103066699245663,45.83378189045004,0.007988001467091443,0.9929253532667285,0.018323725515423144,True,True,True,True
3,fg_made_30_39,4,"pat_made,fg_made_40_49,fg_made_50_59,games",0.5110350528375823,45.94585194536679,0.00725961855407542,0.9953531956632997,0.021073498276029633,True,True,True,True
4,pat_made,3,"fg_made_40_49,fg_made_50_59,games",0.47360339958384545,46.39180933648643,0.044691271807812294,1.005014244388839,0.013119031632613392,False,False,True,False
4,fg_made_40_49,3,"pat_made,fg_made_50_59,games",0.49668023147290263,46.05143062418672,0.021614439918755113,0.9976404113945977,0.03957853349146389,True,False,True,False
4,fg_made_50_59,3,"pat_made,fg_made_40_49,games",0.5091051676920546,45.91864137874281,0.009189503699603141,0.994763716454661,0.018560092004821793,True,True,True,True
4,games,3,"pat_made,fg_made_40_49,fg_made_50_59",0.5083711682574686,45.87823152337388,0.009923503134189104,0.9938882929512382,0.019945544878922396,True,True,True,True
5,pat_made,2,"fg_made_40_49,games",0.4798424900014524,46.0536113230106,0.03845218139020534,0.9976876532118939,0.006929430096040021,False,False,True,False
5,fg_made_40_49,2,"pat_made,games",0.5123738506222486,46.031627055506966,0.005920820769409141,0.9972113945293892,0.03910953341801102,True,True,True,True
5,games,2,"pat_made,fg_made_40_49",0.5168993608501901,45.828908850854226,0.001395310541467687,0.9928197856185312,0.011250607629862908,True,True,True,True
6,pat_made,1,fg_made_40_49,0.47456095214467625,45.841042693586196,0.043733719246981495,0.9930826485022863,0.023260469953959098,False,False,True,False
6,fg_made_40_49,1,pat_made,0.5088989909057068,45.895045473757484,0.009395680485950964,0.9942525438800478,0.025234416028294453,True,True,True,True
