atom,mean_within_position_season_spearman,season_position_groups,exploratory_t_test_p,benjamini_hochberg_q
games,0.5918905058393433,16,5.212199371553783e-16,8.339518994486052e-15
targets,0.5317910116636466,16,3.1520428837758506e-09,1.4409338897261032e-08
receptions,0.5248037895308578,16,1.2774316832423782e-08,4.552185867239887e-08
receiving_yards_after_catch,0.5174136552993555,16,3.065158163815212e-08,8.553702914921255e-08
receiving_yards,0.4953257216605831,16,4.51282770514731e-07,9.02565541029462e-07
carries,0.49299630518646653,16,3.036743223094053e-10,1.9435156627801938e-09
active_roster_weeks,0.48422913616517127,16,8.990884266068143e-14,9.590276550472685e-13
receiving_tds,0.46881777435092026,15,1.947042058533124e-07,4.450381848075712e-07
was_drafted,0.43691629353138184,16,6.9136947066960825e-12,5.530955765356866e-11
rushing_yards,0.4321277464792913,16,3.2076385930954704e-08,8.553702914921255e-08
fumbles_lost_total,0.383910812992726,16,2.2220689851688777e-08,7.110620752540409e-08
rushing_tds,0.3710644679529683,16,5.966784138133819e-06,1.0607616245571235e-05
receiving_air_yards,0.3515519252177559,16,0.0004067096988101636,0.0005915777437238743
passing_tds,0.3330415655001374,10,0.004293658322651857,0.005088780234254053
combine_vertical,0.2936074068216377,16,4.0523722158323123e-07,8.645060727108933e-07
combine_broad_jump,0.2851240532252248,16,3.65200538328809e-08,8.989551712709144e-08
passing_yards,0.26972561352662766,13,0.0028631878442574024,0.0035323668531233557
attempts,0.2690144867075514,14,0.001407393204425469,0.001876524272567292
completions,0.26901274476043646,13,0.0028700480681627264,0.0035323668531233557
sacks_suffered,0.255841148142048,12,0.009232043956337806,0.010187082986303787
passing_interceptions,0.25338062328461025,10,0.02511350785681776,0.026787741713938943
years_exp,0.2318645426706188,16,2.0430134566473593e-09,1.0896071768785916e-08
combine_forty,0.20353525619926163,16,6.3565126123948525e-06,1.0705705452454489e-05
combine_bench,0.19190546077399093,15,0.0007456334555744536,0.0010374030686253267
combine_shuttle,0.1895704507636874,16,5.765162394662235e-06,1.0607616245571235e-05
combine_cone,0.155210845943013,16,0.00011367282733342711,0.00017321573688903178
age,0.11629808244121173,16,3.133848108900027e-05,5.0141569742400434e-05
weight,0.04707557036151781,16,0.006665659843280782,0.0076178969637494655
team_changed,0.03132252019266221,16,0.11922471684175902,0.1230706754495577
height,-0.028760138180445535,16,0.17241038669258185,0.17241038669258185
is_rookie,-0.17616636387781096,16,1.2803022751612182e-08,4.552185867239887e-08
draft_number,-0.5606216767793574,16,7.981257016989374e-18,2.5540022454365997e-16
