spec_id,family,parameters,tier,training_window,feature_atom_count,spearman,kendall_tau_b,mae,rmse,r2,rank_mae,ndcg_at_roster_cutoff,top_k_recall,selected_atoms,mean_spearman,mean_mae,spearman_loss_from_full,mae_ratio_to_full,paired_spearman_standard_error,within_one_paired_se,spearman_loss_within_0_01,mae_within_two_percent,passes_compact_rule,selected_by_compact_rule
extra_trees_02,extra_trees,"{""max_depth"": 12, ""max_features"": 1.0, ""min_samples_leaf"": 5}",base,all,32,0.7432472103965381,0.5729347613678638,31.43524358039552,47.56880227123884,0.6346291307454626,41.24302427497912,0.8091199716310485,0.5850694444444444,"draft_number,receiving_yards,receptions,rushing_yards,passing_tds,games,carries,passing_yards,receiving_tds,receiving_yards_after_catch,age,rushing_tds,active_roster_weeks,receiving_air_yards,was_drafted,is_rookie,targets,passing_interceptions,sacks_suffered,fumbles_lost_total,years_exp,completions,combine_forty,team_changed,combine_bench,attempts,combine_vertical,combine_cone,height,combine_broad_jump,combine_shuttle,weight",0.743247210396538,31.435243580395518,0.0,1.0,0.0,True,True,True,True,False
extra_trees_02,extra_trees,"{""max_depth"": 12, ""max_features"": 1.0, ""min_samples_leaf"": 5}",base,all,14,0.739556202563125,0.5692535260713961,31.455442914802454,47.64915862326745,0.6333817754330033,41.534508511268086,0.8144897232707667,0.6024305555555556,"draft_number,receiving_yards,receptions,rushing_yards,passing_tds,games,carries,passing_yards,receiving_tds,receiving_yards_after_catch,age,rushing_tds,active_roster_weeks,receiving_air_yards",0.7395562025631252,31.455442914802454,0.003691007833412807,1.0006425696799606,0.002690719348271992,False,True,True,True,False
extra_trees_02,extra_trees,"{""max_depth"": 12, ""max_features"": 1.0, ""min_samples_leaf"": 5}",base,all,13,0.7388599348766268,0.5686416349651082,31.467449361969663,47.69341521237445,0.6327010264218755,41.506392464268814,0.8065245664666016,0.5798611111111112,"draft_number,receiving_yards,receptions,rushing_yards,passing_tds,games,carries,passing_yards,receiving_tds,receiving_yards_after_catch,age,rushing_tds,active_roster_weeks",0.7388599348766268,31.467449361969663,0.004387275519911138,1.001024511914208,0.0020237580198322076,False,True,True,True,False
extra_trees_02,extra_trees,"{""max_depth"": 12, ""max_features"": 1.0, ""min_samples_leaf"": 5}",base,all,15,0.7386969669921346,0.5687239026385454,31.404493346156272,47.62199236830759,0.6338088562462133,41.51006719383287,0.8144291875071695,0.6059027777777778,"draft_number,receiving_yards,receptions,rushing_yards,passing_tds,games,carries,passing_yards,receiving_tds,receiving_yards_after_catch,age,rushing_tds,active_roster_weeks,receiving_air_yards,was_drafted",0.7386969669921346,31.404493346156272,0.0045502434044033535,0.9990217911256007,0.0018304850693562867,False,True,True,True,False
extra_trees_02,extra_trees,"{""max_depth"": 12, ""max_features"": 1.0, ""min_samples_leaf"": 5}",base,all,11,0.7386773831628053,0.5687355815402644,31.737759540687172,47.87631165687894,0.6299116464388611,41.519054630512116,0.8117743598626296,0.5928819444444444,"draft_number,receiving_yards,receptions,rushing_yards,passing_tds,games,carries,passing_yards,receiving_tds,receiving_yards_after_catch,age",0.7386773831628053,31.737759540687172,0.004569827233732671,1.0096234648068805,0.0022829581494759215,False,True,True,True,True
extra_trees_02,extra_trees,"{""max_depth"": 12, ""max_features"": 1.0, ""min_samples_leaf"": 5}",base,all,12,0.7385506828190006,0.5683635724109142,31.672245240509728,47.77302478242075,0.631480244894504,41.56788109128841,0.8167530298413883,0.5920138888888888,"draft_number,receiving_yards,receptions,rushing_yards,passing_tds,games,carries,passing_yards,receiving_tds,receiving_yards_after_catch,age,rushing_tds",0.7385506828190006,31.672245240509724,0.004696527577537357,1.0075393613384314,0.002035107200863309,False,True,True,True,False
extra_trees_02,extra_trees,"{""max_depth"": 12, ""max_features"": 1.0, ""min_samples_leaf"": 5}",base,all,8,0.7349400000566366,0.574900786126362,32.25049347373828,48.56586557801055,0.6191326659651597,41.694890943537885,0.8037300660938572,0.5729166666666667,"draft_number,receiving_yards,receptions,rushing_yards,passing_tds,games,carries,passing_yards",0.7349400000566365,32.25049347373828,0.00830721033990145,1.0259342635999547,0.0022279578995486,False,True,False,False,False
extra_trees_02,extra_trees,"{""max_depth"": 12, ""max_features"": 1.0, ""min_samples_leaf"": 5}",base,all,9,0.7348204862637137,0.5751476584599009,32.11929077741794,48.3888094886535,0.6218603800742587,41.67277729446916,0.8051173556325739,0.5668402777777778,"draft_number,receiving_yards,receptions,rushing_yards,passing_tds,games,carries,passing_yards,receiving_tds",0.7348204862637137,32.11929077741794,0.008426724132824304,1.0217605184217189,0.00331545893478741,False,True,False,False,False
extra_trees_02,extra_trees,"{""max_depth"": 12, ""max_features"": 1.0, ""min_samples_leaf"": 5}",base,all,6,0.734344572945425,0.5745199078456232,32.237340556507746,48.686456306793936,0.617246704107948,41.71260001584021,0.7988980790132273,0.5694444444444444,"draft_number,receiving_yards,receptions,rushing_yards,passing_tds,games",0.7343445729454251,32.237340556507746,0.00890263745111286,1.0255158505153894,0.002480941958783479,False,True,False,False,False
extra_trees_02,extra_trees,"{""max_depth"": 12, ""max_features"": 1.0, ""min_samples_leaf"": 5}",base,all,7,0.7335225644129975,0.5734063869130662,32.25866283098351,48.66356140002139,0.6176163800499824,41.73867674801703,0.8040364101487761,0.5850694444444444,"draft_number,receiving_yards,receptions,rushing_yards,passing_tds,games,carries",0.7335225644129973,32.25866283098351,0.009724645983540614,1.0261941425229328,0.0023056957744223157,False,True,False,False,False
extra_trees_02,extra_trees,"{""max_depth"": 12, ""max_features"": 1.0, ""min_samples_leaf"": 5}",base,all,10,0.733244119110501,0.5732696876288892,32.124776047158605,48.43266437214458,0.6212459280406653,41.71730240783338,0.8033601441614906,0.5685763888888888,"draft_number,receiving_yards,receptions,rushing_yards,passing_tds,games,carries,passing_yards,receiving_tds,receiving_yards_after_catch",0.733244119110501,32.124776047158605,0.010003091286036936,1.0219350126872602,0.002542635090100608,False,False,False,False,False
extra_trees_02,extra_trees,"{""max_depth"": 12, ""max_features"": 1.0, ""min_samples_leaf"": 5}",base,all,5,0.7321712490319052,0.5731938435256422,32.46872541467454,48.954460173950096,0.6130122455152389,41.58287266315615,0.7999537105587913,0.5729166666666667,"draft_number,receiving_yards,receptions,rushing_yards,passing_tds",0.7321712490319051,32.46872541467454,0.011075961364632847,1.032876533360904,0.0033081693809871244,False,False,False,False,False
extra_trees_02,extra_trees,"{""max_depth"": 12, ""max_features"": 1.0, ""min_samples_leaf"": 5}",base,all,4,0.7253204074488693,0.5655494767053877,33.25953245618341,50.38114084593783,0.5898905962829866,41.49947549857544,0.7855259499305974,0.5651041666666667,"draft_number,receiving_yards,receptions,rushing_yards",0.7253204074488693,33.25953245618341,0.017926802947668685,1.0580332349301598,0.005742358127053588,False,False,False,False,False
extra_trees_02,extra_trees,"{""max_depth"": 12, ""max_features"": 1.0, ""min_samples_leaf"": 5}",base,all,2,0.6909271643011188,0.5352603219726709,35.46515922054391,53.668323899257416,0.534916000375167,42.31172509709537,0.726318346940322,0.4965277777777778,"draft_number,receiving_yards",0.6909271643011188,35.46515922054392,0.05232004609541918,1.1281973727940713,0.006411728087159221,False,False,False,False,False
extra_trees_02,extra_trees,"{""max_depth"": 12, ""max_features"": 1.0, ""min_samples_leaf"": 5}",base,all,3,0.6901630289768935,0.534436652494809,35.460501534582804,53.793102241147054,0.5326902774977553,42.33360758050806,0.7296564810717957,0.5017361111111112,"draft_number,receiving_yards,receptions",0.6901630289768935,35.460501534582804,0.05308418141964444,1.128049205150668,0.004601887160275276,False,False,False,False,False
extra_trees_02,extra_trees,"{""max_depth"": 12, ""max_features"": 1.0, ""min_samples_leaf"": 5}",base,all,1,0.5699574908240832,0.4372253607421232,45.31263575812315,62.557632542510774,0.3680822696972689,51.862744301957974,0.6172152268011724,0.3723958333333333,draft_number,0.5699574908240832,45.31263575812314,0.17328971957245476,1.4414596674664297,0.006665531595969755,False,False,False,False,False
