atom_set,selected_atoms,feature_atom_count,model_column_count,scope,rows,spearman,kendall_tau_b,mae,rmse,r2,rank_mae,ndcg_at_roster_cutoff,top_k_recall,calibration_intercept,calibration_slope
selected,"draft_number,receiving_yards,rushing_yards,passing_tds,age",5,24,combined,1932,0.7574565586795353,0.5916947656953888,29.461687135420792,46.00708060400479,0.654090596187691,41.85041407867495,0.7939964304154803,0.5746527777777778,-6.072914612642643,1.0401831730344564
selected,"draft_number,receiving_yards,rushing_yards,passing_tds,age",5,24,QB,257,0.7561346113306328,0.5860895983845178,41.24946998909839,62.260714160450455,0.6635375843411062,19.132295719844358,0.7871604154961878,0.5416666666666667,-6.659624686643258,1.0564561968172481
selected,"draft_number,receiving_yards,rushing_yards,passing_tds,age",5,24,RB,458,0.7070797900673143,0.5387385353685934,35.24915867334847,53.40122010172133,0.598720361481645,37.76637554585153,0.7811810701314308,0.6458333333333333,-10.005645101223543,1.1400629187960534
selected,"draft_number,receiving_yards,rushing_yards,passing_tds,age",5,24,TE,412,0.8019254972677006,0.6406700846045632,20.141698087860206,31.355463811151633,0.6756200994341952,27.553398058252426,0.8160689276305906,0.5,-5.6460719576036,1.1085231856735491
selected,"draft_number,receiving_yards,rushing_yards,passing_tds,age",5,24,WR,805,0.7646863360524938,0.6012808444238804,27.17561673769278,41.43390362034421,0.6648271879359835,58.74409937888199,0.7915753084037119,0.6111111111111112,-4.921499054921753,0.9668233774631657
top_15,"draft_number,receiving_yards,receptions,rushing_yards,passing_tds,games,carries,passing_yards,receiving_tds,receiving_yards_after_catch,age,rushing_tds,active_roster_weeks,receiving_air_yards,was_drafted",15,70,combined,1932,0.7590115372392672,0.5934128009215567,29.16570770879657,45.978590972219585,0.6545188685379979,41.61904761904762,0.7832634098746065,0.5885416666666666,-5.490089598255285,1.0312990995596962
top_15,"draft_number,receiving_yards,receptions,rushing_yards,passing_tds,games,carries,passing_yards,receiving_tds,receiving_yards_after_catch,age,rushing_tds,active_roster_weeks,receiving_air_yards,was_drafted",15,70,QB,257,0.7453851126294392,0.5793998714245963,40.95826628004096,62.800419751736875,0.657679068047021,19.268482490272373,0.7896371995794513,0.5416666666666667,-5.742165013536283,1.0364257119111393
top_15,"draft_number,receiving_yards,receptions,rushing_yards,passing_tds,games,carries,passing_yards,receiving_tds,receiving_yards_after_catch,age,rushing_tds,active_roster_weeks,receiving_air_yards,was_drafted",15,70,RB,458,0.7180219645850794,0.5500076275315114,34.863473553308154,53.04171672602009,0.6041050995816213,36.9410480349345,0.7773966647668937,0.6875,-11.26984125658348,1.1661395278664743
top_15,"draft_number,receiving_yards,receptions,rushing_yards,passing_tds,games,carries,passing_yards,receiving_tds,receiving_yards_after_catch,age,rushing_tds,active_roster_weeks,receiving_air_yards,was_drafted",15,70,TE,412,0.8103160406235763,0.6454233995387303,20.391949197565864,31.821439527528693,0.6659071954109277,27.37135922330097,0.7747407074257415,0.5,-4.019785367458391,1.0608525962003645
top_15,"draft_number,receiving_yards,receptions,rushing_yards,passing_tds,games,carries,passing_yards,receiving_tds,receiving_yards_after_catch,age,rushing_tds,active_roster_weeks,receiving_air_yards,was_drafted",15,70,WR,805,0.7623230311189735,0.5988203051913885,26.649588698897116,41.17808944804117,0.6689531457297986,58.70807453416149,0.7912790677263398,0.625,-4.119766492301705,0.9588396584986953
all,"age,years_exp,height,weight,draft_number,was_drafted,is_rookie,team_changed,combine_forty,combine_bench,combine_vertical,combine_broad_jump,combine_cone,combine_shuttle,games,active_roster_weeks,completions,attempts,passing_yards,passing_tds,passing_interceptions,sacks_suffered,carries,rushing_yards,rushing_tds,receptions,targets,receiving_yards,receiving_tds,receiving_air_yards,receiving_yards_after_catch,fumbles_lost_total",32,117,combined,1932,0.7693591829029933,0.6034181539470398,28.832466744267325,45.29664791362016,0.6646910502239322,40.97929606625259,0.7853182545502788,0.5763888888888888,-6.003291391873563,1.0350410269985557
all,"age,years_exp,height,weight,draft_number,was_drafted,is_rookie,team_changed,combine_forty,combine_bench,combine_vertical,combine_broad_jump,combine_cone,combine_shuttle,games,active_roster_weeks,completions,attempts,passing_yards,passing_tds,passing_interceptions,sacks_suffered,carries,rushing_yards,rushing_tds,receptions,targets,receiving_yards,receiving_tds,receiving_air_yards,receiving_yards_after_catch,fumbles_lost_total",32,117,QB,257,0.7564813160102486,0.591013400246654,39.495479225629204,60.31370012211826,0.6842522187231257,18.75875486381323,0.8103309889763741,0.5416666666666667,-8.096615647491959,1.0605570838666085
all,"age,years_exp,height,weight,draft_number,was_drafted,is_rookie,team_changed,combine_forty,combine_bench,combine_vertical,combine_broad_jump,combine_cone,combine_shuttle,games,active_roster_weeks,completions,attempts,passing_yards,passing_tds,passing_interceptions,sacks_suffered,carries,rushing_yards,rushing_tds,receptions,targets,receiving_yards,receiving_tds,receiving_air_yards,receiving_yards_after_catch,fumbles_lost_total",32,117,RB,458,0.7354118331842205,0.5664838779941144,34.61603608802675,52.60662831639755,0.6105733224645974,36.03930131004367,0.7741100167088804,0.6666666666666666,-11.015355206297262,1.1602544800225372
all,"age,years_exp,height,weight,draft_number,was_drafted,is_rookie,team_changed,combine_forty,combine_bench,combine_vertical,combine_broad_jump,combine_cone,combine_shuttle,games,active_roster_weeks,completions,attempts,passing_yards,passing_tds,passing_interceptions,sacks_suffered,carries,rushing_yards,rushing_tds,receptions,targets,receiving_yards,receiving_tds,receiving_air_yards,receiving_yards_after_catch,fumbles_lost_total",32,117,TE,412,0.8170854993642559,0.6519267036300035,20.26588355368609,31.74773855940751,0.6674529739263984,27.04126213592233,0.7758736538117484,0.5,-3.9446945847807493,1.0479505054858176
all,"age,years_exp,height,weight,draft_number,was_drafted,is_rookie,team_changed,combine_forty,combine_bench,combine_vertical,combine_broad_jump,combine_cone,combine_shuttle,games,active_roster_weeks,completions,attempts,passing_yards,passing_tds,passing_interceptions,sacks_suffered,carries,rushing_yards,rushing_tds,receptions,targets,receiving_yards,receiving_tds,receiving_air_yards,receiving_yards_after_catch,fumbles_lost_total",32,117,WR,805,0.7684580830532486,0.6042486339173875,26.52211060435136,40.89667789084968,0.6734624409557655,58.017391304347825,0.7809583587041125,0.5972222222222223,-4.46822669855401,0.9590479526636433
