consensus_rank,feature,consensus_score,rank_rf,rank_xg,rank_mi,rank_f_test,rank_l1,score_rf,score_xg,score_mi,score_f_test,score_l1,methods_top_10,methods_top_25
1,lag1_games,1.5769597045079877,1.0,1.0,6.0,1.0,1.0,0.12017743929268128,0.058917246758937836,0.087722364914532,2036.089625344115,1694.3387847749934,5,5
2,lag1_receiving_yards_after_catch,0.6483788802885178,2.0,3.0,4.0,4.0,2.5,0.08624539432264007,0.028010044246912003,0.09196324320264115,1519.6430382255721,1199.4999999999998,5,5
3,lag1_receiving_yards,0.5277631628042895,6.0,15.0,1.0,6.0,8.5,0.02463340002463779,0.007220867555588484,0.0941622886760416,1433.4334579725898,674.5284195658234,4,5
4,lag1_receptions,0.4876552786378057,9.0,156.0,2.0,3.0,2.5,0.015237351802307378,0.0024281416554003954,0.09207203956487531,1549.3525314138633,1199.4999999999998,4,4
5,lag1_offense_snaps,0.36903009229842826,7.0,32.0,15.0,2.0,4.0,0.020675819425340327,0.00534815015271306,0.07953619167626447,1564.4298890347504,1069.0555002914275,3,4
6,missing_draft_number,0.29492745502645157,22.0,2.0,47.0,30.5,6.0,0.007825662309089555,0.03074389509856701,0.04665710401157086,763.0960439690487,849.180968368773,2,3
7,lag1_targets,0.20161806834860288,34.0,93.0,3.0,5.0,194.5,0.005201924989329075,0.0031299067195504904,0.092006514322591,1515.7390506791132,14.139329774349083,2,2
8,lag1_receiving_16,0.18944712441383757,12.0,5.0,11.0,12.0,20.0,0.011298131406974466,0.014771240763366222,0.08419489727229768,1236.3812512523818,239.331714680517,1,5
9,draft_number,0.18257419793429736,4.0,6.0,35.0,274.0,31.5,0.03645483317648273,0.014073306694626808,0.07160071247505573,28.890709593621917,169.4338784774993,2,2
10,lag1_receiving_10,0.1614884203123066,28.0,27.0,5.0,7.0,26.5,0.006383609489922707,0.005726216826587915,0.08774057136797775,1375.942549252865,190.10793843571042,2,2
11,age,0.1555525082311197,3.0,18.0,105.0,122.0,264.0,0.04896364156826638,0.006795418914407492,0.020929368802972803,195.79677104181425,7.951129442610829,1,2
12,lag1_receiving_yards_per_target,0.1378239390543379,14.0,19.0,13.0,19.0,8.5,0.010879087567043817,0.006679906044155359,0.08303616473201636,1062.5219475987637,674.5284195658234,1,5
13,lag1_late6_receiving_yards_after_catch,0.1265591345778525,25.0,8.0,33.0,11.0,20.0,0.006718795653166215,0.011388178914785385,0.07181161234150202,1240.3450015471385,239.331714680517,1,4
14,is_rookie,0.12455978726711575,36.0,4.0,240.0,384.0,26.5,0.005039163178879947,0.022030437365174294,0.006493157586596299,7.356971465880906,190.10793843571042,1,1
15,weight,0.10421140171691393,5.0,50.0,102.0,130.0,26.5,0.026068630033473136,0.003916326444596052,0.022033200641391693,173.73285811665855,190.10793843571042,1,1
16,lag1_receiving_first_downs,0.10172034287118725,43.0,96.0,8.0,8.0,291.0,0.004194894527447215,0.0030750997830182314,0.08620334491596093,1373.700094764128,6.212779877737839,2,2
17,missing_draft_round,0.10123588779387513,21.0,391.5,57.0,30.5,6.0,0.007949418280804298,0.0,0.039353086417001304,763.0960439690487,849.180968368773,1,2
18,draft_round,0.10013610848750566,8.0,10.0,41.0,192.0,99.0,0.019204758193211928,0.010510683059692383,0.06232525792219512,75.85394801727819,37.93152053371973,2,2
19,was_drafted,0.09890311386447195,23.0,391.5,59.0,32.0,6.0,0.006995166596277664,0.0,0.03882871675106725,763.0955498004917,849.180968368773,1,2
20,lag1_catch_rate,0.09424952240524698,26.0,81.0,25.0,16.0,10.0,0.00653173970600011,0.0033547459170222282,0.07519272214136152,1125.0705444837456,477.52955107891955,1,3
21,lag1_receiving_tds,0.0828957275081132,99.0,20.0,40.0,17.0,13.0,0.001990133382082182,0.006509162485599518,0.06464817124425704,1091.5047377903934,338.06503260517115,0,3
22,lag1_late6_receiving_yards,0.07842597950046491,45.0,122.0,26.0,13.0,15.0,0.004149959579818177,0.0027257143519818783,0.07484947276714826,1236.3443487312065,268.5346005712722,0,2
23,lag1_late6_receptions,0.07314296825603696,69.0,169.0,12.0,10.0,450.5,0.002856353341962118,0.0023148434702306986,0.08416897841073534,1356.8794839715706,0.0,1,2
24,lag1_late6_receiving_air_yards,0.0719153596859356,39.0,46.0,9.0,23.0,450.5,0.004488867669901074,0.004059930797666311,0.08487928820817858,890.3304891922662,0.0,1,2
25,lag1_pat_made,0.07151884157093343,202.0,7.0,442.0,323.0,31.5,0.0006349175346450831,0.012343752197921276,0.0,13.973629962999029,169.4338784774993,1,1
26,lag1_history_available,0.06971526016657581,86.0,13.0,352.0,395.0,11.5,0.0022993124563961483,0.008207347244024277,0.001659468909367634,5.965780955909674,379.3152053371969,0,2
27,lag1_late6_targets,0.06881005581485193,67.0,56.0,23.0,9.0,450.5,0.002903205573295127,0.0038081335369497538,0.0760838289650212,1366.8309828953948,0.0,1,2
28,lag1_receiving_first_down_rate,0.06684974161304275,32.0,155.0,17.0,20.0,26.5,0.0053519278424387,0.0024393091443926096,0.07921646779170466,1011.5153506380261,190.10793843571042,0,2
29,lag1_receiving_yards_per_reception,0.06620346128040488,29.0,28.0,19.0,18.0,291.0,0.006296724534523673,0.005545184947550297,0.07858343970668313,1077.1763429270063,6.212779877737839,0,2
30,lag2_offense_snaps,0.06347418760609094,30.0,37.0,81.0,35.0,15.0,0.0060670229294999154,0.005058063194155693,0.030114848150499807,709.6903141064306,268.5346005712722,0,1
31,lag1_receiving_yards_after_catch_per_reception,0.0628650408777471,24.0,125.0,16.0,24.0,49.0,0.0068775435560944785,0.002667767461389303,0.07941718208918092,842.8611159879589,86.3262964764882,0,3
32,lag1_pat_att,0.05967153676291956,119.0,9.0,335.0,322.0,34.5,0.0015911899058858978,0.011018378660082817,0.0023735051942395113,14.044663515940693,151.0081031447103,1,1
33,years_exp,0.05876150639259467,17.0,26.0,442.0,248.0,20.0,0.009530912730702985,0.00583779439330101,0.0,38.22503660500697,239.331714680517,0,2
34,lag1_late6_mean_delta_receptions,0.058193107116544324,60.0,202.0,7.0,361.0,254.5,0.003494091661419862,0.002073473995551467,0.08646968854144932,9.978682264332807,8.632629647648828,1,1
35,combine_forty,0.05738741530487923,10.0,47.0,93.0,80.0,126.5,0.015194669088099523,0.003965231589972973,0.02616266627467545,283.5182450155236,29.638580179687338,1,1
36,missing_age,0.05655243990184191,216.0,29.0,104.0,79.0,11.5,0.0005842685671569611,0.0054929219186306,0.021370942512204838,306.8280956047765,379.3152053371969,0,1
37,lag1_receiving_20,0.052562001989581,87.0,38.0,27.0,15.0,341.0,0.0022699839160431907,0.005019356496632099,0.07439690221981077,1165.6182727893677,3.217893606438029,0,1
38,lag2_receiving_yards_after_catch,0.04997294582043128,40.0,40.0,45.0,27.0,39.5,0.004373631908857311,0.004841134883463383,0.04781409142413939,801.0134839406287,110.48058535685333,0,0
39,height,0.048343479368264726,11.0,52.0,129.0,139.0,322.5,0.013132397942393924,0.003908216487616301,0.015688319975176057,162.8020009658881,4.11826736192925,0,1
40,lag1_late6_rushing_first_downs,0.04775827648159073,166.0,11.0,96.0,69.0,284.0,0.0008770019984757266,0.008720571175217628,0.025000683270565593,368.3832356098998,6.74528419565824,0,1
41,lag1_receiving_40,0.04755034613799958,195.0,24.0,46.0,37.0,31.5,0.0006575136780453142,0.006007547955960035,0.04734806065038932,688.9071476505156,169.4338784774993,0,1
42,lag1_late6_mean_delta_receiving_yards_after_catch,0.04686158191400051,38.0,248.0,10.0,417.0,309.5,0.0048328844459129515,0.001545651233755052,0.0844067056032296,4.23693722736578,4.854484395936331,1,1
43,lag1_rushing_first_downs,0.04671708705594705,58.0,14.0,79.0,54.0,274.0,0.0035248974333731546,0.007507595233619213,0.03073408651087295,427.05726495558406,7.323430054754105,0,1
44,injury_lag2_injury_report_weeks,0.04605226364823034,80.0,142.0,64.0,48.0,15.0,0.0024924279396845374,0.0025421902537345886,0.03568922383431916,451.43770316646567,268.5346005712722,0,1
45,lag1_rush_yards_per_carry,0.04521017261227302,49.0,48.0,75.0,65.0,20.0,0.0040219722366923545,0.003954167477786541,0.03226668970050817,379.7052253861987,239.331714680517,0,1
46,lag1_late6_receiving_first_downs,0.045201280845227315,118.0,391.5,24.0,14.0,450.5,0.0015986262116070692,0.0,0.07577749133314837,1179.7139948653387,0.0,0,2
47,combine_bench,0.04474344699203503,15.0,75.0,185.0,111.0,42.0,0.010277041740403699,0.003447428811341524,0.010012348398970694,214.13552339486435,101.75873064437644,0,1
48,lag1_receiving_air_yards,0.04366539545787679,37.0,70.0,36.0,21.0,347.0,0.004874813920181438,0.003468401962891221,0.07121499086331506,983.2470798444184,2.9638580179687306,0,1
49,lag1_carries,0.043494407218400546,50.0,17.0,55.0,61.0,391.0,0.003978502718308104,0.00691633578389883,0.04144504721431441,404.5867265853683,1.5351227556905451,0,1
50,combine_vertical,0.04282817241095783,13.0,78.0,87.0,100.0,322.5,0.010976787851895807,0.0034176206681877375,0.027232799355191517,231.5164295729242,4.11826736192925,0,1
51,lag1_receiving_air_yards_per_target,0.042323467803220174,27.0,180.0,31.0,42.0,58.0,0.00645063949729222,0.002227251650765538,0.07311185705768475,508.4369025236556,73.23430054754103,0,0
52,lag4_targets,0.042285364284659246,148.0,12.0,144.0,88.0,450.5,0.0011349301813755818,0.008404598571360111,0.013857657530556455,264.4713025713791,0.0,0,1
53,lag2_receiving_16,0.04126594228873334,95.0,31.0,50.0,36.0,49.0,0.002050319984234615,0.005370064172893763,0.045305998218845955,700.466389617812,86.3262964764882,0,0
54,lag2_receiving_10,0.04068623797772938,109.0,35.0,53.0,29.0,54.0,0.0017475160930095057,0.005148100201040506,0.041602922157354394,764.4292466218809,79.51129442610821,0,0
55,lag1_rushing_10,0.03853471745227114,102.0,91.0,77.0,53.0,20.0,0.0019031624957825323,0.003141160123050213,0.03131818373084361,437.1904552115764,239.331714680517,0,1
56,lag2_receiving_yards,0.03839126487857859,74.0,34.0,43.0,28.0,398.5,0.0027259066019971884,0.0051633757539093494,0.04887803465441132,787.6465564027055,1.4139329774349076,0,0
57,injury_lag2_designation_count,0.03814053819231202,59.0,61.0,73.0,59.0,26.5,0.003512884364188218,0.0036211921833455563,0.03243073007890729,415.15152441847493,190.10793843571042,0,0
58,lag1_roster_weeks,0.038140157997634296,18.0,98.0,88.0,95.0,70.5,0.009430861871126362,0.003067163983359933,0.027013656858508428,247.97334108305938,57.22313944024645,0,1
59,lag1_rushing_fumbles,0.038138370047393746,153.0,43.0,119.0,81.0,20.0,0.0010504253218197393,0.004573119338601828,0.018024833118320593,275.9347607889124,239.331714680517,0,1
60,combine_cone,0.0366827354937798,16.0,129.0,158.0,189.0,65.0,0.009870291695536229,0.002645789412781596,0.012942357225184997,78.17763450951189,62.12779877737839,0,1
61,lag1_rushing_20,0.035574622315083154,165.0,30.0,107.0,74.0,31.5,0.0009240218090390428,0.005465442314743996,0.020418881535376077,345.342182093477,169.4338784774993,0,0
62,lag1_late6_mean_delta_receiving_first_downs,0.0344040448197811,62.0,229.0,14.0,408.0,194.5,0.0032148549353087637,0.0018537979340180755,0.08076863811169344,5.00356814732621,14.139329774349083,0,1
63,lag1_rushing_12,0.03424008210519271,91.0,21.0,78.0,57.0,450.5,0.0021848926400560797,0.00640234025195241,0.031224716317021395,423.71048796166224,0.0,0,1
64,combine_broad_jump,0.033584236255000434,19.0,111.0,120.0,106.0,99.0,0.009139216653746748,0.0028825404588133097,0.017791345655719715,223.22572906927067,37.93152053371973,0,1
65,lag1_late6_mean_delta_receiving_air_yards,0.03315258623711589,33.0,138.0,21.0,298.0,213.0,0.005269042283869575,0.0025793735403567553,0.0768724823514284,17.6273991364087,11.995000000000005,0,1
66,lag1_receiving_20_rate,0.03275421612466797,44.0,83.0,34.0,43.0,341.0,0.004162741623326486,0.003326968988403678,0.07170476946228099,505.5124200374655,3.217893606438029,0,0
67,lag1_rush_first_down_rate,0.032478149327380704,77.0,121.0,70.0,73.0,26.5,0.002578471558732963,0.0027284647803753614,0.03401153752571928,345.89118943174645,190.10793843571042,0,0
68,lag1_weekly_slope_receiving_yards_after_catch,0.03240080280483741,35.0,163.0,20.0,471.0,213.0,0.0050970478126435405,0.0023747063241899014,0.0779181996414291,0.36274235588606,11.995000000000005,0,1
69,lag2_receptions,0.03237940485583449,93.0,67.0,48.0,25.0,450.5,0.0021668725078518116,0.003531776135787368,0.04650316127091525,820.9362715654946,0.0,0,1
70,combine_shuttle,0.03219531601864982,20.0,130.0,128.0,168.0,70.5,0.008342124902336831,0.0026355257723480463,0.01599957529833751,92.23882585919995,57.22313944024645,0,1
71,lag1_weekly_slope_receiving_air_yards,0.031310129906233865,31.0,182.0,28.0,430.0,91.0,0.005930566669107901,0.0022155484184622765,0.0738387344651199,2.960888821412902,41.18267361929254,0,0
72,lag2_games,0.03081826910170701,46.0,101.0,52.0,34.0,254.5,0.004147424940229807,0.0030301823280751705,0.043832581033534934,743.2100461082681,8.632629647648828,0,0
73,lag1_late6_mean_delta_receiving_yards,0.030083444305755106,51.0,178.0,18.0,410.0,341.0,0.0039030648840451083,0.0022298304829746485,0.07919044055099334,4.820556088802644,3.217893606438029,0,1
74,lag1_late6_pat_att,0.02991310414902129,225.0,22.0,379.0,329.0,45.0,0.0005538937462102756,0.006165824364870787,0.0007458114118930048,13.472311402711565,93.72541998133454,0,1
75,lag1_missed_field_goal_mean_distance,0.02965464842607453,242.0,16.0,384.0,326.0,213.0,0.0004791898675495812,0.006931165233254433,0.0004800134965934344,13.7378973039585,11.995000000000005,0,1
76,lag1_late6_receiving_20,0.029283548443888575,227.0,184.0,42.0,22.0,450.5,0.0005181402354492851,0.0022049155086278915,0.05956950639309255,892.9292400124851,0.0,0,1
77,lag2_targets,0.028507792787186754,90.0,171.0,54.0,26.0,225.5,0.002210124987588427,0.0023018561769276857,0.04149084571763484,807.6435510787259,11.04805853568534,0,0
78,lag2_receiving_tds,0.02784852820490143,129.0,118.0,66.0,39.0,54.0,0.001393900815952077,0.002766827354207635,0.03547494051856326,621.394921238723,79.51129442610821,0,0
79,lag1_rushing_yards,0.027674556040719733,56.0,45.0,69.0,58.0,347.0,0.0035820947337985086,0.004243176430463791,0.034257508631095446,417.57588960051515,2.9638580179687306,0,0
80,lag1_weekly_slope_targets,0.02735804217317243,42.0,127.0,39.0,444.0,65.0,0.004229029614820613,0.0026599548291414976,0.06481861481536311,1.8982846581348072,62.12779877737839,0,0
81,lag1_late6_mean_delta_targets,0.025968389087827986,48.0,137.0,30.0,292.0,132.5,0.004055153591533253,0.0025827339850366116,0.0732315845263003,20.58181570728405,27.298771883267094,0,0
82,injury_lag2_injury_reported,0.02591605144553129,283.0,58.0,97.0,41.0,70.5,0.0003605583697658277,0.0037566176615655422,0.02495982309545597,509.3977740398051,57.22313944024645,0,0
83,lag2_receiving_20,0.025648803614147817,101.0,68.0,63.0,38.0,316.0,0.0019146742058488368,0.003529829438775778,0.036996197414063126,672.7606701343034,4.471248667517767,0,0
84,lag2_receiving_first_down_rate,0.025418239272840232,54.0,134.0,60.0,47.0,181.0,0.0035903581940602593,0.002606503665447235,0.03814497329121691,453.8800075151533,16.666998455005782,0,0
85,lag2_receiving_first_downs,0.025354842566545188,116.0,192.0,44.0,33.0,284.0,0.0016263159855829158,0.0021518415305763483,0.048167545984336035,763.0552282030915,6.74528419565824,0,0
86,lag1_late6_rushing_yards,0.025231891679777112,88.0,36.0,86.0,68.0,450.5,0.0022618763047360497,0.005121586378663778,0.027260502919376872,371.05898325637895,0.0,0,0
87,lag2_rush_yards_per_carry,0.024927760999039955,63.0,39.0,80.0,107.0,284.0,0.0030978619983053333,0.00493363244459033,0.030611509567835204,222.8827314444565,6.74528419565824,0,0
88,lag3_receiving_yards_after_catch,0.024197265592665218,107.0,55.0,100.0,44.0,203.0,0.0018235292605258723,0.0038146069273352623,0.023153018414667548,472.9245176182273,13.023104877229443,0,0
89,lag1_weekly_slope_receiving_yards,0.024168183709083482,41.0,140.0,32.0,466.0,391.0,0.00433285666937701,0.0025589626748114824,0.07207495565591548,0.5182115703792093,1.5351227556905451,0,0
90,position_K,0.024137373586383307,349.0,391.5,276.0,235.0,20.0,0.00020423334335912367,0.0,0.004621833000566955,50.458108459033305,239.331714680517,0,1
91,lag1_passing_10,0.02384601928094723,164.0,23.0,214.0,175.0,391.0,0.0009338037942326818,0.006112160161137581,0.007700027604093274,86.47545783045186,1.5351227556905451,0,1
92,lag2_receiving_air_yards,0.02339834738855479,72.0,151.0,65.0,40.0,309.5,0.0027625095557226,0.002463799901306629,0.03553019577340799,578.3822533897346,4.854484395936331,0,0
93,lag1_late6_mean_delta_receiving_20,0.02329068846890845,97.0,207.0,22.0,436.0,245.0,0.0020200374491120927,0.002007489325478673,0.07611352670542448,2.6096822886845294,9.372541998133464,0,1
94,lag2_receiving_yards_after_catch_per_reception,0.02317722384634762,52.0,208.0,49.0,72.0,181.0,0.00377365405163438,0.001999086933210492,0.04579184061123298,346.8211068080974,16.666998455005782,0,0
95,lag2_catch_rate,0.022889634626706186,55.0,238.0,61.0,49.0,274.0,0.003589804000499466,0.0017365813255310059,0.037959503831454855,449.4345278475947,7.323430054754105,0,0
96,position_TE,0.022678462206166424,121.0,63.0,312.0,325.0,34.5,0.0015452258815995908,0.003589038271456957,0.003364769702374426,13.764612530963987,151.0081031447103,0,0
97,lag2_receiving_yards_per_target,0.02260444651610089,53.0,153.0,72.0,52.0,316.0,0.0036374736826514046,0.00246275682002306,0.03361987787306653,444.07156731939097,4.471248667517767,0,0
98,lag1_weekly_slope_receiving_first_downs,0.022056110358803647,57.0,198.0,29.0,473.0,316.0,0.003542918200225282,0.0021142056211829185,0.07346386613499489,0.3160312633898434,4.471248667517767,0,0
99,lag1_pass_yards_per_attempt,0.021951082894351763,144.0,73.0,190.0,202.0,37.0,0.0011699868395388816,0.003452992532402277,0.009694883610165794,70.24481973254244,119.94999999999999,0,0
100,lag2_rush_first_down_rate,0.02167865909050741,70.0,179.0,134.0,121.0,45.0,0.0028382791085237715,0.002227810909971595,0.01543729833846852,197.9514120997919,93.72541998133454,0,0
101,lag1_late6_passing_yards_after_catch,0.02166653482837953,257.0,25.0,248.0,199.0,264.0,0.0004300072319427544,0.005896954797208309,0.006146791180659417,73.17656576031398,7.951129442610829,0,1
102,lag1_rush_20_rate,0.021302585893903,115.0,77.0,90.0,173.0,54.0,0.0016298626750625843,0.003425487782806158,0.026589737514179923,88.22647597795184,79.51129442610821,0,0
103,lag2_receiving_yards_per_reception,0.020065174427579952,71.0,187.0,92.0,45.0,450.5,0.002790087672185283,0.0021807183511555195,0.02641708517142538,467.9857402587103,0.0,0,0
104,lag2_receiving_air_yards_per_target,0.020051962578605215,47.0,226.0,76.0,94.0,194.5,0.004063882800001456,0.0018861556891351938,0.0316107383890325,252.9488636179108,14.139329774349083,0,0
105,lag2_receiving_20_rate,0.019914904417008706,78.0,221.0,58.0,85.0,119.0,0.002532294215144371,0.00191217428073287,0.039155147897218745,266.24404196413116,32.17893606438032,0,0
106,lag4_receiving_20_rate,0.01989232646220502,152.0,49.0,157.0,164.0,75.5,0.0010599660144856354,0.003934158477932215,0.01299090070298159,103.23726704882083,52.70567687632571,0,0
107,lag3_rush_first_down_rate,0.019692159332121595,120.0,80.0,235.0,154.0,49.0,0.001579694666500842,0.003366520395502448,0.006762811245580869,129.39220557750795,86.3262964764882,0,0
108,lag2_fumbles_lost_total,0.019614548113487364,240.0,33.0,135.0,125.0,450.5,0.00048694391245209613,0.0052980175241827965,0.015281715003970131,189.16879188209788,0.0,0,0
109,lag1_late6_carries,0.019541590000731093,126.0,65.0,82.0,70.0,309.5,0.0014209518083157214,0.0035755191929638386,0.02921416242488717,365.1907146238761,4.854484395936331,0,0
110,lag1_weekly_slope_carries,0.01934523834869354,75.0,107.0,56.0,440.0,99.0,0.002620563920885919,0.0029738342855125666,0.040217059560238466,2.4745237769815414,37.93152053371973,0,0
111,lag3_receiving_yards,0.01900036907226249,156.0,113.0,67.0,51.0,403.5,0.0009883045745535213,0.0028773632366210222,0.034667087800306806,446.58378930904706,1.3023104877229437,0,0
112,lag2_rush_20_rate,0.018993080090217364,142.0,99.0,117.0,218.0,49.0,0.0012024304821502353,0.003049451857805252,0.018982766043272647,58.563851597912155,86.3262964764882,0,0
113,lag3_offense_snaps,0.018881588107533293,85.0,53.0,302.0,90.0,203.0,0.0023664755510815418,0.003882415359839797,0.003706060602712613,259.0579376769102,13.023104877229443,0,0
114,lag1_weekly_slope_receptions,0.018863402148714983,61.0,205.0,37.0,483.0,377.5,0.003489568667377319,0.0020385028328746557,0.06809576808511597,0.04219279506607738,1.8095545549659133,0,0
115,lag3_receiving_first_down_rate,0.018711310856478893,81.0,161.0,94.0,103.0,85.5,0.0024802215380048172,0.002381035126745701,0.026108951385759527,229.1821058668568,44.71248667517773,0,0
116,lag3_receiving_yards_per_reception,0.018622175803724786,94.0,112.0,109.0,96.0,91.0,0.002063289165020361,0.002878709929063916,0.020157244595353063,246.593075494524,41.18267361929254,0,0
117,lag3_receptions,0.01822629240000549,146.0,95.0,124.0,46.0,450.5,0.0011656765366640264,0.003077218309044838,0.01660533522887797,463.4263911837011,0.0,0,0
118,lag3_receiving_first_downs,0.017855111147475036,173.0,85.0,95.0,56.0,377.5,0.0008274032779198601,0.0032336609438061714,0.025742179327469916,424.02953731431654,1.8095545549659133,0,0
119,lag4_pass_yards_per_attempt,0.01769418359884161,266.0,106.0,351.0,299.0,37.0,0.00040757603996229973,0.0029798797331750393,0.0016693111913590464,17.597342469664436,119.94999999999999,0,0
120,lag4_receiving_10,0.017488973607115085,223.0,51.0,114.0,93.0,297.0,0.0005590945042952227,0.003908505663275719,0.01939703653871483,254.92011863811464,5.722313944024643,0,0
121,lag1_weekly_slope_receiving_20,0.017372713657651733,79.0,195.0,38.0,477.0,358.5,0.002530169348473546,0.0021309538278728724,0.06544365305776156,0.17380753104534422,2.514367900947524,0,0
122,lag1_late6_mean_delta_carries,0.017360364429075133,65.0,168.0,51.0,369.0,225.5,0.003020740207784836,0.0023218749556690454,0.04388029412060557,9.092906425074855,11.04805853568534,0,0
123,lag3_receiving_air_yards,0.017272035725358573,113.0,114.0,111.0,77.0,141.0,0.0016826365800238527,0.0028467390220612288,0.019889051422119275,314.30130279919723,25.143679009475264,0,0
124,lag2_rushing_fumbles,0.017243656736882582,255.0,241.0,300.0,141.0,37.0,0.00043311653784667723,0.0016920794732868671,0.0037869354486845808,154.1865042569555,119.94999999999999,0,0
125,lag3_receiving_10,0.01718606780981378,177.0,102.0,98.0,55.0,335.0,0.0007811756824877063,0.0030178141314536333,0.024406825413615607,426.27956168662837,3.4937028695630286,0,0
126,lag1_late6_mean_delta_rushing_yards,0.017149075227352657,64.0,74.0,84.0,315.0,450.5,0.0030535432411092412,0.0034525804221630096,0.027968616556251158,14.985674039770073,0.0,0,0
127,lag4_catch_rate,0.017033399120685907,96.0,108.0,186.0,142.0,75.5,0.0020351643032545056,0.002924765460193157,0.009970274553741332,150.84504460388354,52.70567687632571,0,0
128,lag1_passing_yards_after_catch_per_completion,0.01701961791172809,123.0,88.0,193.0,249.0,61.0,0.001440155198715294,0.003180441912263632,0.009344195889058993,37.47551636701709,67.45284195658239,0,0
129,lag1_late6_rushing_20,0.016929682957153566,358.0,391.5,147.0,91.0,45.0,0.00018539012479247937,0.0,0.013685873621473776,258.2439779445983,93.72541998133454,0,0
130,lag2_completion_rate,0.01687462843752016,160.0,44.0,390.0,283.0,109.5,0.0009670298585854641,0.004292611964046955,2.1008115797416238e-05,24.404893220448063,34.937028695630325,0,0
131,lag3_games,0.016621785026520338,112.0,89.0,130.0,75.0,274.0,0.001693464358092068,0.003168273949995637,0.01562236299832942,334.82002145070123,7.323430054754105,0,0
132,lag1_fumbles_total,0.01632603922204913,137.0,165.0,71.0,66.0,406.5,0.0013202270605702524,0.002348755020648241,0.03364884250546063,377.3964093914837,1.1995,0,0
133,lag3_receiving_air_yards_per_target,0.01627757743117382,82.0,170.0,191.0,146.0,75.5,0.0024429817816296238,0.0023144527804106474,0.009673471312521498,143.96231396665897,52.70567687632571,0,0
134,lag4_receiving_yards_after_catch_per_reception,0.01620285469320171,105.0,82.0,127.0,147.0,141.0,0.001879844365151482,0.0033531927037984133,0.016351627964550364,140.69982471730364,25.143679009475264,0,0
135,lag3_rush_yards_per_carry,0.016107784981321968,89.0,66.0,126.0,149.0,450.5,0.0022282340429078526,0.003563424339517951,0.01640731437264442,135.94225877525432,0.0,0,0
136,lag4_carries,0.016001707576359284,200.0,59.0,295.0,234.0,80.0,0.0006359613447878021,0.0036345981061458588,0.0040829576022458625,50.72365225348013,48.544843959363355,0,0
137,lag4_passing_40,0.015960009542703248,365.0,79.0,442.0,267.0,49.0,0.000177201714871289,0.003396610962226987,0.0,30.675305886957712,86.3262964764882,0,0
138,lag3_targets,0.015830075112837055,145.0,189.0,113.0,50.0,450.5,0.0011664030959106187,0.0021736817434430122,0.019480390948116266,449.1881877155073,0.0,0,0
139,lag1_passing_first_downs,0.015656219626283663,271.0,41.0,180.0,177.0,450.5,0.0003816484470406952,0.004701628349721432,0.010525427649186181,85.94707868311177,0.0,0,0
140,lag4_games,0.01560738832419159,149.0,54.0,184.0,124.0,352.5,0.00110303556826478,0.00386656541377306,0.010057527216341011,192.38191717288117,2.729877188326707,0,0
141,lag4_offense_snaps,0.01521722234699618,110.0,116.0,238.0,167.0,80.0,0.0016987819909846304,0.002788091776892543,0.00659484917781783,96.24209474253476,48.544843959363355,0,0
142,lag1_fumbles_lost_total,0.01514776381227328,174.0,175.0,74.0,71.0,358.5,0.0008174517555408135,0.002282725879922509,0.032327322743142206,357.86326416527044,2.514367900947524,0,0
143,lag1_fg_missed_distance,0.014707320374669472,183.0,391.5,442.0,327.0,39.5,0.0007503602916674902,0.0,0.0,13.58159643014508,110.48058535685333,0,0
144,lag3_receiving_40,0.014673000975584995,294.0,391.5,106.0,83.0,80.0,0.00032344378046637347,0.0,0.020559200028700264,268.3702735319692,48.544843959363355,0,0
145,lag3_receiving_16,0.014629820691990328,191.0,148.0,108.0,62.0,383.5,0.0006919294683001183,0.002503200201317668,0.020229847461803452,396.41246835719033,1.6666998455005781,0,0
146,lag2_receiving_40,0.014627040383374128,222.0,285.0,83.0,63.0,225.5,0.000568309982960427,0.0008871732861734927,0.02919029716876742,392.076784761318,11.04805853568534,0,0
147,lag1_pat_blocked,0.01462481053960002,210.0,190.0,442.0,439.0,42.0,0.0006115776440261553,0.0021676430478692055,0.0,2.556476255641674,101.75873064437644,0,0
148,lag2_history_available,0.014456269685412311,179.0,391.5,176.0,159.0,54.0,0.0007731840473124445,0.0,0.01085359797591523,116.91190940750548,79.51129442610821,0,0
149,lag4_receiving_first_downs,0.014444827029185472,219.0,87.0,115.0,92.0,284.0,0.0005775697083877405,0.0031812447123229504,0.01933696790047823,257.1369802663044,6.74528419565824,0,0
150,lag4_receiving_yards_per_target,0.014420203266532993,117.0,104.0,138.0,132.0,171.5,0.0015997381462341746,0.0030017103999853134,0.014192194614111253,170.32127795979537,18.09554554965914,0,0
151,lag2_fg_made_20_29,0.014291464878372231,324.0,42.0,442.0,302.0,203.0,0.0002551671943478419,0.004677983466535807,0.0,17.370691648821065,13.023104877229443,0,0
152,lag3_catch_rate,0.014244444197068648,66.0,225.0,162.0,99.0,383.5,0.0029132511305583497,0.0019000228494405746,0.01198371525314923,233.04313624715908,1.6666998455005781,0,0
153,lag3_receiving_yards_after_catch_per_reception,0.014159507010616598,73.0,197.0,163.0,117.0,213.0,0.0027466360533783683,0.0021196925081312656,0.01197933031322762,203.1922919865094,11.995000000000005,0,0
154,lag2_passing_tds,0.014106303691611456,251.0,60.0,164.0,212.0,163.5,0.0004496004692645925,0.0036303186789155006,0.011892696068374509,61.2074674342219,19.646535014914,0,0
155,lag1_kickoff_return_yards,0.014024948116345453,84.0,69.0,299.0,230.0,329.5,0.002402083726969282,0.0034923795610666275,0.0038268670855676756,52.88874171544336,3.7931520533719687,0,0
156,lag3_receiving_yards_per_target,0.01372695044331754,92.0,233.0,101.0,97.0,450.5,0.0021686017212912355,0.001792629947885871,0.022224682247497407,237.22947133702235,0.0,0,0
157,lag2_passing_yards_after_catch_per_completion,0.013687934638480271,139.0,57.0,349.0,321.0,188.5,0.0012722113433776068,0.003773240838199854,0.001797487256159025,14.137466757890806,15.351227556905455,0,0
158,lag1_pat_missed,0.013685913994536137,406.0,391.5,224.0,337.0,42.0,0.0001317682423391686,0.0,0.007172255924128512,12.581510492321677,101.75873064437644,0,0
159,lag2_carries,0.01367720764897001,128.0,246.0,110.0,128.0,119.0,0.0014029009614318036,0.001556370873004198,0.019919572252916184,179.46420562905914,32.17893606438032,0,0
160,lag1_weekly_slope_rushing_yards,0.01361383273676895,76.0,287.0,62.0,403.0,383.5,0.002601595543609638,0.0008618739666417241,0.03777256050233957,5.428762459862232,1.6666998455005781,0,0
161,position_QB,0.013504222880450903,154.0,71.0,442.0,284.0,109.5,0.0010165802664758906,0.003457000246271491,0.0,23.794038975078116,34.937028695630325,0,0
162,injury_lag3_injury_reported,0.013323109522149419,348.0,242.0,154.0,87.0,91.0,0.00020568268171656292,0.0016725000459700823,0.013455819280518977,266.1117049722752,41.18267361929254,0,0
163,lag4_receptions,0.013314938849865565,169.0,185.0,149.0,84.0,163.5,0.0008584942333819764,0.0021968712098896503,0.013643236374194734,266.88346574298885,19.646535014914,0,0
164,lag2_roster_weeks,0.013289064687312916,68.0,267.0,174.0,123.0,284.0,0.002894793591619597,0.0013764826580882072,0.010876705513270357,194.47435745524865,6.74528419565824,0,0
165,lag1_receiving_fumbles,0.013282159175571344,259.0,391.5,91.0,60.0,371.0,0.0004223370744965222,0.0,0.02643821591807205,414.46702480196274,1.964653501491399,0,0
166,lag3_receiving_tds,0.013100364941787396,217.0,391.5,156.0,67.0,141.0,0.0005819789981147488,0.0,0.013254965559957865,374.69095716727566,25.143679009475264,0,0
167,lag1_rushing_tds,0.01307186815842208,193.0,391.5,103.0,76.0,188.5,0.0006779985338427488,0.0,0.021670299819735117,324.08362785281315,15.351227556905455,0,0
168,lag4_receiving_fumbles,0.013063958044052356,390.0,105.0,380.0,180.0,70.5,0.00015451208163288967,0.002987186424434185,0.000557407994877579,84.8382803277733,57.22313944024645,0,0
169,lag2_passing_40,0.013044351856237826,199.0,64.0,281.0,241.0,163.5,0.0006456461202367844,0.0035864419769495726,0.004543374476886575,45.0390922145368,19.646535014914,0,0
170,lag4_receiving_yards,0.012975522304074201,189.0,141.0,112.0,86.0,398.5,0.0007080651190515759,0.002542871981859207,0.019546821839242723,266.138432475196,1.4139329774349076,0,0
171,lag3_rushing_20,0.012972360963815604,334.0,391.5,131.0,155.0,65.0,0.00023370409082613415,0.0,0.015568244839121226,128.33020367070566,62.12779877737839,0,0
172,lag3_pass_td_rate,0.012739954726984339,239.0,186.0,169.0,474.0,61.0,0.0004887049745208171,0.0021900327410548925,0.01115292423241665,0.24520324808203517,67.45284195658239,0,0
173,lag1_late6_mean_delta_rushing_first_downs,0.012549734177096672,111.0,164.0,68.0,358.0,450.5,0.0016978880662012902,0.0023657558485865593,0.034435304846720305,10.40940483699446,0.0,0,0
174,lag2_fumbles_total,0.01253882685578031,130.0,282.0,137.0,113.0,150.5,0.0013797946999892117,0.000962123041972518,0.015150499765405279,210.94064236883085,23.15871925795459,0,0
175,lag4_receiving_first_down_rate,0.01248359456722671,127.0,177.0,116.0,131.0,236.5,0.0014168808846880508,0.0022628253791481256,0.01931229194806372,171.28896361769097,10.175873064437653,0,0
176,lag4_receiving_yards_after_catch,0.01246388433258197,141.0,209.0,146.0,82.0,335.0,0.0012302826721239705,0.0019815824925899506,0.013769384588880662,268.4392363376455,3.4937028695630286,0,0
177,lag1_rushing_fumbles_lost,0.012301641880613548,282.0,103.0,143.0,110.0,254.5,0.0003611210816116678,0.0030172262340784073,0.01387308545353716,214.47812395753306,8.632629647648828,0,0
178,lag3_receiving_20_rate,0.012158791527399081,114.0,210.0,152.0,138.0,181.0,0.0016532597866034083,0.0019619157537817955,0.013543462084190105,163.366694490413,16.666998455005782,0,0
179,lag3_history_available,0.01212812432433101,299.0,391.5,320.0,169.0,58.0,0.0003177339046830269,0.0,0.0029432928563801752,91.1488056785802,73.23430054754103,0,0
180,injury_lag3_injury_report_weeks,0.012120510516521504,136.0,232.0,121.0,105.0,274.0,0.0013283025076232492,0.0018240254139527678,0.01768472367639662,224.18932845392777,7.323430054754105,0,0
181,lag4_interception_rate,0.0120569856994047,186.0,196.0,208.0,380.0,70.5,0.0007179033728675538,0.002130834385752678,0.008079034747458858,7.7048015348029395,57.22313944024645,0,0
182,lag4_passing_yards_after_catch_per_completion,0.011983041804770125,267.0,181.0,442.0,363.0,58.0,0.00040058144418840704,0.002216605469584465,0.0,9.710242669524558,73.23430054754103,0,0
183,injury_lag3_designation_count,0.011976017042001415,106.0,214.0,160.0,109.0,341.0,0.0018722599536661352,0.0019346807384863496,0.01225434220035404,216.81946601842142,3.217893606438029,0,0
184,lag3_receiving_20,0.011940717143664438,256.0,391.5,141.0,64.0,284.0,0.00043163268426957025,0.0,0.014057606753195673,391.81682037413816,6.74528419565824,0,0
185,lag3_kickoff_returns,0.01184755488218116,168.0,62.0,274.0,350.0,363.5,0.0008710416826714526,0.0036171814426779747,0.004685828265892589,11.690079591809353,2.3158719257954576,0,0
186,position_RB,0.011769357350566749,140.0,162.0,385.0,376.0,80.0,0.0012425202286015134,0.0023756567388772964,0.00043967100194297615,7.873155804399003,48.544843959363355,0,0
187,lag1_weekly_slope_rushing_first_downs,0.011748056048919462,108.0,136.0,99.0,429.0,329.5,0.001810234021030611,0.002602336462587118,0.024217441246851656,3.1366781967938655,3.7931520533719687,0,0
188,lag1_special_teams_tds,0.01174488079270834,393.0,193.0,388.0,232.0,61.0,0.0001512248560962985,0.0021478864364326,0.00014962239847116088,51.71594384702501,67.45284195658239,0,0
189,lag3_roster_weeks,0.011632413740658952,103.0,188.0,140.0,151.0,358.5,0.0019007319993518416,0.0021803556010127068,0.014121529293453783,135.52236712342577,2.514367900947524,0,0
190,lag1_weekly_slope_kickoff_return_yards,0.011475263984465694,83.0,126.0,329.0,442.0,194.5,0.002412713277799641,0.0026626104954630136,0.0025728724919078516,2.2491612395449847,14.139329774349083,0,0
191,lag2_rushing_first_downs,0.01145519896790198,187.0,143.0,136.0,114.0,371.0,0.0007167659664612908,0.0025295934174209833,0.015249726788828966,208.52857297533777,1.964653501491399,0,0
192,missing_combine_forty,0.011355084667245784,167.0,391.5,132.0,78.0,450.5,0.0008739818181497429,0.0,0.015528607953045892,312.09169874146085,0.0,0,0
193,lag3_passing_yards_after_catch_per_completion,0.011350407528084703,155.0,86.0,442.0,409.0,141.0,0.000990619672554196,0.003211500821635127,0.0,4.876698667862765,25.143679009475264,0,0
194,lag4_passing_air_yards_per_attempt,0.011338178285473254,279.0,200.0,387.0,296.0,65.0,0.00036525600189181884,0.0020980171393603086,0.000356367650152567,19.32215358923483,62.12779877737839,0,0
195,lag4_receiving_air_yards_per_target,0.011309949780707243,104.0,204.0,211.0,161.0,203.0,0.0018927635047233386,0.0020480735693126917,0.007950437599471893,113.25720196606076,13.023104877229443,0,0
196,missing_combine_bench,0.011257306428301412,161.0,391.5,166.0,116.0,141.0,0.0009581114886667489,0.0,0.011356574465009928,204.97762982933352,25.143679009475264,0,0
197,lag3_fumbles_lost_total,0.011240198644422208,278.0,240.0,159.0,162.0,99.0,0.0003660980952916792,0.0017039587255567312,0.0125045364420735,103.70783119288322,37.93152053371973,0,0
198,lag2_rushing_yards,0.011193384534026109,125.0,239.0,139.0,119.0,366.5,0.0014370379714826044,0.0017310504335910082,0.014141585792832867,199.136690849433,2.133046152341687,0,0
199,lag4_receiving_yards_per_reception,0.011143770176627482,135.0,237.0,122.0,127.0,358.5,0.0013298350356817188,0.0017375570023432374,0.0176361305677204,179.66196604738317,2.514367900947524,0,0
200,lag1_rushing_40,0.011037978055529323,394.0,145.0,133.0,133.0,181.0,0.00015065930902771627,0.0025147388223558664,0.01550829663135933,168.74205083141064,16.666998455005782,0,0
201,lag2_kickoff_returns,0.010888936436175157,124.0,158.0,442.0,335.0,109.5,0.0014393425859222117,0.0024019803386181593,0.0,12.64692291639647,34.937028695630325,0,0
202,lag1_fg_made_60_,0.010888109041323061,489.5,391.5,307.0,411.0,54.0,0.0,0.0,0.0035210514746470967,4.636431326685906,79.51129442610821,0,0
203,lag3_fumbles_total,0.01088128906254912,218.0,144.0,151.0,157.0,203.0,0.0005788989857239934,0.0025161930825561285,0.013568108079142993,126.86960296984815,13.023104877229443,0,0
204,lag4_receiving_16,0.010862571577054109,247.0,289.0,168.0,98.0,171.5,0.00046085935965891483,0.0001479395286878571,0.01123339160778647,234.79241910572338,18.09554554965914,0,0
205,lag1_pass_td_rate,0.0108350532859964,176.0,92.0,369.0,258.0,181.0,0.0007931248427899653,0.003132595680654049,0.0009677048322787041,34.02124058293817,16.666998455005782,0,0
206,lag1_late6_mean_delta_kickoff_return_yards,0.010742257474074006,100.0,261.0,150.0,464.0,157.0,0.001946715330815704,0.0014656438725069165,0.01360332701751843,0.6098481972793756,21.33046152341688,0,0
207,lag3_rushing_10,0.010621018131925565,231.0,215.0,212.0,144.0,126.5,0.0005056377488981222,0.0019270163029432297,0.007926632280040424,149.27430954826514,29.638580179687338,0,0
208,lag4_roster_weeks,0.010509961472791873,158.0,120.0,288.0,163.0,264.0,0.0009846212114610314,0.0027354389894753695,0.004321653995334573,103.28830944592814,7.951129442610829,0,0
209,injury_lag4_injury_report_weeks,0.010487479607055542,151.0,250.0,231.0,152.0,150.5,0.0010742460278099352,0.001536868279799819,0.006790033145963825,133.90850588798014,23.15871925795459,0,0
210,lag4_receiving_air_yards,0.010470920934424153,143.0,149.0,370.0,120.0,309.5,0.001177234080235895,0.0025021429173648357,0.0009112808986433407,198.91089727416227,4.854484395936331,0,0
211,lag1_late6_punt_return_yards,0.010425926595787489,224.0,72.0,442.0,233.0,383.5,0.0005577648678106437,0.003453574376180768,0.0,51.40475526634287,1.6666998455005781,0,0
212,lag1_weekly_slope_fg_att,0.010386424513188462,220.0,391.5,242.0,445.0,70.5,0.0005761786949310461,0.0,0.006330277366618731,1.805791369142125,57.22313944024645,0,0
213,injury_lag4_designation_count,0.010318155177940647,138.0,152.0,199.0,156.0,391.0,0.0012760201044977801,0.002463012933731079,0.008784374608632906,127.97165781811947,1.5351227556905451,0,0
214,lag2_pass_yards_per_attempt,0.010266464411595,163.0,115.0,442.0,295.0,150.5,0.0009351173149048713,0.002824947237968445,0.0,19.875131036342072,23.15871925795459,0,0
215,lag1_weekly_slope_rushing_20,0.010216850773430179,178.0,251.0,85.0,367.0,236.5,0.0007800845794797126,0.00152566225733608,0.027519907456648562,9.298024264207058,10.175873064437653,0,0
216,lag2_passing_air_yards_per_attempt,0.01014281109464285,147.0,194.0,442.0,286.0,109.5,0.0011469594934098372,0.0021413760259747505,0.0,23.005102037746223,34.937028695630325,0,0
217,lag4_receiving_40,0.010123204169588984,362.0,391.5,173.0,126.0,119.0,0.00018163927351621859,0.0,0.010979468030641426,180.72082593686426,32.17893606438032,0,0
218,lag1_punt_returns,0.010085979910081453,184.0,253.0,230.0,204.0,119.0,0.0007473558310444291,0.0015207418473437428,0.006841454684638926,66.52250822323423,32.17893606438032,0,0
219,lag2_rushing_10,0.010055364239614,215.0,391.5,187.0,104.0,194.5,0.0005889838466121134,0.0,0.009922977547132117,226.50084417167778,14.139329774349083,0,0
220,lag3_pat_missed,0.01002097952056636,392.0,391.5,252.0,455.0,65.0,0.00015314358885565877,0.0,0.005995860803386988,1.040508848528482,62.12779877737839,0,0
221,lag1_passing_40,0.009976383608897495,182.0,90.0,442.0,187.0,450.5,0.0007507277158980821,0.0031493857968598604,0.0,79.7275064693667,0.0,0,0
222,lag2_interception_rate,0.009972892087605144,237.0,220.0,442.0,493.0,75.5,0.000496484639938757,0.0019131094450131059,0.0,1.1212686396014996e-05,52.70567687632571,0,0
223,lag1_late6_mean_delta_rushing_20,0.00996355819656753,221.0,157.0,89.0,310.0,450.5,0.0005711092989722809,0.002402946585789323,0.02661675985030776,15.543278370528611,0.0,0,0
224,lag1_receiving_fumbles_lost,0.009935115111811853,309.0,391.5,161.0,89.0,254.5,0.00029388192718700904,0.0,0.012223994221664869,263.1300948934044,8.632629647648828,0,0
225,lag2_passing_first_downs,0.0098951416766179,301.0,84.0,222.0,222.0,450.5,0.0003097063999755117,0.0032443704549223185,0.007342382742772768,57.287516474589985,0.0,0,0
226,lag3_kickoff_return_yards,0.009886316599779982,131.0,119.0,442.0,342.0,203.0,0.0013770633024994016,0.0027412937488406897,0.0,12.228463783027918,13.023104877229443,0,0
227,lag2_receiving_fumbles,0.009776593446092975,248.0,284.0,218.0,101.0,225.5,0.00046020025161386605,0.0009418065310455859,0.0076188515330370965,231.00264119847387,11.04805853568534,0,0
228,lag2_pass_td_rate,0.009705556703938599,175.0,150.0,241.0,365.0,150.5,0.0007982837290211152,0.002488632220774889,0.006357456442670495,9.567856652819696,23.15871925795459,0,0
229,lag1_passing_20,0.009693221175558864,254.0,97.0,259.0,179.0,450.5,0.0004360198531984396,0.003073555650189519,0.00560502074183189,85.12572773631668,0.0,0,0
230,missing_combine_vertical,0.00960690005424855,235.0,391.5,153.0,118.0,225.5,0.0004993172478592558,0.0,0.01347113917419196,200.48101727882482,11.04805853568534,0,0
231,lag2_punt_returns,0.009509257053018673,226.0,259.0,217.0,236.0,119.0,0.0005469682476656054,0.00148035679012537,0.007630499932045343,49.89647941125955,32.17893606438032,0,0
232,lag3_rush_20_rate,0.00944604931664647,194.0,159.0,200.0,262.0,194.5,0.0006676153544739776,0.002392951864749193,0.008632098834091773,33.32722011190315,14.139329774349083,0,0
233,missing_combine_broad_jump,0.009403294275344838,252.0,391.5,291.0,115.0,150.5,0.00044595349851603717,0.0,0.004191110347096627,206.4806046452457,23.15871925795459,0,0
234,lag3_carries,0.00930851749541151,171.0,201.0,198.0,158.0,335.0,0.0008343293730775156,0.00207373034209013,0.009003386763035248,120.85459254687402,3.4937028695630286,0,0
235,lag1_late6_mean_delta_punt_return_yards,0.009280394914170726,201.0,230.0,181.0,448.0,126.5,0.0006359338287633824,0.0018501154845580459,0.010327234601728907,1.635915404442866,29.638580179687338,0,0
236,lag2_pat_att,0.009226386672029664,335.0,76.0,442.0,309.0,371.0,0.0002333327343820453,0.0034306447487324476,0.0,15.957372110542464,1.964653501491399,0,0
237,lag4_receiving_20,0.00918553676555732,260.0,268.0,204.0,102.0,371.0,0.00041502952606645654,0.0012877386761829257,0.008373958523777869,230.83615060355407,1.964653501491399,0,0
238,lag3_rushing_yards,0.009170810222190696,132.0,391.5,319.0,150.0,213.0,0.0013507562601202425,0.0,0.0030460766615916235,135.660337316979,11.995000000000005,0,0
239,lag1_completion_rate,0.009145418153360882,209.0,391.5,123.0,231.0,188.5,0.0006121520874857848,0.0,0.01670321359996496,52.537670156329455,15.351227556905455,0,0
240,lag4_pass_td_rate,0.009118314694418617,280.0,100.0,442.0,419.0,171.5,0.00036301096961860284,0.003032878739759326,0.0,3.8954220302614644,18.09554554965914,0,0
241,lag1_fg_made_20_29,0.009090431075107307,246.0,173.0,244.0,412.0,126.5,0.0004658727828603928,0.002295468235388398,0.006257459011029587,4.621169149476857,29.638580179687338,0,0
242,lag2_sack_fumbles_lost,0.009041510687804644,431.0,264.0,277.0,294.0,91.0,9.097262723840473e-05,0.0014308540849015117,0.004605339097944361,20.262624272286832,41.18267361929254,0,0
243,lag4_receiving_tds,0.009038663262553282,232.0,281.0,188.0,112.0,398.5,0.000504845710059426,0.0009661688818596303,0.009736256668791299,212.90786969220534,1.4139329774349076,0,0
244,lag2_kickoff_return_yards,0.009028700979947632,98.0,203.0,316.0,334.0,352.5,0.002007911451272581,0.002056256402283907,0.0031964562808557417,12.809317611527508,2.729877188326707,0,0
245,lag3_receiving_fumbles,0.008994532711314741,380.0,391.5,309.0,153.0,109.5,0.00016309890321244052,0.0,0.0034441447401520886,133.49235046080088,34.937028695630325,0,0
246,lag3_interception_rate,0.008993342678727659,304.0,277.0,333.0,441.0,85.5,0.00030042332016069084,0.0010980028891935945,0.002407314305235886,2.380730250105716,44.71248667517773,0,0
247,lag4_fg_missed_40_49,0.00898152376654865,344.0,222.0,442.0,425.0,85.5,0.00021913896416418283,0.0019073678413406014,0.0,3.325003800944024,44.71248667517773,0,0
248,lag2_rushing_tds,0.008970545252596092,238.0,391.5,155.0,135.0,254.5,0.0004896501790955782,0.0,0.01338367766301607,168.6686440295088,8.632629647648828,0,0
249,lag1_kickoff_returns,0.008944425887182417,133.0,391.5,442.0,228.0,141.0,0.0013471686088129809,0.0,0.0,54.53900774542898,25.143679009475264,0,0
250,lag1_sack_fumbles,0.008928945405533333,384.0,391.5,373.0,238.0,85.5,0.00015863515353103585,0.0,0.0008796691309684856,47.71430657908459,44.71248667517773,0,0
251,lag2_missed_field_goal_mean_distance,0.008919331148464632,208.0,128.0,442.0,347.0,171.5,0.0006155554531958003,0.002653690055012703,0.0,11.835034592311542,18.09554554965914,0,0
252,lag4_passing_yards_after_catch,0.00888275487424035,352.0,176.0,279.0,271.0,126.5,0.0002034078181792983,0.002273422898724675,0.004556758413431172,29.31633131628022,29.638580179687338,0,0
253,lag4_fumbles_lost_total,0.008880128613266262,346.0,124.0,297.0,188.0,245.0,0.00020932502517633403,0.0026903764810413122,0.004003408076102444,78.58749972954557,9.372541998133464,0,0
254,injury_lag4_injury_reported,0.00875258507973548,378.0,252.0,250.0,140.0,171.5,0.00016361215178379405,0.0015230077551677823,0.006043376768727127,158.48120747931642,18.09554554965914,0,0
255,lag1_interception_rate,0.008751275744270327,214.0,256.0,442.0,452.0,99.0,0.0005937460551667341,0.0015012137591838837,0.0,1.356977089655894,37.93152053371973,0,0
256,lag3_rushing_12,0.008721631134114042,245.0,391.5,125.0,145.0,391.0,0.0004658847952633968,0.0,0.016549358190526053,145.07710891670803,1.5351227556905451,0,0
257,lag1_attempts,0.008664345820416664,230.0,146.0,225.0,182.0,450.5,0.0005068043226185123,0.002509363228455186,0.0071226738893679364,83.89543066287798,0.0,0,0
258,lag4_fumbles_total,0.00864216267136344,236.0,154.0,234.0,194.0,322.5,0.000498166891624232,0.0024615703150629997,0.006766033027675977,75.30814457347786,4.11826736192925,0,0
259,lag3_sack_yards_lost,0.008642003548378376,311.0,109.0,346.0,278.0,245.0,0.0002889538872493063,0.00290494947694242,0.0019899857304512825,27.920032246619385,9.372541998133464,0,0
260,lag4_rush_yards_per_carry,0.0085862491788735,159.0,213.0,258.0,186.0,347.0,0.0009693650324206005,0.001937666442245245,0.005628532959195853,79.90506923496345,2.9638580179687306,0,0
261,lag4_rushing_yards,0.00851530732695128,192.0,199.0,216.0,224.0,274.0,0.0006853386557115574,0.002112093847244978,0.007659725937872119,56.688983265635585,7.323430054754105,0,0
262,lag2_passing_yards_after_catch,0.008471052729269145,321.0,269.0,239.0,214.0,141.0,0.0002616205840761953,0.001277039060369134,0.006585804795671946,59.8258142751527,25.143679009475264,0,0
263,lag3_rushing_40,0.008460820822869829,410.0,211.0,270.0,237.0,132.5,0.00012376515137214105,0.001945238676853478,0.005005958407536593,49.70168881101047,27.298771883267094,0,0
264,lag2_sack_yards_lost,0.00840154987446983,234.0,191.0,340.0,242.0,171.5,0.0004998889418231478,0.0021615445148199797,0.002255502569778134,42.70651835430751,18.09554554965914,0,0
265,lag2_rushing_fumbles_lost,0.008393798403689657,396.0,133.0,363.0,160.0,297.0,0.00014568405045220278,0.002618057420477271,0.0011927279862302687,113.26764343776657,5.722313944024643,0,0
266,lag4_gwfg_made,0.008359271317602245,463.0,391.5,227.0,435.0,91.0,2.4435047365674556e-05,0.0,0.006972549778975212,2.6190646346912256,41.18267361929254,0,0
267,lag2_punt_return_yards,0.00835310591753041,207.0,391.5,165.0,240.0,194.5,0.0006219035454264004,0.0,0.011602298886035367,45.40032131372794,14.139329774349083,0,0
268,lag1_passing_tds,0.008343985416113751,285.0,255.0,171.0,172.0,274.0,0.0003503434630030834,0.00150697969365865,0.01105106246677967,88.6777885218286,7.323430054754105,0,0
269,lag3_rushing_tds,0.008312606447786135,307.0,391.5,142.0,165.0,254.5,0.0002955726178132371,0.0,0.013929271866612858,98.77238430376846,8.632629647648828,0,0
270,lag2_rushing_12,0.008277655968291874,265.0,391.5,209.0,108.0,450.5,0.0004086593217667602,0.0,0.008044047250934216,221.24127858652548,0.0,0,0
271,lag2_rushing_20,0.00827582297197897,332.0,391.5,167.0,129.0,297.0,0.00023700265059854958,0.0,0.011304085860996294,176.480112914557,5.722313944024643,0,0
272,lag2_passing_air_yards,0.00824027389093964,170.0,139.0,442.0,229.0,450.5,0.0008349093510496711,0.0025658251252025366,0.0,53.78977651024126,0.0,0,0
273,lag4_passing_first_downs,0.008240095317192832,376.0,123.0,301.0,275.0,236.5,0.00016502947155425164,0.0027062094304710627,0.0037257981232698967,28.866988553804514,10.175873064437653,0,0
274,lag4_kickoff_return_yards,0.008208638061416192,203.0,391.5,223.0,388.0,132.5,0.0006338719059053058,0.0,0.007242557178958053,6.86515999869304,27.298771883267094,0,0
275,lag1_gwfg_missed,0.008201002621070059,481.0,391.5,305.0,449.0,85.5,2.079418300590421e-06,0.0,0.003540370828003514,1.6313087550475307,44.71248667517773,0,0
276,lag4_passing_16,0.00817541599029152,354.0,94.0,442.0,270.0,450.5,0.00019912940272216742,0.0031167399138212204,0.0,29.363179022674466,0.0,0,0
277,missing_weight,0.008162945768756655,478.0,391.5,118.0,136.0,450.5,3.163802435592299e-06,0.0,0.018467312656606838,168.043680602514,0.0,0,0
278,lag4_special_teams_tds,0.008151920711916404,465.0,391.5,284.0,288.0,99.0,2.3413176518084774e-05,0.0,0.004430601650598387,22.238611843641255,37.93152053371973,0,0
279,lag1_weekly_slope_passing_yards_after_catch,0.00814596523748043,292.0,391.5,215.0,467.0,109.5,0.00032966532542747277,0.0,0.007697733574730137,0.5106539176489218,34.937028695630325,0,0
280,lag4_rushing_tds,0.008138823421314448,357.0,391.5,201.0,217.0,141.0,0.0001869281942010356,0.0,0.008569864036778174,58.7645988702795,25.143679009475264,0,0
281,lag2_gwfg_blocked,0.008120235557746353,489.5,391.5,442.0,472.0,80.0,0.0,0.0,0.0,0.33804313494734856,48.544843959363355,0,0
282,lag1_fg_missed_50_59,0.008109488047962611,397.0,391.5,269.0,357.0,99.0,0.00014362303117891343,0.0,0.005063981226507863,10.439864974367847,37.93152053371973,0,0
283,lag3_fg_made_20_29,0.008103468587268563,419.0,391.5,148.0,300.0,141.0,0.000110172074154406,0.0,0.01365649725571294,17.42121643992251,25.143679009475264,0,0
284,lag1_passing_air_yards,0.008089602770472477,181.0,391.5,203.0,178.0,297.0,0.0007551034026936428,0.0,0.008396629226004482,85.88059842355557,5.722313944024643,0,0
285,lag4_pat_missed,0.007950527805975738,436.0,391.5,442.0,446.0,85.5,7.935999090812755e-05,0.0,0.0,1.6691278692403289,44.71248667517773,0,0
286,lag1_field_goal_make_rate,0.00782949002107718,196.0,147.0,339.0,317.0,347.0,0.0006574329513961706,0.002507945755496621,0.00225951906675248,14.583097486314351,2.9638580179687306,0,0
287,injury_lag5_injury_report_weeks,0.007820305025539386,206.0,265.0,356.0,208.0,213.0,0.0006266214135319818,0.0014249759260565042,0.001363763091733139,63.84902911125646,11.995000000000005,0,0
288,lag4_passing_10,0.007768442206834638,408.0,110.0,296.0,277.0,450.5,0.0001267790151053151,0.002898033242672682,0.004079351202681325,28.565236490252108,0.0,0,0
289,lag4_rush_first_down_rate,0.007759449755260957,172.0,271.0,442.0,205.0,245.0,0.0008274849404271703,0.0012393075739964843,0.0,65.02277187182474,9.372541998133464,0,0
290,lag4_fg_made_20_29,0.007750108271920965,333.0,391.5,442.0,379.0,99.0,0.00023599119690199166,0.0,0.0,7.752509080222278,37.93152053371973,0,0
291,lag2_fg_blocked,0.0076823284123400705,425.0,391.5,313.0,438.0,99.0,9.63435404083476e-05,0.0,0.0033646670082592145,2.5646074339783707,37.93152053371973,0,0
292,position_WR,0.00766825577317855,122.0,216.0,303.0,454.0,450.5,0.0015167974538883979,0.0019204530399292707,0.0036353648140829975,1.0749773414116266,0.0,0,0
293,lag1_late6_kickoff_return_yards,0.00760521087710691,134.0,244.0,383.0,252.0,450.5,0.0013383202380305272,0.0016216025687754154,0.0004939511938419905,36.728638294625995,0.0,0,0
294,lag1_passing_16,0.007567656903149443,188.0,391.5,228.0,174.0,391.0,0.0007128116449235225,0.0,0.006944339950158307,86.83777641185858,1.5351227556905451,0,0
295,lag1_passing_air_yards_per_attempt,0.007558850492905569,180.0,391.5,268.0,203.0,274.0,0.0007641246874016612,0.0,0.005139207311424254,68.69559034860723,7.323430054754105,0,0
296,lag2_fg_made_40_49,0.007540837455308207,313.0,391.5,294.0,381.0,119.0,0.00028587503333426964,0.0,0.004090043455902581,7.699339771532617,32.17893606438032,0,0
297,lag3_rushing_first_downs,0.007531374242741308,243.0,274.0,342.0,148.0,352.5,0.00047398725290587575,0.0011718072928488255,0.0022107525971395425,138.79179753208277,2.729877188326707,0,0
298,lag1_sack_yards_lost,0.007530885626323881,264.0,234.0,306.0,195.0,264.0,0.0004097150946116323,0.001790263457223773,0.00353305254892633,74.46543265419712,7.951129442610829,0,0
299,lag1_passing_yards,0.007504041990198943,157.0,391.5,289.0,176.0,450.5,0.0009847411732337493,0.0,0.004239742950434833,86.17268474986822,0.0,0,0
300,lag1_passing_yards_after_catch,0.007498432603833158,253.0,247.0,213.0,183.0,450.5,0.00044583798996898166,0.0015525154303759336,0.007723731649445842,83.70969837285466,0.0,0,0
301,lag4_passing_air_yards,0.007481484972193608,345.0,166.0,177.0,281.0,450.5,0.00021227931620316606,0.002328627509996295,0.010713191057572402,26.416301362735098,0.0,0,0
302,lag4_passing_tds,0.0074728629618615195,405.0,391.5,267.0,265.0,132.5,0.0001320438462218615,0.0,0.005144092955477131,32.3177244264717,27.298771883267094,0,0
303,lag1_weekly_slope_fg_made,0.007469439136664608,150.0,160.0,442.0,463.0,398.5,0.001087213338982249,0.0023902675602585077,0.0,0.6449300307576697,1.4139329774349076,0,0
304,lag2_receiving_fumbles_lost,0.007466834871070482,314.0,391.5,377.0,143.0,213.0,0.00028319347834002373,0.0,0.0007778297474219098,149.4248509065544,11.995000000000005,0,0
305,lag3_passing_air_yards_per_attempt,0.007440036195448568,162.0,227.0,442.0,313.0,264.0,0.0009486934354785954,0.0018816173542290926,0.0,15.17940930129423,7.951129442610829,0,0
306,lag1_sacks_suffered,0.007378339139275941,293.0,243.0,237.0,185.0,352.5,0.0003267430867767156,0.0016539737116545439,0.00663206149807638,79.95739405004402,2.729877188326707,0,0
307,lag1_late6_passing_20,0.0073684414378901286,276.0,167.0,442.0,200.0,358.5,0.00037079937963044535,0.0023230481892824173,0.0,70.63770111503254,2.514367900947524,0,0
308,lag2_fg_made_0_19,0.007334002669123613,451.0,391.5,145.0,432.0,163.5,3.8429267126062475e-05,0.0,0.013829138068618185,2.767903201292843,19.646535014914,0,0
309,lag1_fg_missed_40_49,0.007323268983768909,374.0,391.5,442.0,353.0,109.5,0.0001663572227356014,0.0,0.0,11.456628210793543,34.937028695630325,0,0
310,lag1_late6_passing_yards,0.007285338756047751,197.0,254.0,317.0,191.0,450.5,0.0006494336713999245,0.0015098114963620901,0.0031573798415251986,76.58853077233978,0.0,0,0
311,lag3_sack_fumbles_lost,0.007281559337646236,444.0,219.0,389.0,346.0,141.0,5.4824145950890515e-05,0.0019135072361677885,7.658669530408169e-05,11.901651715993463,25.143679009475264,0,0
312,lag2_fg_made_60_,0.0072770907990919245,482.0,391.5,442.0,433.0,99.0,1.7824868165361362e-06,0.0,0.0,2.670611136050462,37.93152053371973,0,0
313,lag2_special_teams_tds,0.007265379572806047,459.0,391.5,334.0,304.0,119.0,2.8634971900995265e-05,0.0,0.0023803351072777534,16.38431035721162,32.17893606438032,0,0
314,missing_height,0.007246451973402676,477.0,391.5,179.0,134.0,450.5,5.001432223761782e-06,0.0,0.010572964118459982,168.68562965632458,0.0,0,0
315,lag1_weekly_slope_passing_first_downs,0.007231036780055722,269.0,391.5,197.0,469.0,163.5,0.00039079078728433556,0.0,0.009011266235300797,0.427690629559957,19.646535014914,0,0
316,lag2_pat_blocked,0.007213458273334278,475.0,391.5,442.0,475.0,99.0,7.873877506406238e-06,0.0,0.0,0.24343966408759707,37.93152053371973,0,0
317,lag4_punt_return_yards,0.007207377005458688,403.0,391.5,357.0,257.0,132.5,0.00013562711229788958,0.0,0.0013306531983423575,34.07924521756612,27.298771883267094,0,0
318,lag4_sacks_suffered,0.007201572773919342,360.0,135.0,355.0,289.0,363.5,0.0001818399805547833,0.002604543697088957,0.0013875206255731243,22.1670899021854,2.3158719257954576,0,0
319,lag1_completions,0.007201188046674557,310.0,286.0,192.0,181.0,450.5,0.000292451815289298,0.000883519824128598,0.00941395851985738,84.0983305740988,0.0,0,0
320,lag4_completion_rate,0.007176321123726731,295.0,260.0,362.0,360.0,157.0,0.00031976531622340983,0.001477715210057795,0.0011967236207410803,10.016219760372396,21.33046152341688,0,0
321,injury_lag5_designation_count,0.007167314089313865,198.0,391.5,310.0,220.0,254.5,0.0006460815765491167,0.0,0.0033982936710306166,57.67160101254625,8.632629647648828,0,0
322,lag1_late6_mean_delta_passing_20,0.007151689499500088,284.0,391.5,210.0,468.0,157.0,0.0003554071191299402,0.0,0.008028985170173364,0.4499599278562239,21.33046152341688,0,0
323,lag3_fg_made_50_59,0.007121252413942653,355.0,236.0,372.0,387.0,150.5,0.00019588976703830186,0.0017524815630167723,0.0008923566676923844,7.100105778619763,23.15871925795459,0,0
324,lag1_fg_blocked,0.00708862724630893,433.0,391.5,442.0,389.0,109.5,8.295317667747029e-05,0.0,0.0,6.834269515372268,34.937028695630325,0,0
325,lag2_gwfg_distance,0.007081397983195639,331.0,117.0,371.0,426.0,450.5,0.00023783759474839357,0.0027746513951569796,0.0009068713175968135,3.305703242417969,0.0,0,0
326,lag4_rush_20_rate,0.00705621871124731,258.0,391.5,172.0,293.0,274.0,0.00042798780796473814,0.0,0.011016163977170423,20.400565302474345,7.323430054754105,0,0
327,lag4_fg_missed_50_59,0.007037343518271911,423.0,391.5,442.0,421.0,109.5,0.0001027035244086979,0.0,0.0,3.6465398890934275,34.937028695630325,0,0
328,lag1_late6_attempts,0.006998232190936723,291.0,263.0,221.0,198.0,450.5,0.00033029498769218663,0.0014386058319360018,0.007361843114320088,73.31442961517087,0.0,0,0
329,lag2_rushing_40,0.0069646691776715786,416.0,391.5,194.0,171.0,322.5,0.00011706318300897566,0.0,0.009182439383562224,89.56062945889349,4.11826736192925,0,0
330,lag2_passing_20,0.006964452345417854,326.0,391.5,344.0,215.0,181.0,0.0002520179157913387,0.0,0.0021133680711997727,59.757422662793765,16.666998455005782,0,0
331,lag3_completion_rate,0.006953522069436699,306.0,174.0,285.0,405.0,274.0,0.0002957114766449321,0.0022871727123856544,0.004394907167438733,5.310478189254287,7.323430054754105,0,0
332,lag4_history_available,0.006944968015660401,329.0,391.5,264.0,201.0,225.5,0.0002411937179951652,0.0,0.005209228400894217,70.5817530782154,11.04805853568534,0,0
333,lag1_late6_mean_delta_pat_att,0.006937845240464659,241.0,131.0,442.0,465.0,450.5,0.00048598450339972584,0.0026261932216584682,0.0,0.6078988555657894,0.0,0,0
334,lag2_fg_missed_20_29,0.006921908681373778,489.5,391.5,442.0,418.0,109.5,0.0,0.0,0.0,4.198930064277512,34.937028695630325,0,0
335,lag1_passing_interceptions,0.006916409582014512,337.0,391.5,182.0,207.0,322.5,0.00023019863250029515,0.0,0.010099655801584895,64.58624770932587,4.11826736192925,0,0
336,lag3_pat_made,0.006881549223239178,366.0,132.0,347.0,338.0,450.5,0.00017682549045681855,0.0026256542187184095,0.0019597710945360447,12.490193276191047,0.0,0,0
337,lag3_pass_yards_per_attempt,0.006879592101506314,205.0,283.0,280.0,385.0,254.5,0.0006312273270770246,0.0009615441667847335,0.004552438915032209,7.319993576706706,8.632629647648828,0,0
338,lag4_fg_missed_20_29,0.006793738770808734,462.0,391.5,341.0,481.0,119.0,2.6968369997723926e-05,0.0,0.002226214497502932,0.05194106225274439,32.17893606438032,0,0
339,missing_years_exp,0.006787522463364643,485.0,391.5,226.0,137.0,450.5,5.629700520369299e-08,0.0,0.006972664473126944,165.47825370988167,0.0,0,0
340,lag4_rushing_first_downs,0.006787110772194385,273.0,217.0,442.0,211.0,347.0,0.00037586504613015587,0.0019170914310961962,0.0,61.65135403329235,2.9638580179687306,0,0
341,lag1_fg_made_40_49,0.006779142802865198,272.0,391.5,245.0,406.0,181.0,0.0003768497151420123,0.0,0.006241925747189958,5.271640608173813,16.666998455005782,0,0
342,lag4_rushing_fumbles_lost,0.006763640436498706,441.0,391.5,170.0,266.0,245.0,7.13466482197611e-05,0.0,0.011079002871208665,32.17922715287357,9.372541998133464,0,0
343,lag2_field_goal_make_rate,0.006716372157251109,233.0,391.5,243.0,303.0,254.5,0.0004999178026089017,0.0,0.006319170649734085,17.2663720284957,8.632629647648828,0,0
344,lag3_punt_returns,0.006700830633761887,274.0,391.5,365.0,269.0,188.5,0.0003752605956508956,0.0,0.001110139783651709,29.76448291886334,15.351227556905455,0,0
345,lag4_rushing_10,0.0066946761775602956,302.0,391.5,315.0,209.0,236.5,0.00030755569967532624,0.0,0.0033109170639968877,63.33520090767982,10.175873064437653,0,0
346,missing_combine_cone,0.006688052445986557,212.0,391.5,361.0,184.0,391.0,0.0006002573950573496,0.0,0.0012042891493972974,83.67440046054642,1.5351227556905451,0,0
347,lag3_missed_field_goal_mean_distance,0.006678095228799053,270.0,391.5,442.0,343.0,157.0,0.0003907787834705694,0.0,0.0,12.184127193265065,21.33046152341688,0,0
348,missing_combine_shuttle,0.006676422127703465,204.0,391.5,442.0,166.0,450.5,0.0006315586793836454,0.0,0.0,97.83021651693149,0.0,0,0
349,lag3_gwfg_missed,0.006660118863223553,484.0,391.5,442.0,413.0,119.0,2.3601035229540233e-07,0.0,0.0,4.583580034516753,32.17893606438032,0,0
350,lag1_punt_return_yards,0.00660996327679621,185.0,391.5,359.0,206.0,450.5,0.0007361217140161487,0.0,0.0013215528137262567,64.94518756568922,0.0,0,0
351,lag2_passing_16,0.006571780766260958,323.0,391.5,195.0,219.0,377.5,0.0002586576038537145,0.0,0.009048815239171448,58.179526658655014,1.8095545549659133,0,0
352,lag1_late6_mean_delta_passing_air_yards,0.006525759738772682,190.0,206.0,322.0,486.0,450.5,0.0006983129016788705,0.0020195282995700836,0.0028820192271561407,0.029708191391957108,0.0,0,0
353,lag4_rushing_20,0.006516458728063855,379.0,391.5,202.0,213.0,335.0,0.0001632179038116713,0.0,0.008468165601085875,60.9794162853756,3.4937028695630286,0,0
354,lag3_fg_missed_30_39,0.006510916298021787,449.0,391.5,442.0,364.0,132.5,4.282872004226215e-05,0.0,0.0,9.58850059025232,27.298771883267094,0,0
355,lag1_late6_passing_air_yards,0.006481928897619327,263.0,391.5,251.0,197.0,450.5,0.0004118865456085622,0.0,0.006001550237203501,73.98909326092387,0.0,0,0
356,lag3_fg_missed_60_,0.00647050475732869,471.0,391.5,442.0,422.0,126.5,1.512497726049944e-05,0.0,0.0,3.598919497813645,29.638580179687338,0,0
357,lag4_attempts,0.006460734829070949,400.0,172.0,304.0,282.0,450.5,0.00013916480524388622,0.0023005942348390818,0.0035722383339851227,26.056182950570527,0.0,0,0
358,lag1_late6_mean_delta_fg_made,0.006422668986565336,249.0,391.5,247.0,489.0,213.0,0.00046017509327413294,0.0,0.006172311079408299,0.005992918650379818,11.995000000000005,0,0
359,lag3_passing_10,0.006416601139333384,340.0,391.5,183.0,253.0,371.0,0.00022454350005722724,0.0,0.010082232473440422,36.13578878883454,1.964653501491399,0,0
360,lag4_rushing_12,0.0064020157821716005,347.0,258.0,442.0,210.0,297.0,0.00020632033673545234,0.0014815283939242363,0.0,63.16148089232248,5.722313944024643,0,0
361,lag3_sacks_suffered,0.006388731480532247,414.0,212.0,326.0,273.0,303.0,0.00011980502532126269,0.0019406533101573586,0.0026389992980606625,28.999521716499448,5.2705676876325676,0,0
362,lag3_passing_20,0.006380016382562727,343.0,391.5,233.0,254.0,274.0,0.00022205647447366992,0.0,0.006775275946664605,35.815989540382326,7.323430054754105,0,0
363,lag4_sack_fumbles,0.006378162678043028,373.0,391.5,442.0,349.0,150.5,0.0001674573952336651,0.0,0.0,11.712214379451853,23.15871925795459,0,0
364,lag3_receiving_fumbles_lost,0.006369367926326669,418.0,391.5,314.0,170.0,309.5,0.00011026628091859723,0.0,0.0033246986653718835,90.39738687585748,4.854484395936331,0,0
365,lag3_passing_air_yards,0.006365585479023514,385.0,391.5,205.0,261.0,284.0,0.0001584557034791658,0.0,0.008312783061057427,33.46374212240143,6.74528419565824,0,0
366,lag1_weekly_slope_punt_return_yards,0.006352142208281139,211.0,391.5,271.0,482.0,245.0,0.0006050985318322063,0.0,0.004987542851093707,0.04761006979849645,9.372541998133464,0,0
367,lag4_rushing_40,0.00634739541306834,455.0,391.5,255.0,244.0,225.5,3.556461715036006e-05,0.0,0.005699670774421239,39.87231732160056,11.04805853568534,0,0
368,lag2_passing_interceptions,0.006335499685519753,363.0,391.5,442.0,260.0,181.0,0.00018126034524832476,0.0,0.0,33.51428727123908,16.666998455005782,0,0
369,lag2_fg_missed_50_59,0.0063146734382459845,399.0,391.5,442.0,416.0,141.0,0.00014083772527196547,0.0,0.0,4.334391809022701,25.143679009475264,0,0
370,lag1_late6_passing_first_downs,0.006302259095070555,275.0,391.5,292.0,190.0,450.5,0.0003720895132950045,0.0,0.004166811705682116,77.73111704525581,0.0,0,0
371,lag3_fg_missed,0.006294304616529574,442.0,391.5,364.0,314.0,163.5,6.231468034271055e-05,0.0,0.0011602027368828871,15.003107584955115,19.646535014914,0,0
372,injury_lag5_injury_reported,0.006292924315957268,395.0,391.5,442.0,196.0,225.5,0.00014711634187698804,0.0,0.0,74.2464019447154,11.04805853568534,0,0
373,lag3_fg_made_40_49,0.006273378734053051,409.0,391.5,189.0,324.0,264.0,0.0001238706698350543,0.0,0.009729834964304906,13.833741280246034,7.951129442610829,0,0
374,lag2_gwfg_made,0.006249317645000777,458.0,183.0,253.0,398.0,363.5,3.061441486663369e-05,0.0022052025888115168,0.005967261214907316,5.7398337090168,2.3158719257954576,0,0
375,lag3_punt_return_yards,0.006226152281963063,300.0,257.0,442.0,268.0,291.0,0.0003168115047838784,0.001488610403612256,0.0,29.79957928254112,6.212779877737839,0,0
376,lag3_special_teams_tds,0.0062246113386713806,457.0,391.5,442.0,285.0,163.5,3.103888491125489e-05,0.0,0.0,23.74274026288317,19.646535014914,0,0
377,lag4_passing_interceptions,0.006179984677859894,371.0,391.5,442.0,316.0,171.5,0.00017055463767652222,0.0,0.0,14.648628158992745,18.09554554965914,0,0
378,lag3_passing_first_downs,0.006151017337460157,434.0,235.0,321.0,256.0,335.0,8.281885853241932e-05,0.0017848218558356166,0.002889226262059008,35.19170322776516,3.4937028695630286,0,0
379,lag2_made_field_goal_mean_distance,0.006143220073689154,213.0,391.5,282.0,319.0,371.0,0.0005941450601222564,0.0,0.004503339112243987,14.41354376068297,1.964653501491399,0,0
380,lag3_passing_interceptions,0.006142180616614122,364.0,391.5,278.0,287.0,236.5,0.00017899369377124018,0.0,0.004565472278619032,22.42573852745258,10.175873064437653,0,0
381,lag3_passing_yards_after_catch,0.006139081457850793,339.0,273.0,378.0,250.0,309.5,0.00022599193932702907,0.001191625720821321,0.0007557584706816556,37.4313317377949,4.854484395936331,0,0
382,lag3_rushing_fumbles,0.0061315395978297,338.0,391.5,442.0,193.0,284.0,0.00023016071432959082,0.0,0.0,75.80883391679257,6.74528419565824,0,0
383,lag2_passing_yards,0.0061271351483379415,268.0,270.0,442.0,221.0,450.5,0.000395306368406407,0.0012485830811783671,0.0,57.49431097870487,0.0,0,0
384,lag3_attempts,0.006106566112753908,412.0,245.0,246.0,264.0,450.5,0.00012339075181994449,0.0015851056668907404,0.006195037952752225,32.78517362834372,0.0,0,0
385,lag4_receiving_fumbles_lost,0.006104436652381678,369.0,391.5,273.0,227.0,309.5,0.00017170569094373286,0.0,0.00473920208973122,54.93690708469389,4.854484395936331,0,0
386,lag4_fg_made_30_39,0.006100600219788687,359.0,391.5,442.0,391.0,163.5,0.00018461084284507865,0.0,0.0,6.747068287409533,19.646535014914,0,0
387,lag2_passing_10,0.006088032532126347,312.0,288.0,367.0,223.0,398.5,0.0002863196596364813,0.0006528902449645102,0.0010389883693910917,57.26776643612034,1.4139329774349076,0,0
388,lag4_punt_returns,0.006085954247173899,375.0,391.5,381.0,263.0,213.0,0.00016604768463987125,0.0,0.0005306475081421347,33.29535949815648,11.995000000000005,0,0
389,lag1_fg_made_30_39,0.006038222110329068,289.0,249.0,442.0,386.0,264.0,0.0003372661696695857,0.0015420742565765977,0.0,7.301888370839234,7.951129442610829,0,0
390,lag1_fg_missed_30_39,0.006030597569907457,439.0,391.5,442.0,428.0,150.5,7.321476622749441e-05,0.0,0.0,3.1581413925195525,23.15871925795459,0,0
391,lag1_weekly_slope_passing_air_yards,0.00600549893926629,303.0,391.5,265.0,461.0,225.5,0.0003029982054825968,0.0,0.005155405285561132,0.6673827804746946,11.04805853568534,0,0
392,lag2_completions,0.0059996731407608445,290.0,391.5,275.0,225.0,450.5,0.00033632100110157564,0.0,0.004634696809757921,56.28736503851648,0.0,0,0
393,lag1_fg_made_0_19,0.005986199101338469,469.0,391.5,232.0,431.0,203.0,2.0675631587979014e-05,0.0,0.0067845393180916425,2.947276679129668,13.023104877229443,0,0
394,lag3_fg_missed_40_49,0.0059720170395619505,411.0,391.5,323.0,352.0,194.5,0.0001234674660998819,0.0,0.002762563551875097,11.520078954044738,14.139329774349083,0,0
395,lag3_fg_blocked,0.005971316188435235,448.0,391.5,293.0,424.0,181.0,4.3789996298619095e-05,0.0,0.004164278024162638,3.4474480773387177,16.666998455005782,0,0
396,lag1_fg_made,0.005951432182365171,228.0,223.0,442.0,392.0,450.5,0.0005172179933924708,0.0019028757233172655,0.0,6.580149228458445,0.0,0,0
397,lag3_fg_made_30_39,0.005933004821673861,413.0,391.5,328.0,307.0,213.0,0.0001232811079683782,0.0,0.002574585178344746,16.147356616125464,11.995000000000005,0,0
398,lag2_pat_made,0.005909439318286899,327.0,391.5,442.0,308.0,213.0,0.00025157488154417437,0.0,0.0,15.99344350575098,11.995000000000005,0,0
399,lag1_fg_missed,0.005908084492226482,361.0,391.5,175.0,331.0,450.5,0.00018181216962306478,0.0,0.010854450351295064,13.235515971025997,0.0,0,0
400,lag4_sack_yards_lost,0.005899461957721767,353.0,279.0,254.0,290.0,450.5,0.0002024785391728864,0.0010378542356193066,0.005950150413039701,20.667838936858274,0.0,0,0
401,lag2_sacks_suffered,0.005878792720810538,389.0,280.0,348.0,239.0,377.5,0.0001548896237895414,0.0010279201669618487,0.0019491359381897944,45.713791652719735,1.8095545549659133,0,0
402,lag1_late6_mean_delta_fg_att,0.005875119233835174,262.0,391.5,325.0,470.0,236.5,0.0004130123703410829,0.0,0.0027562599384745035,0.4071414597929102,10.175873064437653,0,0
403,lag3_passing_40,0.005854263546086416,417.0,391.5,442.0,247.0,225.5,0.00011700022105936713,0.0,0.0,38.75726162378997,11.04805853568534,0,0
404,lag1_late6_mean_delta_passing_yards_after_catch,0.005839471360021265,315.0,391.5,206.0,485.0,303.0,0.0002819506694004365,0.0,0.00828754785654029,0.032769768500922995,5.2705676876325676,0,0
405,lag3_rushing_fumbles_lost,0.005830461423480533,388.0,391.5,376.0,216.0,303.0,0.00015495173027683297,0.0,0.0007985408995652143,58.89114063381519,5.2705676876325676,0,0
406,lag2_pat_make_rate,0.005805539857258547,377.0,391.5,236.0,312.0,316.0,0.0001641165219391228,0.0,0.006753489439754512,15.20508100472983,4.471248667517767,0,0
407,lag3_fg_made_0_19,0.005794250224559323,470.0,391.5,360.0,447.0,171.5,1.565284030374536e-05,0.0,0.0012929405360950774,1.643693814582194,18.09554554965914,0,0
408,lag4_gwfg_missed,0.005792984825353217,483.0,391.5,442.0,456.0,157.0,4.755048227235604e-07,0.0,0.0,0.9572471069058682,21.33046152341688,0,0
409,lag4_pat_made,0.005785711039013145,428.0,391.5,287.0,354.0,225.5,9.381165712734756e-05,0.0,0.004331424454836474,11.379144355681543,11.04805853568534,0,0
410,lag3_passing_tds,0.005778566533015815,281.0,391.5,308.0,245.0,450.5,0.00036159554365028444,0.0,0.0035006830589023874,39.490201856769964,0.0,0,0
411,lag1_weekly_slope_passing_20,0.005750630640872242,317.0,218.0,386.0,450.0,352.5,0.0002740911156106833,0.0019145981641486287,0.0003980718344895884,1.4862883577675212,2.729877188326707,0,0
412,lag4_fg_made,0.005733186084703668,372.0,391.5,178.0,368.0,450.5,0.00016873200208304193,0.0,0.010641618703437272,9.095218045683072,0.0,0,0
413,lag1_late6_mean_delta_passing_first_downs,0.00568142430205879,328.0,231.0,442.0,480.0,291.0,0.0002481414303849551,0.0018426419701427221,0.0,0.1106068521217441,6.212779877737839,0,0
414,lag4_fg_missed_30_39,0.005679170267915853,461.0,391.5,338.0,375.0,203.0,2.7325892652925915e-05,0.0,0.002327391651872679,7.905958125039932,13.023104877229443,0,0
415,lag4_rushing_fumbles,0.0056389258104907495,404.0,391.5,263.0,246.0,406.5,0.00013525861041689463,0.0,0.005215992091024857,39.113976624881275,1.1995,0,0
416,lag3_fg_made,0.005620816559496516,298.0,391.5,256.0,306.0,450.5,0.0003177838718359021,0.0,0.005657753119456599,16.1486740092635,0.0,0,0
417,lag2_attempts,0.0056159598221704994,308.0,391.5,366.0,226.0,450.5,0.0002943723937063926,0.0,0.0010500705668492483,55.18841424535809,0.0,0,0
418,lag1_fg_made_distance,0.0055942510666627965,244.0,391.5,266.0,390.0,450.5,0.0004695089372540146,0.0,0.005152553950486194,6.78688723269173,0.0,0,0
419,lag1_late6_fg_made,0.005587774970801398,286.0,224.0,442.0,400.0,450.5,0.00034668607419959213,0.0019015490543097258,0.0,5.6673161029470664,0.0,0,0
420,lag1_pat_make_rate,0.005577287704627201,287.0,391.5,442.0,297.0,303.0,0.00034341032409358806,0.0,0.0,18.886455555999248,5.2705676876325676,0,0
421,lag1_late6_mean_delta_passing_yards,0.005555814618313071,322.0,266.0,290.0,490.0,377.5,0.00026156908296055804,0.0013855637516826391,0.004210759978553469,0.004681259965978228,1.8095545549659133,0,0
422,lag1_fg_att,0.005541674775257887,316.0,391.5,220.0,374.0,450.5,0.0002811970710159405,0.0,0.007407994013180819,7.925639058390128,0.0,0,0
423,lag3_sack_fumbles,0.005507609990752173,437.0,391.5,442.0,291.0,236.5,7.709990086926465e-05,0.0,0.0,20.648519996940127,10.175873064437653,0,0
424,lag4_passing_20,0.005503238793299933,387.0,275.0,442.0,272.0,383.5,0.00015653913515969718,0.001163399894721806,0.0,29.174103122401647,1.6666998455005781,0,0
425,lag1_fg_missed_60_,0.005490804118000052,472.0,391.5,442.0,453.0,181.0,1.4488731422516453e-05,0.0,0.0,1.32638723692808,16.666998455005782,0,0
426,lag4_fg_made_0_19,0.005480212610878857,467.0,391.5,358.0,434.0,203.0,2.268373280411639e-05,0.0,0.0013236989649016984,2.6198495783322246,13.023104877229443,0,0
427,lag1_made_field_goal_mean_distance,0.005478386493345151,229.0,391.5,442.0,301.0,450.5,0.0005141072078568407,0.0,0.0,17.41315038449833,0.0,0,0
428,lag1_weekly_slope_pat_att,0.005472432102598792,261.0,278.0,374.0,492.0,391.0,0.0004148042840107745,0.0010495660826563835,0.0008285345238769892,0.00019182480385159328,1.5351227556905451,0,0
429,lag4_gwfg_distance,0.005453954873684708,401.0,391.5,229.0,423.0,322.5,0.0001374431455340956,0.0,0.006863754333546357,3.460274877542554,4.11826736192925,0,0
430,lag2_fg_missed_60_,0.005443279322920061,474.0,391.5,442.0,479.0,181.0,1.0228488257444266e-05,0.0,0.0,0.1512802434886318,16.666998455005782,0,0
431,lag1_late6_fg_att,0.005438025550391438,318.0,228.0,442.0,394.0,450.5,0.0002709938913077156,0.0018551885150372982,0.0,5.98287079069371,0.0,0,0
432,lag1_weekly_slope_attempts,0.005434175965917523,320.0,272.0,442.0,462.0,303.0,0.0002627965551477452,0.0012346607400104403,0.0,0.6583168684860202,5.2705676876325676,0,0
433,lag3_made_field_goal_mean_distance,0.005421163735892371,250.0,391.5,353.0,330.0,450.5,0.00044991601515879,0.0,0.0016183835906264932,13.346363706426095,0.0,0,0
434,lag4_fg_missed_distance,0.005419747141144458,297.0,262.0,442.0,399.0,391.0,0.0003188913674812552,0.001441253232769668,0.0,5.718469781978411,1.5351227556905451,0,0
435,lag3_passing_16,0.005397016111387278,367.0,391.5,350.0,251.0,403.5,0.00017557581054430209,0.0,0.001708471789392041,36.75717148380674,1.3023104877229437,0,0
436,lag4_pat_make_rate,0.0053920575061286976,430.0,391.5,207.0,348.0,450.5,9.111227468280645e-05,0.0,0.008192172754273752,11.722028740613897,0.0,0,0
437,lag4_fg_missed,0.005372588939461708,421.0,391.5,196.0,396.0,450.5,0.00010472912847812458,0.0,0.009011906059166241,5.964747868356446,0.0,0,0
438,lag1_sack_fumbles_lost,0.005319406365331144,427.0,391.5,311.0,243.0,450.5,9.429899328484711e-05,0.0,0.003385917840067254,41.899315637322196,0.0,0,0
439,lag4_fg_blocked,0.005311694031599385,460.0,391.5,318.0,420.0,245.0,2.73501079468271e-05,0.0,0.0030756295443057358,3.6579006375246412,9.372541998133464,0,0
440,lag2_fg_made_30_39,0.005308663189571873,391.0,391.5,442.0,341.0,254.5,0.0001532969956743712,0.0,0.0,12.265868228320775,8.632629647648828,0,0
441,lag3_field_goal_make_rate,0.005306113995931431,296.0,391.5,442.0,320.0,341.0,0.0003195845319147358,0.0,0.0,14.385622858313553,3.217893606438029,0,0
442,lag1_fg_missed_20_29,0.005299860694173886,464.0,391.5,219.0,458.0,329.5,2.4147466639460367e-05,0.0,0.007510014312968272,0.8716167855318139,3.7931520533719687,0,0
443,lag4_pat_att,0.005275632543097279,398.0,391.5,343.0,355.0,291.0,0.0001426170200609926,0.0,0.002205092175734613,11.324089132331682,6.212779877737839,0,0
444,lag4_made_field_goal_mean_distance,0.005275582896452893,356.0,276.0,442.0,336.0,403.5,0.00019262191251757889,0.0011286417720839381,0.0,12.643795034152577,1.3023104877229437,0,0
445,lag3_fg_made_60_,0.005271155079108331,480.0,391.5,298.0,460.0,245.0,2.1601027473397193e-06,0.0,0.003834564745036184,0.7175998640946823,9.372541998133464,0,0
446,lag3_pat_blocked,0.005265481989607458,476.0,391.5,331.0,437.0,236.5,5.8471895899672125e-06,0.0,0.002480122383048622,2.5804571027334475,10.175873064437653,0,0
447,lag2_fg_made_distance,0.005246986081364786,382.0,391.5,283.0,345.0,377.5,0.00016163958047274706,0.0,0.004490498697953482,12.045744227021153,1.8095545549659133,0,0
448,lag1_gwfg_blocked,0.005232757967604764,489.5,391.5,332.0,487.5,225.5,0.0,0.0,0.0024175349332191676,0.02306604081272207,11.04805853568534,0,0
449,lag3_passing_yards,0.005232237115860742,319.0,391.5,442.0,255.0,450.5,0.00027077377724808786,0.0,0.0,35.65034988995113,0.0,0,0
450,lag3_completions,0.005225996277364538,426.0,391.5,442.0,259.0,329.5,9.547497070717865e-05,0.0,0.0,33.63101440854044,3.7931520533719687,0,0
451,lag4_fg_made_distance,0.005212454882598301,370.0,391.5,249.0,366.0,450.5,0.0001711968482737795,0.0,0.006072998030790533,9.355948508149496,0.0,0,0
452,lag4_fg_att,0.005201023775050988,350.0,391.5,260.0,371.0,450.5,0.00020395369914258935,0.0,0.0055586191980789845,8.939729825643996,0.0,0,0
453,lag3_pat_att,0.005198556956266682,381.0,391.5,261.0,340.0,450.5,0.0001624543731779407,0.0,0.005453358230179006,12.319006347769479,0.0,0,0
454,lag3_fg_missed_50_59,0.0051948652944272455,443.0,391.5,286.0,372.0,322.5,6.197400460280703e-05,0.0,0.004363902430186473,8.274867644209568,4.11826736192925,0,0
455,lag1_gwfg_distance,0.005193654198989879,325.0,391.5,324.0,402.0,352.5,0.0002544983455707079,0.0,0.0027595835558142934,5.4475941235643734,2.729877188326707,0,0
456,lag4_completions,0.005165575997091822,407.0,391.5,442.0,279.0,329.5,0.00012939403016270156,0.0,0.0,27.246580304041164,3.7931520533719687,0,0
457,lag4_fg_made_40_49,0.0051640815935181,432.0,391.5,382.0,362.0,274.0,8.921574211411275e-05,0.0,0.0004982882676403122,9.861199256588264,7.323430054754105,0,0
458,lag2_fg_made,0.005152091906529993,420.0,391.5,257.0,332.0,450.5,0.00010558046250311227,0.0,0.0056568480741991944,13.012116244482055,0.0,0,0
459,lag3_gwfg_att,0.0050955062531405715,466.0,391.5,442.0,382.0,245.0,2.2942521158304434e-05,0.0,0.0,7.414780987053567,9.372541998133464,0,0
460,lag2_fg_missed_distance,0.005094643363573432,288.0,391.5,442.0,370.0,371.0,0.0003420855399398959,0.0,0.0,9.085288637388283,1.964653501491399,0,0
461,lag2_fg_att,0.005073260186082565,422.0,391.5,272.0,333.0,450.5,0.00010417948959770687,0.0,0.004945857232897755,12.913579452887817,0.0,0,0
462,lag4_kickoff_returns,0.005055137982250966,277.0,391.5,442.0,373.0,403.5,0.0003661799555710098,0.0,0.0,7.941073776525419,1.3023104877229437,0,0
463,lag4_fg_missed_60_,0.005034376858462362,489.5,391.5,442.0,457.0,225.5,0.0,0.0,0.0,0.9299256378122481,11.04805853568534,0,0
464,lag2_sack_fumbles,0.005032618650097412,429.0,391.5,337.0,280.0,450.5,9.198527519018396e-05,0.0,0.0023498388696088224,26.967549305821027,0.0,0,0
465,lag2_fg_made_50_59,0.005022193285035018,435.0,391.5,354.0,378.0,309.5,7.949814958200233e-05,0.0,0.001606026040152475,7.804147678067913,4.854484395936331,0,0
466,lag2_gwfg_missed,0.005014130233368082,468.0,391.5,442.0,491.0,225.5,2.2493070885036108e-05,0.0,0.0,0.0016859936876766667,11.04805853568534,0,0
467,lag3_fg_missed_20_29,0.004978338900243727,479.0,391.5,368.0,443.0,264.0,2.6347322724607725e-06,0.0,0.0009721843098526861,2.143948030201337,7.951129442610829,0,0
468,lag2_fg_missed,0.004962152803742239,424.0,391.5,442.0,359.0,297.0,9.970384162278182e-05,0.0,0.0,10.247757608974041,5.722313944024643,0,0
469,lag3_fg_att,0.004955830550846196,330.0,391.5,442.0,305.0,450.5,0.0002398923295407954,0.0,0.0,16.382345071404224,0.0,0,0
470,lag2_fg_missed_40_49,0.004946772490597205,402.0,391.5,442.0,383.0,297.0,0.0001370516321055278,0.0,0.0,7.380811057268766,5.722313944024643,0,0
471,lag4_fg_made_50_59,0.00494405201627652,438.0,391.5,442.0,377.0,284.0,7.38078808827838e-05,0.0,0.0,7.804183956869154,6.74528419565824,0,0
472,lag3_gwfg_distance,0.004921856980029698,368.0,391.5,442.0,397.0,316.0,0.00017261831015004148,0.0,0.0,5.890003170593055,4.471248667517767,0,0
473,lag3_fg_made_distance,0.0048922353675247025,342.0,391.5,442.0,311.0,450.5,0.0002234762707736029,0.0,0.0,15.297057265951768,0.0,0,0
474,lag3_fg_missed_distance,0.0048817094784409255,383.0,391.5,375.0,318.0,450.5,0.00015931106563396268,0.0,0.0008230445861607816,14.562504568654694,0.0,0,0
475,lag4_field_goal_make_rate,0.004879230634564281,386.0,391.5,345.0,339.0,450.5,0.00015825037559359382,0.0,0.0020792414883852306,12.384687810019143,0.0,0,0
476,lag1_fg_made_50_59,0.004866155230425316,351.0,391.5,442.0,404.0,341.0,0.0002034453375301046,0.0,0.0,5.362160855582781,3.217893606438029,0,0
477,lag4_passing_yards,0.004847509945582553,415.0,391.5,442.0,276.0,450.5,0.00011777515406873744,0.0,0.0,28.663956246281504,0.0,0,0
478,lag1_gwfg_made,0.004840114757710899,454.0,391.5,262.0,414.0,450.5,3.6583738373138624e-05,0.0,0.005438972284158128,4.434359004757545,0.0,0,0
479,lag3_pat_make_rate,0.004838907780159359,440.0,391.5,330.0,328.0,450.5,7.27835057974997e-05,0.0,0.0024902131421182805,13.508338765295614,0.0,0,0
480,lag4_pat_blocked,0.00482261925111593,473.0,391.5,442.0,451.0,264.0,1.0878367138309712e-05,0.0,0.0,1.4100284550047044,7.951129442610829,0,0
481,lag1_late6_mean_delta_attempts,0.004799578004876685,305.0,391.5,442.0,484.0,366.5,0.0002991639267476234,0.0,0.0,0.03757962415238146,2.133046152341687,0,0
482,lag1_weekly_slope_passing_yards,0.004749879148050485,336.0,391.5,442.0,459.0,358.5,0.00023169511276775886,0.0,0.0,0.8328902361076262,2.514367900947524,0,0
483,lag4_missed_field_goal_mean_distance,0.004745770142749574,341.0,391.5,442.0,356.0,450.5,0.00022411571106980023,0.0,0.0,10.678477640521173,0.0,0,0
484,lag2_pat_missed,0.004726590170058277,446.0,391.5,442.0,393.0,322.5,4.9235470143580444e-05,0.0,0.0,6.250815828117273,4.11826736192925,0,0
485,lag4_sack_fumbles_lost,0.0047120438666062355,453.0,391.5,442.0,344.0,363.5,3.7166879210226694e-05,0.0,0.0,12.110141751464958,2.3158719257954576,0,0
486,lag2_gwfg_att,0.0045935661627650205,450.0,391.5,327.0,415.0,450.5,3.846002744692502e-05,0.0,0.0025939161322672266,4.4296950233408126,0.0,0,0
487,lag4_gwfg_att,0.004530352083819577,456.0,391.5,336.0,427.0,450.5,3.518248125048053e-05,0.0,0.00235324601380249,3.2589602580749326,0.0,0,0
488,lag1_gwfg_att,0.004502176764433986,447.0,391.5,442.0,407.0,383.5,4.425176386845107e-05,0.0,0.0,5.239472168856128,1.6666998455005781,0,0
489,lag2_fg_missed_30_39,0.004500773409778543,445.0,391.5,442.0,351.0,450.5,5.002949751974478e-05,0.0,0.0,11.670628347942941,0.0,0,0
490,lag4_gwfg_blocked,0.004458994102953314,489.5,391.5,442.0,478.0,329.5,0.0,0.0,0.0,0.15929276305028342,3.7931520533719687,0,0
491,lag3_gwfg_blocked,0.004404492481838918,489.5,391.5,442.0,487.5,341.0,0.0,0.0,0.0,0.02306604081272207,3.217893606438029,0,0
492,lag3_gwfg_made,0.00435673211384354,452.0,391.5,442.0,401.0,450.5,3.774034358732846e-05,0.0,0.0,5.574060462413592,0.0,0,0
493,lag4_fg_made_60_,0.004259508024468698,489.5,391.5,442.0,476.0,398.5,0.0,0.0,0.0,0.19816896038849433,1.4139329774349076,0,0
