feature,featureranker_score,featureranker_rank,featureranker_rank_rf,featureranker_rank_xg,featureranker_rank_mi,featureranker_rank_f_test,featureranker_rank_l1,featureranker_score_rf,featureranker_score_xg,featureranker_score_mi,featureranker_score_f_test,featureranker_score_l1
lag1_games,0.03556427034325996,1,25.0,7.0,7.0,1.0,1.5,0.007625414410327517,0.006301742047071457,0.029224967554492665,431.8391418457031,767.3266742398569
lag1_receiving_yards_after_catch,0.03060362327165308,2,4.0,2.0,21.0,4.0,3.0,0.022960795565425626,0.01732158288359642,0.024672799054112904,384.5500183105469,609.5092426057995
lag1_catch_rate,0.029233780256283363,3,12.0,5.0,32.0,2.0,1.5,0.013711380247149928,0.0072042797692120075,0.021890531049876927,427.6365051269531,767.3266742398569
missing_combine_bench,0.028859241586445955,4,127.0,1.0,94.0,51.0,12.5,0.0020910575397259414,0.023889239877462387,0.010520247858514686,158.26490783691406,305.47825117185454
age,0.023891062327279184,5,1.0,84.0,54.0,111.0,306.0,0.0445601655578163,0.0029103944543749094,0.017304722419869245,69.82746124267578,4.6848380391352045
lag1_targets_per_game,0.022518089216191004,6,29.0,76.0,1.0,6.0,440.0,0.0073779331469573505,0.002992890542373061,0.03425290286554761,356.4535217285156,0.0
missing_draft_number,0.013348205894394935,7,100.0,3.0,57.0,23.5,6.5,0.002843443253212503,0.012846513651311398,0.016997617968630196,251.6823272705078,484.15040072719836
lag1_share_receptions_prior_team,0.013232435833959687,8,11.0,224.0,2.0,10.0,164.5,0.014018607578512376,0.0021529889199882746,0.033543925271410036,338.36138916015625,14.814758672664311
weight,0.012065424704703863,9,2.0,233.0,103.0,99.0,190.0,0.03150415458736049,0.0021179274190217257,0.00992682483770091,80.70984649658203,12.567995309154538
missing_age,0.00955481228778107,10,157.0,4.0,87.0,53.0,9.5,0.0015730590172211884,0.010911373421549797,0.011228152883413944,157.33897399902344,342.7522352027111
lag1_receptions_per_game,0.009279625816280904,11,42.0,147.0,28.0,3.0,6.5,0.006078788864151096,0.0024889667984098196,0.02359890183608826,385.9012451171875,484.15040072719836
draft_number,0.00924695329689883,12,3.0,33.0,31.0,156.0,328.5,0.026549548007017646,0.0036981168668717146,0.022785181364552543,36.425209045410156,3.660595354418332
lag1_offense_snaps,0.007897428023217098,13,13.0,26.0,22.0,7.0,9.5,0.013500036583799882,0.003905795980244875,0.02457196856254673,343.0535583496094,342.7522352027111
lag1_weekly_slope_receiving_first_downs,0.007719817862072804,14,46.0,157.0,3.0,282.0,34.5,0.00596923073412724,0.0024342306423932314,0.030486065791198724,11.705072402954102,76.73266742398576
combine_bench,0.007054754548175954,15,6.0,90.0,61.0,47.0,9.5,0.015735678639566687,0.0028718060348182917,0.01582943284834548,166.0384521484375,342.7522352027111
lag1_receiving_yards_per_target,0.0068127016005695065,16,21.0,109.0,41.0,5.0,9.5,0.008945089615482552,0.0027084914036095142,0.020064688109627138,359.19317626953125,342.7522352027111
missing_draft_round,0.006486219319568558,17,113.0,42.0,109.0,23.5,4.5,0.0024527628677412693,0.0035268000792711973,0.009128860093547742,251.6823272705078,543.2256842736074
was_drafted,0.006039309706578426,18,76.0,462.0,81.0,25.0,4.5,0.003606479752923547,0.0,0.012724828322919324,251.6818389892578,543.2256842736074
is_rookie,0.0060345169477078785,19,93.0,6.0,356.0,499.0,17.0,0.002978356663761031,0.007174278609454632,0.00015489375920640924,0.03857008367776871,223.49407283735272
lag1_late6_receptions,0.005944011939334644,20,83.0,160.0,4.0,21.0,245.5,0.0033131833622278293,0.002427947474643588,0.03014661977496158,264.0875549316406,7.673266742398568
lag1_receiving_yards,0.005362526917396586,21,9.0,97.0,11.0,18.0,440.0,0.01419245198038901,0.0028003626503050327,0.02718110942020946,286.0697326660156,0.0
combine_forty,0.00530590122039516,22,5.0,249.0,99.0,87.0,89.5,0.01947324256406486,0.0020494014024734497,0.010017539749407334,89.30953979492188,28.602820923266403
years_exp,0.00498098748296861,23,32.0,9.0,189.0,472.0,18.5,0.00718302552919314,0.005101101007312536,0.005011197010450497,0.2503181993961334,189.59960949121157
lag1_receiving_yards_after_catch_per_reception,0.0049106014343048374,24,18.0,115.0,46.0,11.0,12.5,0.009926684870583452,0.0026619366835802794,0.01897692779488125,334.572021484375,305.47825117185454
lag1_offense_snaps_per_game,0.004785014943537436,25,20.0,52.0,25.0,16.0,14.5,0.009422940362058417,0.003336874768137932,0.023890409544226276,305.1913757324219,272.2577779363713
lag1_receiving_20,0.004745741138075415,26,114.0,148.0,5.0,27.0,440.0,0.002449124917207431,0.0024850654881447554,0.029712963989033225,230.9529571533203,0.0
lag1_receiving_yards_per_reception,0.004209395090535587,27,33.0,142.0,42.0,8.0,18.5,0.007139491965207609,0.00251317978836596,0.01997455576294427,342.17669677734375,189.59960949121157
lag1_late6_mean_delta_receiving_first_downs,0.003907187786950497,28,49.0,154.0,6.0,398.0,440.0,0.005670227975187845,0.0024555865675210953,0.02960472921333568,2.1557364463806152,0.0
lag1_receiving_10,0.0038738714429775575,29,70.0,62.0,8.0,20.0,360.5,0.003739468911165243,0.0031993654556572437,0.028640857221257532,269.13037109375,2.4265
lag1_receiving_air_yards_per_target,0.0038495788287300735,30,19.0,104.0,13.0,57.0,32.5,0.00957349478692112,0.0027419165708124638,0.026402667893894005,145.62449645996094,83.30951024361264
combine_vertical,0.003835006491882871,31,7.0,116.0,170.0,95.0,347.5,0.015408661264780464,0.002657155506312847,0.005795410893238984,83.39130401611328,3.1054400722660342
lag1_share_targets_prior_team,0.003827328295225942,32,16.0,235.0,16.0,13.0,440.0,0.011262584302264745,0.002111653098836541,0.025710358111773468,325.75360107421875,0.0
lag2_offense_snaps,0.003767396446086685,33,28.0,43.0,51.0,31.0,14.5,0.007439300678628795,0.003520204685628414,0.017860607974670595,219.1427001953125,272.2577779363713
lag1_receiving_first_down_rate,0.003765514287989133,34,30.0,217.0,20.0,15.0,21.5,0.007331636122645096,0.002191459760069847,0.02475149181880809,323.4775695800781,148.14758672664303
position_TE,0.0037505560845646057,35,87.0,11.0,180.0,241.0,24.0,0.0030906183517246614,0.004623570945113897,0.00526606069658575,16.187484741210938,125.67995309154537
lag1_rushing_12,0.003676371154533043,36,170.0,10.0,38.0,56.0,143.0,0.0014088351061029459,0.00506950169801712,0.020558303734509176,151.1561737060547,17.463172855372974
lag2_passing_16,0.0035182429891635904,37,278.0,8.0,439.0,372.0,440.0,0.0005153352617823396,0.005150164011865854,0.0,3.2952635288238525,0.0
lag1_receiving_yards_per_game,0.0034290582438949537,38,27.0,186.0,17.0,12.0,114.5,0.007473409654072639,0.0023139743134379387,0.025259193072243225,328.7822570800781,22.34940728373529
lag1_receiving_first_downs,0.003381240812518305,39,81.0,138.0,9.0,19.0,283.0,0.0033636658529573814,0.002523242961615324,0.028512963988148954,277.9803466796875,5.5223401396204705
height,0.003323438227768361,40,8.0,240.0,126.0,101.0,440.0,0.01499848752251099,0.0020841655787080526,0.008074009168576035,78.88428497314453,0.0
lag1_receptions,0.0032122659197301004,41,34.0,45.0,47.0,9.0,440.0,0.006900227563203118,0.0034951919224113226,0.018747381482755898,339.2535705566406,0.0
lag1_carries,0.002964194779135066,42,126.0,12.0,77.0,48.0,440.0,0.002098802908139463,0.004544728901237249,0.013176925881505541,165.58290100097656,0.0
lag1_targets,0.002867444616341784,43,40.0,95.0,19.0,14.0,440.0,0.006098224191452114,0.002811093581840396,0.024802025467544953,323.6778564453125,0.0
lag1_receiving_16,0.0027401411741989,44,23.0,314.0,18.0,26.0,283.0,0.007759601502398244,0.0016914790030568838,0.02524159480598276,244.5425262451172,5.5223401396204705
combine_broad_jump,0.0027234655763871147,45,10.0,263.0,233.0,97.0,221.5,0.014100045992745237,0.0019961800426244736,0.003556384153525105,81.18754577636719,9.820263765518554
lag1_late6_mean_delta_receptions,0.0026777013809313258,46,48.0,153.0,10.0,411.0,264.5,0.005706957469948772,0.002459802431985736,0.0276690684628218,1.7071926593780518,6.50956134724625
draft_round,0.0026478252983949497,47,17.0,41.0,55.0,124.0,114.5,0.010102493829831992,0.0035305998753756285,0.01712625586921157,55.01136016845703,22.34940728373529
lag1_late6_targets,0.0026180368802200186,48,102.0,205.0,12.0,22.0,353.0,0.0027800124756462846,0.002216959837824106,0.026579023532351975,257.97772216796875,2.8602820923266394
lag1_weekly_slope_receiving_air_yards,0.0026059504276308557,49,24.0,114.0,15.0,359.0,211.5,0.007741779133262196,0.002663650084286928,0.025963110442713377,4.09746789932251,10.661969565686057
lag1_rushing_yards_per_game,0.0025033654178648872,50,68.0,170.0,65.0,40.0,16.0,0.003814594836075579,0.002371413167566061,0.01532505592055955,174.95159912109375,242.64999999999998
combine_cone,0.0024670225785386577,51,15.0,219.0,121.0,186.0,38.0,0.011759275335000777,0.002178849885240197,0.008369188281555306,23.622310638427734,70.67503137136056
lag1_receiving_20_rate,0.002385727322627869,52,51.0,163.0,34.0,41.0,25.0,0.005373834041469784,0.0024050127249211073,0.021496144175876752,169.41256713867188,115.75818912193249
lag1_late6_mean_delta_receiving_air_yards,0.0023439967501973913,53,22.0,208.0,29.0,422.0,46.0,0.008175068968825252,0.00221292395144701,0.023347366857130458,1.4425238370895386,59.95666094707072
lag1_fg_missed_50_59,0.0023203932817771355,54,471.0,13.0,439.0,274.0,152.5,4.655765094692941e-05,0.004394812043756247,0.0,12.784972190856934,16.084548222171886
injury_lag1_reserve_weeks,0.0022868279663015036,55,44.0,48.0,317.0,278.0,20.0,0.006077225887926718,0.003425390925258398,0.001135542991695937,12.31564712524414,160.84548222171873
lag1_fg_made_20_29,0.0022548803452949098,56,175.0,16.0,93.0,295.0,100.5,0.001330182400470527,0.00432002916932106,0.010639915526231114,9.67745590209961,26.344780312294496
lag1_late6_mean_delta_receiving_yards,0.0022181690666149925,57,37.0,178.0,14.0,401.0,440.0,0.0062331114892610635,0.0023406532127410173,0.026162531493127306,1.9583885669708252,0.0
lag1_late6_receiving_yards,0.0022042373432414135,58,61.0,32.0,39.0,30.0,347.5,0.004496015140334888,0.003747873241081834,0.020115271013016134,221.09690856933594,3.1054400722660342
lag1_rushing_40,0.0021435692613118998,59,296.0,21.0,309.0,82.0,38.0,0.0004363069513271009,0.004044319503009319,0.001399676114507642,92.31993865966797,70.67503137136056
lag4_fg_missed_distance,0.00213423341894908,60,454.0,14.0,209.0,253.0,440.0,7.190739669411992e-05,0.004366312175989151,0.00454288761239674,15.179157257080078,0.0
lag4_rushing_20,0.0020946704152899343,61,328.0,15.0,138.0,184.0,440.0,0.00032629584933519396,0.004345372319221497,0.007351871138449706,24.25330924987793,0.0
combine_shuttle,0.0020753118525544843,62,14.0,189.0,158.0,163.0,253.0,0.012281348857436012,0.002297620754688978,0.006403459540945011,32.73390197753906,7.067503137136048
lag1_rushing_10,0.0019995364858341877,63,129.0,20.0,127.0,49.0,296.0,0.0020516646893312,0.0041314540430903435,0.008031144619731867,163.85812377929688,5.08638075168751
lag1_roster_weeks,0.001985583685455659,64,26.0,56.0,134.0,121.0,59.0,0.007537992322873158,0.003261265577748418,0.007546444236470551,59.30147933959961,43.14994988459447
lag1_rush_yards_per_carry,0.0019722909746451253,65,47.0,174.0,59.0,71.0,27.0,0.005755251998004113,0.002367692766711116,0.01638418874576253,122.2484130859375,106.61969565686063
lag1_late6_receiving_yards_after_catch,0.0018442849663570663,66,54.0,293.0,44.0,17.0,211.5,0.0051495743420006896,0.00181237468495965,0.019234738547973862,291.2527160644531,10.661969565686057
lag3_fg_missed_40_49,0.0018433842169439446,67,396.0,18.0,150.0,305.0,152.5,0.00017549445213175928,0.004195728339254856,0.0066758816503165175,8.321390151977539,16.084548222171886
lag1_late6_receiving_air_yards,0.001807249925454529,68,39.0,130.0,35.0,67.0,82.5,0.006158458900049054,0.0025816909037530422,0.021156324895399203,127.71048736572266,31.05440072266035
lag1_late6_receiving_first_downs,0.0017925560896769226,69,135.0,88.0,23.0,32.0,306.0,0.0019114515206533381,0.0028848801739513874,0.024567713781462164,212.3876953125,4.6848380391352045
lag3_passing_10,0.0017752517440322337,70,333.0,17.0,439.0,463.0,283.0,0.00030321235204922264,0.00422135042026639,0.0,0.3620721995830536,5.5223401396204705
lag2_rushing_tds,0.001764692223092178,71,225.0,19.0,296.0,107.0,274.0,0.00079710323833496,0.004143113270401955,0.001822833815380065,72.67332458496094,5.995666094707065
lag1_late6_mean_delta_receiving_yards_after_catch,0.0017457408385606664,72,36.0,180.0,24.0,455.0,164.5,0.006250800898435178,0.002329425886273384,0.02442108893189876,0.4588654041290283,14.814758672664311
lag2_receptions,0.0017417481765595651,73,98.0,37.0,76.0,33.0,164.5,0.002896991165755641,0.003557127434760332,0.013414348205417648,206.69691467285156,14.814758672664311
lag1_weekly_slope_receiving_yards_after_catch,0.0017402303837783064,74,31.0,156.0,26.0,309.0,440.0,0.007195085239883316,0.002435424830764532,0.023805629240633452,7.778766632080078,0.0
lag1_passing_air_yards_per_attempt,0.001680337532519481,75,192.0,28.0,301.0,501.0,42.0,0.001086285594345871,0.0038426171522587538,0.0016438934489058088,0.03537362441420555,65.09561347246257
lag1_rushing_20,0.0016537244265008885,76,181.0,399.0,71.0,58.0,23.0,0.001245258456422394,0.0007929594139568508,0.01407055329289486,145.38243103027344,136.45212255743823
injury_lag2_injury_report_weeks,0.0016135610875414113,77,103.0,164.0,85.0,72.0,27.0,0.0027762265643810043,0.002403200138360262,0.011612134106659955,122.17584991455078,106.61969565686063
lag2_catch_rate,0.0015903584279382643,78,52.0,131.0,30.0,55.0,338.0,0.005349350536800596,0.0025716389063745737,0.023118161242222213,153.34286499023438,3.3716108170964176
lag1_receiving_air_yards,0.0015553816984125676,79,35.0,269.0,43.0,44.0,440.0,0.006353562364577519,0.001963928109034896,0.019581182060351976,167.56187438964844,0.0
lag1_history_available,0.0015395875437691948,80,136.0,50.0,242.0,507.0,30.0,0.0018916553599754925,0.0033982342574745417,0.0033805891876588223,0.01252756267786026,90.45006162344207
lag2_receiving_40,0.00153536477270032,81,185.0,55.0,266.0,75.0,32.5,0.0011285202343983673,0.003290460677817464,0.0027062684254823832,111.89009857177734,83.30951024361264
lag1_passing_16,0.0015278990752084036,82,349.0,22.0,128.0,348.0,306.0,0.0002685375180004347,0.004012341145426035,0.00778545241796369,4.942205429077148,4.6848380391352045
lag3_pat_missed,0.0014693325465615758,83,488.0,25.0,151.0,390.0,108.5,2.6665791852899464e-05,0.003910944331437349,0.006497334350413109,2.529054880142212,24.26500000000001
position_K,0.0014419795857029205,84,310.0,171.0,210.0,141.0,21.5,0.00039406181223021534,0.002370081841945648,0.004447125679144515,47.51439666748047,148.14758672664303
lag1_late6_mean_delta_receiving_20,0.0014133719485692625,85,73.0,226.0,27.0,494.0,89.5,0.003685523029663359,0.0021517195273190737,0.023772018082201418,0.04856054484844208,28.602820923266403
lag2_fg_made_0_19,0.0014128627110963857,86,490.0,59.0,439.0,238.0,27.0,2.5004193401108726e-05,0.0032448985148221254,0.0,16.69438934326172,106.61969565686063
lag3_receiving_yards_after_catch,0.0013997942479471264,87,116.0,38.0,141.0,66.0,132.5,0.0023677674728331197,0.0035514873452484608,0.0071529742700298105,128.8471221923828,18.959960949121175
injury_lag4_absence_report_weeks,0.001398109021752936,88,167.0,67.0,350.0,179.0,30.0,0.0014524461908752388,0.0031574591994285583,0.0003251053284698546,25.62532615661621,90.45006162344207
lag3_sack_fumbles_lost,0.0013948794817221295,89,442.0,30.0,155.0,458.0,71.5,9.454522582998414e-05,0.0038010377902537584,0.006450653658884864,0.4263738989830017,36.60595354418333
lag3_passing_air_yards_per_attempt,0.001385413679593104,90,252.0,27.0,105.0,473.0,211.5,0.000633940402859389,0.003842852544039488,0.00974409783261554,0.23538270592689514,10.661969565686057
lag2_receiving_yards_after_catch,0.0013847122954412754,91,56.0,173.0,70.0,28.0,321.5,0.004847309359962678,0.002369321882724762,0.014411319873901762,226.66624450683594,3.974349079924035
lag2_receiving_air_yards_per_target,0.0013750818341950384,92,45.0,290.0,58.0,100.0,71.5,0.006030837587506182,0.0018335747299715877,0.01679901709681042,80.36474609375,36.60595354418333
lag1_late6_mean_delta_targets,0.0013742939887800732,93,38.0,200.0,37.0,445.0,245.5,0.006193963694150983,0.0022403292823582888,0.020753033695676493,0.6610572934150696,7.673266742398568
lag1_weekly_slope_receptions,0.001370354451858365,94,50.0,113.0,33.0,285.0,440.0,0.005585063351174666,0.0026745081413537264,0.021846780600610627,11.169624328613281,0.0
lag1_passing_10,0.0013512377567158026,95,336.0,23.0,439.0,342.0,440.0,0.00030024072856873134,0.0039617628790438175,0.0,5.519237995147705,0.0
lag1_weekly_slope_rushing_yards,0.0013412427180251483,96,66.0,36.0,119.0,446.0,328.5,0.0038480592001078756,0.0035965675488114357,0.0084130283016699,0.5551477670669556,3.660595354418332
lag1_pat_make_rate,0.0013334378982225027,97,371.0,24.0,439.0,177.0,440.0,0.0002182157975165376,0.003922055475413799,0.0,25.96617317199707,0.0
lag2_receiving_first_down_rate,0.0012834558659628526,98,59.0,122.0,53.0,61.0,229.5,0.004606796690458412,0.002614091383293271,0.017516193312643535,136.23707580566406,9.045006162344196
lag2_receiving_yards_after_catch_per_reception,0.001273420580446766,99,55.0,133.0,62.0,74.0,132.5,0.004987875895081266,0.00256866542622447,0.0155202722107044,119.24795532226562,18.959960949121175
lag1_weekly_slope_targets,0.0012729968792641925,100,43.0,232.0,40.0,321.0,211.5,0.006078281423977267,0.0021198305767029524,0.020110042078254287,6.7286787033081055,10.661969565686057
lag3_offense_snaps,0.0012589988416708332,101,75.0,92.0,79.0,96.0,78.0,0.0036364940771597626,0.002844644710421562,0.01298633841900676,82.6668930053711,33.71610817096418
lag1_late6_rushing_yards,0.0012576745963055794,102,107.0,46.0,95.0,62.0,440.0,0.0025517641523131835,0.0034768637269735336,0.010451281044080885,132.80682373046875,0.0
injury_lag5_injury_report_weeks,0.0012433578316096972,103,177.0,49.0,203.0,190.0,54.0,0.001281833515467041,0.0034049467649310827,0.004698020223347532,22.58867835998535,50.86380751687514
lag4_punt_return_yards,0.0012258352343265794,104,230.0,35.0,439.0,308.0,78.0,0.0007723240447085881,0.003598154289647937,0.0,7.889900207519531,33.71610817096418
lag1_weekly_slope_receiving_yards,0.0012247050147308552,105,41.0,231.0,48.0,289.0,211.5,0.006084997207202402,0.0021248185075819492,0.018529739589177474,10.939929962158203,10.661969565686057
lag1_weekly_slope_receiving_20,0.0012119991051983494,106,60.0,145.0,36.0,384.0,274.0,0.004525402321807647,0.0024921484291553497,0.021010284098257337,2.84922194480896,5.995666094707065
lag1_receiving_tds,0.0011998542368654688,107,128.0,212.0,64.0,29.0,164.5,0.0020653728900420346,0.0021994803100824356,0.01545987549326866,224.4196014404297,14.814758672664311
lag2_receiving_yards_per_reception,0.0011979216015925674,108,63.0,236.0,45.0,59.0,321.5,0.004150268730899959,0.002106164349243045,0.01903694204119355,144.578857421875,3.974349079924035
lag2_receiving_air_yards,0.001173121433608583,109,57.0,137.0,69.0,65.0,237.5,0.004832730687873602,0.0025237330701202154,0.01460930052143894,129.31259155273438,8.330951024361253
lag2_receiving_first_downs,0.0011721346865918405,110,108.0,169.0,49.0,37.0,440.0,0.00255055369240721,0.002373348455876112,0.018305444607024768,178.39950561523438,0.0
lag2_receiving_tds,0.0011700148496627519,111,133.0,321.0,166.0,42.0,46.0,0.0019278415789901876,0.0016565632540732622,0.005922901807847714,168.45013427734375,59.95666094707072
lag1_receiving_fumbles,0.0011669371554131154,112,188.0,96.0,202.0,69.0,46.0,0.0011096461502960024,0.0028016117867082357,0.004723530466976822,126.34111022949219,59.95666094707072
lag2_receiving_yards,0.0011574340185924118,113,72.0,176.0,80.0,35.0,338.0,0.003698592205077222,0.002349219750612974,0.012982418568625587,191.89895629882812,3.3716108170964176
lag4_receiving_air_yards,0.0011415346885971828,114,156.0,39.0,115.0,169.0,313.5,0.001578513432319829,0.0035513516049832106,0.008545043685447506,30.830581665039062,4.3149949884594445
lag2_receiving_20_rate,0.001139131169945562,115,65.0,87.0,91.0,115.0,143.0,0.0039791395357134905,0.002899670973420143,0.01087098673877085,67.5492172241211,17.463172855372974
lag2_receiving_10,0.0011385351509270814,116,122.0,105.0,74.0,36.0,328.5,0.0021990545612936064,0.002740598516538739,0.013723095160873555,178.7951202392578,3.660595354418332
lag4_pass_yards_per_attempt,0.0011323520145516664,117,345.0,29.0,439.0,502.0,264.5,0.00027681746276150647,0.003828913439065218,0.0,0.03534633666276932,6.50956134724625
lag3_roster_weeks,0.0011274303458613873,118,105.0,93.0,439.0,246.0,42.0,0.0026488969071808504,0.002820355584844947,0.0,15.517797470092773,65.09561347246257
lag2_rush_yards_per_carry,0.0011211414261556528,119,62.0,89.0,84.0,123.0,190.0,0.004283285387853442,0.0028750004712492228,0.0118052449174888,56.28421401977539,12.567995309154538
lag1_late6_mean_delta_rushing_20,0.0011141565918956855,120,143.0,94.0,161.0,488.0,42.0,0.0017257310011042067,0.002813815837725997,0.00622623594530225,0.0689508393406868,65.09561347246257
lag2_passing_yards_after_catch_per_completion,0.0011111858060610475,121,176.0,102.0,439.0,357.0,34.5,0.00131069526382806,0.002765343990176916,0.0,4.2207512855529785,76.73266742398576
lag2_fumbles_total,0.0011068632740299997,122,118.0,68.0,104.0,145.0,89.5,0.0022727104638739994,0.003157305996865034,0.009777610045186513,45.58428955078125,28.602820923266403
lag2_receiving_16,0.0011003665550948845,123,137.0,106.0,67.0,45.0,221.5,0.0018893459282926877,0.0027352627366781235,0.015035819181757892,166.5194854736328,9.820263765518554
lag4_catch_rate,0.0010950170269396764,124,120.0,158.0,249.0,172.0,38.0,0.0022236244009167785,0.0024331167805939913,0.0031086206789199267,29.373830795288086,70.67503137136056
lag1_late6_mean_delta_passing_first_downs,0.0010917861457621484,125,267.0,31.0,325.0,421.0,357.0,0.0005629821598339707,0.0037593296729028225,0.0008883936491965727,1.443236231803894,2.6344780312294485
lag2_receiving_fumbles,0.001090651787231022,126,250.0,58.0,184.0,143.0,64.0,0.0006571162948440594,0.0032462654635310173,0.005163267824705331,46.697731018066406,39.74349079924037
lag3_receiving_yards_per_reception,0.0010810336439538608,127,96.0,229.0,107.0,127.0,50.0,0.0029177655081029453,0.0021329650189727545,0.009192208102255961,53.6903076171875,55.22340139620476
lag2_history_available,0.0010646901535189242,128,190.0,74.0,251.0,196.0,50.0,0.0011056117792016785,0.0030559783335775137,0.003075597854518053,21.362585067749023,55.22340139620476
lag1_late6_mean_delta_rushing_yards,0.0010551991489752366,129,64.0,248.0,50.0,517.0,122.0,0.0041036164912432276,0.0020549818873405457,0.018093165338938455,0.0011776399333029985,20.585040425892426
lag2_games,0.001047166543985829,130,89.0,99.0,186.0,39.0,296.0,0.003024571847817045,0.002793209860101342,0.0050467576700812256,174.9894561767578,5.08638075168751
lag1_late6_receiving_20,0.0010464295714906276,131,212.0,118.0,60.0,43.0,264.5,0.0009110443917915816,0.0026466341223567724,0.015943601852444367,168.20851135253906,6.50956134724625
lag2_receiving_yards_per_target,0.0010421129826812022,132,53.0,155.0,117.0,60.0,440.0,0.005272229006825206,0.0024555844720453024,0.008425647145585913,139.07131958007812,0.0
lag3_receiving_air_yards_per_target,0.0010405688566167831,133,58.0,65.0,439.0,160.0,202.0,0.004817989284640731,0.0031766959000378847,0.0,34.43962860107422,11.575818912193245
lag1_carries_per_game,0.0010331597013246408,134,101.0,222.0,52.0,54.0,313.5,0.0027984459624044366,0.002156010828912258,0.017584287424860623,153.72608947753906,4.3149949884594445
lag2_targets,0.0010244022979418442,135,78.0,161.0,159.0,34.0,440.0,0.003531419890627831,0.0024200535845011473,0.006359355855025894,200.9258270263672,0.0
lag3_receiving_40,0.0010235076980815022,136,258.0,202.0,68.0,118.0,54.0,0.0006044656609791758,0.0022331455256789923,0.014898170504658692,63.85757064819336,50.86380751687514
lag2_fg_missed_50_59,0.0009970828988775115,137,364.0,44.0,439.0,315.0,89.5,0.00023377448498480412,0.0034979486372321844,0.0,7.200773239135742,28.602820923266403
lag1_weekly_slope_passing_20,0.0009966676899223373,138,266.0,110.0,345.0,403.0,38.0,0.0005641326368668725,0.002696564421057701,0.0005008697436472698,1.9202208518981934,70.67503137136056
lag1_receiving_40,0.000985371078705369,139,184.0,75.0,89.0,73.0,202.0,0.001196582881426316,0.0030331427697092295,0.010932597001028554,120.77031707763672,11.575818912193245
lag1_weekly_slope_kickoff_return_yards,0.0009798924739295267,140,71.0,146.0,86.0,410.0,100.5,0.0037348625621011116,0.0024908711202442646,0.011361808491852088,1.7204053401947021,26.344780312294496
lag1_completions,0.000979741829374695,141,337.0,34.0,439.0,336.0,440.0,0.0002969151763557716,0.0036283188965171576,0.0,5.767083644866943,0.0
lag1_rush_first_down_rate,0.0009641012377641223,142,82.0,121.0,82.0,84.0,306.0,0.003318850419356618,0.0026174106169492006,0.01210747252245259,91.34864044189453,4.6848380391352045
lag2_rushing_yards,0.0009533006362450482,143,111.0,81.0,92.0,83.0,440.0,0.0025362337958821455,0.002931936178356409,0.010688195790125254,92.12349700927734,0.0
lag4_history_available,0.0009464126020875476,144,312.0,462.0,439.0,374.0,30.0,0.00039081232498237617,0.0,0.0,3.2153944969177246,90.45006162344207
lag3_passing_yards_after_catch_per_completion,0.0009338048261295959,145,300.0,51.0,439.0,490.0,82.5,0.0004284497703715084,0.003346407786011696,0.0,0.06560249626636505,31.05440072266035
lag1_rushing_yards,0.0009334341095510643,146,80.0,277.0,164.0,38.0,274.0,0.0033658317450211525,0.001918058842420578,0.006033306785307113,175.3452911376953,5.995666094707065
lag1_late6_mean_delta_kickoff_return_yards,0.0009218429875752076,147,77.0,349.0,113.0,406.0,64.0,0.0035821447389250013,0.0014564445009455085,0.008804958093918014,1.7752540111541748,39.74349079924037
lag1_share_carries_prior_team,0.0009070491254952826,148,92.0,210.0,139.0,50.0,176.5,0.003005390891729786,0.0022127798292785883,0.007341984656028755,163.49122619628906,13.645212255743829
lag1_weekly_slope_carries,0.0008975652660862664,149,67.0,201.0,56.0,430.0,440.0,0.0038322119016573637,0.0022372917737811804,0.017125024039448933,1.1130187511444092,0.0
lag4_receiving_air_yards_per_target,0.0008897247919168079,150,90.0,216.0,125.0,269.0,71.5,0.0030206283050598663,0.002192575251683593,0.008084230634900491,13.623576164245605,36.60595354418333
lag3_attempts,0.0008851045490174062,151,332.0,40.0,252.0,468.0,440.0,0.00030662038041050774,0.0035324005875736475,0.003045833183880964,0.3185594379901886,0.0
injury_lag4_injury_report_weeks,0.0008811911133916821,152,159.0,54.0,299.0,155.0,229.5,0.0015395695898528334,0.0032907244749367237,0.001774654417738608,38.38459396362305,9.045006162344196
lag2_rush_first_down_rate,0.000871881148735242,153,84.0,111.0,237.0,137.0,122.0,0.0033102499830742252,0.0026942905969917774,0.003510836548926699,50.71348190307617,20.585040425892426
lag2_rush_20_rate,0.000869076462408539,154,155.0,141.0,232.0,212.0,57.0,0.001599612338619182,0.0025162778329104185,0.0035990072726794775,18.820159912109375,46.84838039135208
injury_lag3_absence_reported,0.0008690627123248125,155,302.0,143.0,439.0,159.0,46.0,0.00042402082748999693,0.00250853318721056,0.0,34.62803649902344,59.95666094707072
lag1_fg_made_30_39,0.0008424904620100678,156,295.0,72.0,183.0,291.0,89.5,0.00043652249294631404,0.003102004062384367,0.005173300036468653,10.500624656677246,28.602820923266403
lag2_completion_rate,0.0008347752637463068,157,218.0,194.0,250.0,368.0,46.0,0.0008519249850369556,0.0022831575479358435,0.0030897847477588947,3.4551100730895996,59.95666094707072
lag1_fumbles_total,0.0008271641197942312,158,144.0,123.0,72.0,98.0,440.0,0.0017242585143650087,0.0026130578480660915,0.013779266407402346,81.18069458007812,0.0
lag1_rushing_first_downs,0.0008207934105508212,159,150.0,209.0,96.0,46.0,440.0,0.001650152739759443,0.0022127823904156685,0.010366098513497679,166.05902099609375,0.0
lag3_receiving_air_yards,0.0008205436569590143,160,99.0,132.0,97.0,119.0,283.0,0.002847737365437234,0.0025698046665638685,0.010078448930173733,59.72875213623047,5.5223401396204705
lag4_pat_make_rate,0.0008185372116044304,161,463.0,47.0,273.0,204.0,313.5,5.6907455268028316e-05,0.003446097718551755,0.0024756630033078153,20.07952117919922,4.3149949884594445
lag1_rush_20_rate,0.0008129009073215632,162,106.0,197.0,66.0,198.0,211.5,0.0025844643115619293,0.0022463675122708082,0.015058491548568309,20.532697677612305,10.661969565686057
lag4_targets,0.0008123241501327974,163,196.0,60.0,196.0,126.0,440.0,0.0010492406080652103,0.0032212247606366873,0.004882814410344771,53.80311965942383,0.0
lag1_late6_mean_delta_rushing_first_downs,0.0008065139427807211,164,95.0,241.0,63.0,511.0,176.5,0.0029293385683989287,0.002083034021779895,0.015473688784375161,0.006804389879107475,13.645212255743829
lag4_rush_20_rate,0.0008022145568772288,165,257.0,71.0,215.0,424.0,100.5,0.0006051751359112862,0.003116544336080551,0.0041482212699188725,1.4208749532699585,26.344780312294496
injury_lag3_injury_reported,0.0007950227348337711,166,354.0,317.0,131.0,106.0,59.0,0.0002490195125656284,0.0016827303916215897,0.007637882640025184,73.18958282470703,43.14994988459447
lag2_receiving_20,0.0007897074447029602,167,130.0,302.0,98.0,52.0,306.0,0.0020212009841261364,0.0017617361154407263,0.010077447275831153,157.82595825195312,4.6848380391352045
lag3_gwfg_blocked,0.0007892534760339728,168,410.0,462.0,310.0,404.0,38.0,0.0001427601829295593,0.0,0.0013840609875412913,1.802038311958313,70.67503137136056
lag3_special_teams_tds,0.0007849463654282869,169,453.0,79.0,224.0,432.0,78.0,7.271302793791477e-05,0.0029399069026112556,0.003984829995958172,1.082830548286438,33.71610817096418
lag3_receiving_20_rate,0.0007840534964186571,170,110.0,136.0,439.0,149.0,89.5,0.0025392575517433937,0.002536565763875842,0.0,44.827369689941406,28.602820923266403
lag1_rushing_fumbles_lost,0.0007712870003501279,171,276.0,70.0,289.0,105.0,190.0,0.0005235678330788194,0.003123137168586254,0.0019242278379272282,75.72451782226562,12.567995309154538
injury_lag2_designation_count,0.0007664003179114029,172,79.0,135.0,439.0,77.0,360.5,0.0034715891113767236,0.0025467490777373314,0.0,106.9581527709961,2.4265
position_RB,0.0007655876514401981,173,147.0,61.0,439.0,249.0,283.0,0.001664122423130338,0.003205756889656186,0.0,15.413745880126953,5.5223401396204705
lag1_late6_rushing_20,0.0007618710274799212,174,291.0,63.0,235.0,102.0,440.0,0.00046003580806822466,0.0031852000392973423,0.0035349748798827463,78.83348083496094,0.0
injury_lag5_injury_reported,0.0007591479539604358,175,377.0,140.0,148.0,188.0,71.5,0.000199668508858566,0.002517246874049306,0.006831570122304731,23.193828582763672,36.60595354418333
lag3_targets,0.0007575747436758525,176,146.0,199.0,78.0,78.0,440.0,0.0016957527335292218,0.0022407735232263803,0.013154639877884344,102.42985534667969,0.0
lag1_weekly_slope_rushing_20,0.0007574431849729432,177,112.0,85.0,152.0,482.0,253.0,0.0024608708556786074,0.002904019318521023,0.006482324987340249,0.09130837023258209,7.067503137136048
lag2_pat_missed,0.0007560140500073047,178,215.0,220.0,342.0,429.0,50.0,0.0008875808979641015,0.002172156237065792,0.000589211610772189,1.1204906702041626,55.22340139620476
lag3_receiving_yards_per_target,0.0007512676288562159,179,85.0,126.0,162.0,131.0,440.0,0.003296203238763098,0.0026012014131993055,0.006213037386860076,52.70742416381836,0.0
lag1_weekly_slope_rushing_first_downs,0.000749501337961969,180,97.0,108.0,102.0,449.0,440.0,0.0029058263536982,0.0027114208787679672,0.00993003496608802,0.5316351652145386,0.0
lag1_late6_passing_yards_after_catch,0.000748824233168466,181,269.0,73.0,116.0,334.0,229.5,0.0005533367443176768,0.0030971316155046225,0.008536854413298656,5.7957611083984375,9.045006162344196
lag3_catch_rate,0.0007464966001126311,182,88.0,119.0,439.0,117.0,211.5,0.00303254969899079,0.0026445628609508276,0.0,64.50460815429688,10.661969565686057
lag1_attempts,0.0007316080246727598,183,314.0,53.0,275.0,338.0,440.0,0.00038354287111625,0.0033100617583841085,0.002453770810428635,5.716101169586182,0.0
lag1_kickoff_return_yards,0.0007206631243158708,184,104.0,83.0,241.0,262.0,440.0,0.0027601048388684493,0.00291930022649467,0.00340452487761822,14.64084529876709,0.0
lag1_late6_mean_delta_punt_return_yards,0.0007172055441631619,185,151.0,335.0,439.0,402.0,54.0,0.0016501360008151936,0.0015837009996175766,0.0,1.9485692977905273,50.86380751687514
lag1_late6_carries,0.0007132048779041162,186,141.0,198.0,122.0,64.0,440.0,0.0017637956532810736,0.002242160262539983,0.008276296878546807,131.6226043701172,0.0
lag3_rush_yards_per_carry,0.0006922043583837491,187,94.0,129.0,198.0,174.0,321.5,0.002935069567808476,0.00258276192471385,0.004819725128111241,26.42981719970703,3.974349079924035
lag2_roster_weeks,0.0006867666198085791,188,69.0,268.0,280.0,144.0,237.5,0.003796913880748202,0.001964080613106489,0.0023153170781964327,45.67258834838867,8.330951024361253
lag2_fg_blocked,0.0006860283899052411,189,474.0,57.0,439.0,314.0,253.0,4.075298801187138e-05,0.003247105050832033,0.0,7.433392524719238,7.067503137136048
lag4_receiving_40,0.0006762382937044895,190,285.0,78.0,276.0,162.0,211.5,0.000482265008649014,0.0029462657403200865,0.002453730715394009,32.736995697021484,10.661969565686057
lag1_late6_mean_delta_carries,0.0006747279266330626,191,74.0,276.0,100.0,504.0,440.0,0.0036470071384123934,0.0019203992560505867,0.010015645034962883,0.017396368086338043,0.0
lag4_receiving_yards_after_catch_per_reception,0.0006710258383874905,192,125.0,124.0,187.0,171.0,237.5,0.002100954724588489,0.0026076091453433037,0.0050403653446184915,29.529666900634766,8.330951024361253
injury_lag4_designation_count,0.0006698546273175757,193,149.0,107.0,439.0,168.0,152.5,0.0016524809742865744,0.00273506180383265,0.0,31.488779067993164,16.084548222171886
lag2_rushing_fumbles,0.0006696003866839068,194,208.0,128.0,201.0,148.0,132.5,0.0009512057297010977,0.002593235345557332,0.004790327744200518,44.82954025268555,18.959960949121175
injury_lag3_injury_report_weeks,0.0006652936395974062,195,145.0,101.0,226.0,122.0,440.0,0.0017137507544239465,0.0027881450951099396,0.0038507861273748833,56.889556884765625,0.0
injury_lag3_designation_count,0.0006650527434900346,196,124.0,177.0,286.0,139.0,132.5,0.002187515328546637,0.002346126828342676,0.0019733723934680647,49.575836181640625,18.959960949121175
missing_combine_shuttle,0.0006627010391391291,197,203.0,77.0,270.0,158.0,440.0,0.0009940250465475706,0.0029582364950329065,0.002528982614500297,35.532352447509766,0.0
lag4_receiving_fumbles,0.0006624444729290864,198,303.0,379.0,312.0,288.0,54.0,0.00041955642884345474,0.0011501199332997203,0.0013038924618664627,10.956494331359863,50.86380751687514
lag1_fumbles_lost_total,0.0006611769540819084,199,204.0,167.0,108.0,94.0,313.5,0.0009935922089105802,0.002389653353020549,0.009191799781635979,84.52494049072266,4.3149949884594445
missing_combine_vertical,0.0006594603036859882,200,202.0,380.0,140.0,112.0,100.5,0.0009967941545030905,0.0011446517892181873,0.007230914980567382,69.46401977539062,26.344780312294496
lag4_receiving_first_downs,0.000659029759270881,201,182.0,86.0,333.0,138.0,313.5,0.001218975570836044,0.0029017175547778606,0.0007913241705999052,50.450260162353516,4.3149949884594445
lag1_completion_rate,0.0006561227344388126,202,238.0,100.0,439.0,423.0,100.5,0.0007229323981329359,0.0027910389471799135,0.0,1.430076241493225,26.344780312294496
lag3_receiving_first_down_rate,0.0006544160553782501,203,91.0,242.0,193.0,130.0,245.5,0.00300731524046714,0.0020809280686080456,0.004919790014779046,52.719486236572266,7.673266742398568
lag3_receiving_fumbles,0.0006517829692344802,204,251.0,265.0,439.0,187.0,64.0,0.0006494853543313526,0.0019926331005990505,0.0,23.217330932617188,39.74349079924037
lag1_late6_rushing_first_downs,0.0006508129501117139,205,207.0,309.0,90.0,70.0,440.0,0.0009547424395541493,0.0017082786653190851,0.01090613989507494,125.3779525756836,0.0
lag2_kickoff_return_yards,0.0006443519671308512,206,117.0,91.0,439.0,379.0,283.0,0.0022885167916982933,0.002860776148736477,0.0,2.9446651935577393,5.5223401396204705
lag3_receiving_yards_after_catch_per_reception,0.0006385953545181609,207,86.0,215.0,335.0,125.0,264.5,0.0031585666107410595,0.002194212516769767,0.0007349238451435092,54.813819885253906,6.50956134724625
lag3_receiving_tds,0.000636395660147805,208,191.0,193.0,284.0,113.0,114.5,0.0010963143462153397,0.002290148986503482,0.0021301787874268285,68.31624603271484,22.34940728373529
lag1_rushing_tds,0.0006304093788432254,209,211.0,307.0,336.0,68.0,122.0,0.000924189653019038,0.0017133631044998765,0.0006679164221621292,126.35830688476562,20.585040425892426
lag2_passing_air_yards_per_attempt,0.0006297432640137574,210,178.0,322.0,439.0,451.0,64.0,0.0012723381214285046,0.0016544150421395898,0.0,0.5094653964042664,39.74349079924037
lag1_punt_returns,0.0006273745566339286,211,200.0,98.0,439.0,248.0,152.5,0.0010191665487235672,0.0027949800714850426,0.0,15.453055381774902,16.084548222171886
lag3_rushing_tds,0.000626918847427649,212,260.0,331.0,130.0,146.0,100.5,0.0005974978653457362,0.0016202939441427588,0.0077318966738437744,45.31739807128906,26.344780312294496
lag4_offense_snaps,0.0006256611106761495,213,115.0,172.0,168.0,180.0,264.5,0.0023701402652619736,0.002369747729972005,0.0058915988820078535,25.523256301879883,6.50956134724625
lag1_fg_missed_distance,0.000624833442307036,214,419.0,64.0,439.0,213.0,440.0,0.00012973388159690465,0.0031827897764742374,0.0,18.618297576904297,0.0
lag3_receptions,0.000621899593159194,215,152.0,152.0,274.0,76.0,440.0,0.0016433698369825289,0.0024703959934413433,0.00246286185505018,108.9925537109375,0.0
lag4_passing_air_yards_per_attempt,0.0006146703566852462,216,315.0,462.0,439.0,420.0,54.0,0.00037635113890872033,0.0,0.0,1.4495370388031006,50.86380751687514
lag1_weekly_slope_pat_att,0.0006121069805465208,217,334.0,283.0,254.0,454.0,64.0,0.0003018501605087709,0.0018843983998522162,0.003003396313061124,0.4642748534679413,39.74349079924037
lag4_kickoff_return_yards,0.0006102750928829788,218,206.0,316.0,439.0,510.0,64.0,0.0009748491917825523,0.0016834413399919868,0.0,0.006896223872900009,39.74349079924037
lag4_receiving_yards_after_catch,0.0006058735357372753,219,161.0,253.0,439.0,110.0,114.5,0.0015041457708848314,0.0020267609506845474,0.0,70.88883209228516,22.34940728373529
lag4_punt_returns,0.0006052653213075379,220,264.0,125.0,439.0,310.0,100.5,0.0005766904210616595,0.0026041993405669928,0.0,7.6827874183654785,26.344780312294496
lag2_interception_rate,0.0005993869770434437,221,165.0,256.0,439.0,448.0,78.0,0.0014600095244223224,0.0020098439417779446,0.0,0.5425046682357788,33.71610817096418
lag4_completion_rate,0.0005980532254208498,222,288.0,144.0,319.0,481.0,89.5,0.00047286542367387587,0.0025064994115382433,0.0010344103193367093,0.09843486547470093,28.602820923266403
lag2_rushing_20,0.0005950016347512863,223,261.0,348.0,217.0,109.0,100.5,0.0005917873125674095,0.0014594002859666944,0.004073711360410126,71.21769714355469,26.344780312294496
lag1_interception_rate,0.0005935872986920696,224,263.0,80.0,260.0,489.0,296.0,0.0005779621657413791,0.002938170451670885,0.0028843063115657763,0.06580198556184769,5.08638075168751
lag4_completions,0.0005933871147429443,225,415.0,69.0,439.0,485.0,264.5,0.0001351354098400466,0.0031299134716391563,0.0,0.07330319285392761,6.50956134724625
lag4_receiving_tds,0.0005903658036384223,226,220.0,120.0,300.0,157.0,190.0,0.0008352965288043587,0.0026368647813796997,0.0016586682295269828,36.034027099609375,12.567995309154538
lag3_passing_yards_after_catch,0.0005898175690510239,227,434.0,66.0,439.0,462.0,347.5,0.00010679299395338962,0.0031756411772221327,0.0,0.36662471294403076,3.1054400722660342
lag3_kickoff_return_yards,0.0005897324715576676,228,183.0,207.0,75.0,427.0,440.0,0.001215381306163485,0.0022154373582452536,0.013678595811983607,1.1527937650680542,0.0
lag3_rushing_yards,0.0005865588520443288,229,132.0,151.0,267.0,134.0,338.0,0.0019518599135536047,0.0024783851113170385,0.002684660745249756,52.470008850097656,3.3716108170964176
lag2_carries,0.0005854749727481698,230,139.0,237.0,258.0,93.0,245.5,0.001821576423447458,0.002101828809827566,0.002930882148213465,85.121337890625,7.673266742398568
lag4_receiving_yards,0.0005820211913652852,231,164.0,134.0,212.0,129.0,440.0,0.0014659273693420963,0.002558322623372078,0.0043162894912855965,52.847496032714844,0.0
position_QB,0.0005794738455942791,232,209.0,398.0,348.0,167.0,82.5,0.0009475626201923519,0.0008026754367165267,0.00042645578540190243,31.675363540649414,31.05440072266035
lag3_punt_return_yards,0.0005756091898884203,233,254.0,221.0,118.0,364.0,132.5,0.0006161364063277173,0.0021585358772426844,0.008423464031797723,3.7065188884735107,18.959960949121175
injury_lag5_designation_count,0.0005755148650222629,234,174.0,206.0,123.0,224.0,221.5,0.001331736167936646,0.0022156848572194576,0.008166481313690133,17.91643714904785,9.820263765518554
lag4_receiving_first_down_rate,0.0005687701607673037,235,131.0,168.0,218.0,173.0,313.5,0.001962495068860786,0.0023788593243807554,0.004072904098016528,28.216203689575195,4.3149949884594445
missing_combine_forty,0.0005667821647973312,236,169.0,395.0,133.0,79.0,440.0,0.0014290458185081379,0.0008755012531764805,0.007585043379890299,101.2182846069336,0.0
lag3_receiving_yards,0.0005653082486728508,237,153.0,301.0,192.0,81.0,357.0,0.0016155447641608934,0.0017706501530483365,0.004921036629936593,96.30225372314453,2.6344780312294485
lag3_pat_blocked,0.000564268979773665,238,479.0,462.0,341.0,467.0,59.0,3.506031302110032e-05,0.0,0.0005914759357941168,0.32444754242897034,43.14994988459447
injury_lag4_absence_reported,0.0005630553436720758,239,298.0,462.0,439.0,176.0,71.5,0.00043428739424567874,0.0,0.0,26.049579620361328,36.60595354418333
missing_years_exp,0.000560739092305036,240,501.0,462.0,73.0,92.0,440.0,8.932531898346782e-06,0.0,0.013734497508429921,85.48338317871094,0.0
lag4_receiving_10,0.0005555380613273702,241,193.0,166.0,243.0,136.0,221.5,0.001085141743751278,0.0023939786478877068,0.003291348320954679,50.81680679321289,9.820263765518554
lag3_fg_made_0_19,0.0005542203419904124,242,483.0,159.0,322.0,392.0,89.5,3.178516753387152e-05,0.0024310036096721888,0.0009621792194878243,2.389706611633301,28.602820923266403
lag3_rushing_12,0.0005519234540139447,243,255.0,255.0,112.0,142.0,237.5,0.0006094869338528923,0.002021021908149123,0.009013455158732864,47.302085876464844,8.330951024361253
lag2_rushing_10,0.0005515506856680799,244,216.0,371.0,169.0,80.0,237.5,0.000886784657651502,0.001227341708727181,0.0058099163111786645,96.35982513427734,8.330951024361253
lag2_rushing_12,0.0005484405386196785,245,236.0,182.0,222.0,86.0,347.5,0.0007297769611241844,0.0023284037597477436,0.004012586163449905,89.54048919677734,3.1054400722660342
lag4_receiving_20_rate,0.000547439878801114,246,160.0,270.0,228.0,199.0,143.0,0.0015138212382460811,0.001954771811142564,0.003795846841545769,20.508405685424805,17.463172855372974
lag3_receiving_20,0.0005397678162049885,247,226.0,279.0,320.0,104.0,143.0,0.0007856527248554616,0.001913120155222714,0.001013882361215579,77.14909362792969,17.463172855372974
injury_lag2_reserve_weeks,0.0005380425027351594,248,109.0,320.0,211.0,470.0,176.5,0.0025503778925477245,0.0016575175104662776,0.004443822890066951,0.2695121169090271,13.645212255743829
lag3_rush_first_down_rate,0.0005367221110980688,249,140.0,214.0,181.0,240.0,253.0,0.00177633293937074,0.0021971529349684715,0.005243859574928678,16.356077194213867,7.067503137136048
lag2_special_teams_tds,0.0005276346486887047,250,469.0,462.0,439.0,409.0,64.0,4.822384894036802e-05,0.0,0.0,1.733304500579834,39.74349079924037
lag1_weekly_slope_punt_return_yards,0.00052553260612107,251,142.0,250.0,214.0,393.0,164.5,0.0017257508830351423,0.0020349968690425158,0.004228904158218638,2.3638007640838623,14.814758672664311
lag2_rushing_40,0.0005241397519041972,252,282.0,261.0,439.0,128.0,114.5,0.0005037215199482339,0.001999777741730213,0.0,53.33527374267578,22.34940728373529
lag1_weekly_slope_passing_yards,0.0005223819852373713,253,305.0,82.0,439.0,437.0,440.0,0.00041856652553867144,0.0029209700878709555,0.0,0.7950601577758789,0.0
lag4_carries,0.0005214487239316732,254,249.0,192.0,439.0,201.0,122.0,0.000660154401870786,0.002292999066412449,0.0,20.4343318939209,20.585040425892426
lag1_special_teams_tds,0.0005192303127090307,255,346.0,462.0,239.0,280.0,82.5,0.0002717643547058835,0.0,0.003432899646416132,11.849459648132324,31.05440072266035
missing_weight,0.0005187042810918857,256,491.0,462.0,88.0,91.0,440.0,2.3150271074773604e-05,0.0,0.011064141125566085,86.79700469970703,0.0
lag1_field_goal_make_rate,0.0005173723140351373,257,365.0,117.0,200.0,191.0,353.0,0.00023193942893891067,0.0026515021454542875,0.0048019180414362594,22.24165153503418,2.8602820923266394
lag4_games,0.0005166312310230807,258,163.0,285.0,439.0,231.0,122.0,0.0014853583643255354,0.0018773380434140563,0.0,17.450345993041992,20.585040425892426
lag4_receiving_yards_per_reception,0.0005164319979397245,259,121.0,175.0,439.0,165.0,440.0,0.002223166769843886,0.0023532549384981394,0.0,32.036773681640625,0.0
lag4_rushing_fumbles_lost,0.0005139077315088896,260,370.0,370.0,178.0,252.0,100.5,0.0002191402299250088,0.0012440066784620285,0.005430414887066526,15.225513458251953,26.344780312294496
lag4_pat_blocked,0.0005103905971084138,261,458.0,462.0,302.0,435.0,71.5,6.492564705802849e-05,0.0,0.001595335651157992,0.8940275311470032,36.60595354418333
injury_lag2_injury_reported,0.0005095616944899679,262,284.0,338.0,259.0,63.0,347.5,0.0004938473019864645,0.001540467026643455,0.002887402049998933,132.21099853515625,3.1054400722660342
lag3_rushing_10,0.0005090753783823707,263,224.0,462.0,110.0,133.0,296.0,0.0007982419033373105,0.0,0.009101490172988447,52.66931915283203,5.08638075168751
injury_lag3_reserve_weeks,0.0005048243190972997,264,173.0,267.0,253.0,439.0,132.5,0.0013830928149663063,0.001982484245672822,0.00303145664728266,0.7477049231529236,18.959960949121175
lag3_receiving_first_downs,0.0005035725505629886,265,205.0,228.0,263.0,88.0,440.0,0.000979999849358533,0.002136357594281435,0.00280640111068875,88.42876434326172,0.0
lag4_receptions,0.0004991729879998499,266,180.0,185.0,288.0,120.0,440.0,0.0012572670900985366,0.002323307329788804,0.0019497751322525847,59.41465759277344,0.0
lag2_passing_tds,0.0004955378045716646,267,355.0,112.0,439.0,385.0,190.0,0.00024851067475026924,0.0026869047433137894,0.0,2.8484039306640625,12.567995309154538
lag1_passing_interceptions,0.0004945531291863047,268,299.0,139.0,439.0,344.0,152.5,0.0004285103505241017,0.00252039497718215,0.0,5.2430644035339355,16.084548222171886
lag1_late6_kickoff_return_yards,0.0004921651684560474,269,134.0,149.0,439.0,273.0,440.0,0.0019234738786906916,0.00248443940654397,0.0,13.230979919433594,0.0
missing_combine_broad_jump,0.0004920183875552261,270,187.0,363.0,157.0,108.0,440.0,0.0011193141143781634,0.0012933228863403201,0.006424096240930988,71.66468048095703,0.0
lag1_fg_blocked,0.0004919914183869192,271,482.0,373.0,439.0,287.0,78.0,3.2014253204061026e-05,0.0012133533600717783,0.0,10.965726852416992,33.71610817096418
lag4_gwfg_missed,0.000491833167396345,272,502.0,462.0,142.0,388.0,100.5,8.212499886660254e-06,0.0,0.007134075330809786,2.6000473499298096,26.344780312294496
lag4_fg_made_60_,0.0004898013363065501,273,515.5,462.0,439.0,377.0,71.5,0.0,0.0,0.0,3.0359947681427,36.60595354418333
lag3_receiving_10,0.0004882300236184563,274,198.0,244.0,305.0,89.0,440.0,0.001034849052221186,0.0020702574402093887,0.0015330012809953164,87.40805053710938,0.0
lag1_passing_yards_after_catch_per_completion,0.0004870279307678517,275,244.0,150.0,439.0,478.0,152.5,0.0006997519064960204,0.002482530428096652,0.0,0.11297114938497543,16.084548222171886
lag1_rushing_fumbles,0.0004867559104824879,276,280.0,274.0,165.0,114.0,296.0,0.0005086631199403999,0.0019375038100406528,0.005990896652276589,68.03240203857422,5.08638075168751
lag1_gwfg_blocked,0.0004836269314611904,277,505.0,462.0,439.0,471.0,71.5,4.858249072461684e-06,0.0,0.0,0.25544965267181396,36.60595354418333
missing_height,0.00048284692900980413,278,498.0,462.0,106.0,90.0,440.0,1.5099854173661536e-05,0.0,0.009326312409451587,87.12566375732422,0.0
lag1_sacks_suffered,0.0004812342045117301,279,308.0,332.0,101.0,352.0,221.5,0.000400308784867965,0.0016175651689991355,0.009935941855774066,4.623393535614014,9.820263765518554
lag4_receiving_yards_per_target,0.0004796603974505189,280,119.0,239.0,439.0,164.0,440.0,0.0022424501984495224,0.002084914827719331,0.0,32.054534912109375,0.0
lag1_late6_mean_delta_attempts,0.0004771853578108656,281,227.0,330.0,439.0,414.0,100.5,0.0007832935228430252,0.001624297583475709,0.0,1.6544867753982544,26.344780312294496
lag4_receiving_20,0.0004765131693139618,282,231.0,162.0,332.0,151.0,328.5,0.0007643361481330173,0.002412104979157448,0.0007971009299445608,43.63844299316406,3.660595354418332
lag1_fg_missed_40_49,0.00047333770125580776,283,457.0,462.0,306.0,237.0,89.5,6.510649940023305e-05,0.0,0.001489953849136194,16.74164390563965,28.602820923266403
lag2_rushing_first_downs,0.0004721717032725936,284,186.0,304.0,358.0,85.0,440.0,0.0011202211717083951,0.0017446663696318865,7.89375808023518e-05,91.0579605102539,0.0
lag3_carries,0.00047192546954866584,285,171.0,179.0,439.0,140.0,440.0,0.001404067473760835,0.0023331930860877037,0.0,47.67632293701172,0.0
lag4_special_teams_tds,0.00047064945566256385,286,440.0,462.0,146.0,358.0,114.5,9.50692959241476e-05,0.0,0.006927318474255095,4.196909427642822,22.34940728373529
lag3_kickoff_returns,0.00047011666718315223,287,189.0,191.0,439.0,418.0,164.5,0.0011079390661680858,0.0022935750894248486,0.0,1.497648000717163,14.814758672664311
lag4_receiving_16,0.000469132493099448,288,210.0,225.0,190.0,147.0,440.0,0.0009387600799340014,0.0021525302436202765,0.004923855562550594,44.88966751098633,0.0
missing_combine_cone,0.0004668426591013204,289,179.0,181.0,287.0,178.0,440.0,0.0012716297861840049,0.002329249633476138,0.001966080268270831,25.826974868774414,0.0
lag1_pat_made,0.0004664393405182851,290,357.0,295.0,171.0,202.0,164.5,0.0002464529034799782,0.001793215749785304,0.005705187173777881,20.395645141601562,14.814758672664311
lag1_attempts_per_game,0.000466036745043739,291,246.0,286.0,439.0,407.0,108.5,0.0006944718654928461,0.0018719519721344113,0.0,1.763498067855835,24.26500000000001
lag1_kickoff_returns,0.00046318546935986875,292,162.0,272.0,439.0,243.0,176.5,0.0015039869277923108,0.0019429792882874608,0.0,16.09640121459961,13.645212255743829
lag2_fumbles_lost_total,0.0004626950280324168,293,214.0,196.0,292.0,150.0,338.0,0.0009014783076139232,0.002247581956908107,0.00184131361897788,44.745704650878906,3.3716108170964176
lag1_passing_yards_after_catch,0.00046264607306276465,294,361.0,103.0,360.0,345.0,440.0,0.00023992900326264517,0.002747225109487772,4.26485632809559e-06,5.085505485534668,0.0
injury_lag3_absence_report_weeks,0.0004624635249046796,295,148.0,319.0,219.0,197.0,321.5,0.0016530722762966208,0.001665696268901229,0.00402638555867485,21.347848892211914,3.974349079924035
lag1_pass_yards_per_attempt,0.0004596544214089015,296,172.0,260.0,349.0,382.0,164.5,0.0013978351804642835,0.002002449007704854,0.0003600231008549226,2.8670711517333984,14.814758672664311
lag3_games,0.00045942757941308353,297,123.0,344.0,439.0,132.0,440.0,0.002198551351879088,0.0014839502982795238,0.0,52.67853927612305,0.0
lag1_gwfg_made,0.0004587977587235827,298,450.0,462.0,206.0,353.0,100.5,8.078423409323192e-05,0.0,0.00463629923351383,4.622564792633057,26.344780312294496
lag3_pass_td_rate,0.0004574750514159747,299,322.0,238.0,179.0,395.0,164.5,0.00034876875482640023,0.002087787026539445,0.005339424094774614,2.2914276123046875,14.814758672664311
lag3_fumbles_total,0.00045747105918826446,300,201.0,190.0,257.0,261.0,283.0,0.0010006813238505545,0.0022972000297158957,0.002930990344526707,14.684410095214844,5.5223401396204705
lag4_rush_first_down_rate,0.00045399809404517844,301,197.0,275.0,167.0,311.0,264.5,0.0010486203819229192,0.0019255859078839421,0.005904592271712916,7.661331653594971,6.50956134724625
lag4_rush_yards_per_carry,0.0004528549269971174,302,166.0,354.0,261.0,268.0,190.0,0.0014536845976012727,0.0013862191699445248,0.0028291456477513854,13.644596099853516,12.567995309154538
lag3_fg_made_30_39,0.00045023248825877814,303,429.0,336.0,136.0,219.0,190.0,0.00011022105185782465,0.0015533517580479383,0.007527191546773615,18.25550079345703,12.567995309154538
lag3_rush_20_rate,0.00044929148306962455,304,194.0,271.0,439.0,300.0,152.5,0.0010730389513896722,0.0019472779240459204,0.0,8.826775550842285,16.084548222171886
lag3_receiving_16,0.0004479854110119819,305,199.0,324.0,272.0,103.0,440.0,0.0010235976201519628,0.0016506067477166653,0.002489050422720851,78.78346252441406,0.0
lag3_fg_blocked,0.0004436768509024958,306,374.0,462.0,439.0,387.0,89.5,0.00020263365289934523,0.0,0.0,2.717068910598755,28.602820923266403
lag4_fg_made_30_39,0.00044361095469252636,307,405.0,462.0,83.0,272.0,440.0,0.00015599870300328264,0.0,0.01209277109223894,13.488492965698242,0.0
lag2_pass_td_rate,0.00044300331578249583,308,217.0,323.0,439.0,299.0,132.5,0.0008825390565550587,0.0016516803298145533,0.0,9.172355651855469,18.959960949121175
lag4_kickoff_returns,0.0004424334933175425,309,242.0,127.0,307.0,503.0,440.0,0.0007061393970947243,0.0026007560081779957,0.001417450418451649,0.032209835946559906,0.0
lag1_gwfg_distance,0.00044103968770711495,310,281.0,358.0,439.0,351.0,108.5,0.0005062814901728355,0.0013361311284825206,0.0,4.67762565612793,24.26500000000001
lag1_pass_td_rate,0.00043834086412018335,311,271.0,273.0,439.0,419.0,122.0,0.0005436944613899106,0.0019425578648224473,0.0,1.4578139781951904,20.585040425892426
lag1_fg_made_40_49,0.00043604704546812027,312,449.0,230.0,297.0,221.0,152.5,8.625545156441136e-05,0.0021320420783013105,0.0018110076549626708,18.15921401977539,16.084548222171886
injury_lag2_absence_reported,0.0004292809404741797,313,286.0,462.0,163.0,154.0,253.0,0.00048024346382035483,0.0,0.006060948599919014,40.440677642822266,7.067503137136048
lag1_receiving_fumbles_lost,0.0004283083699375497,314,283.0,462.0,295.0,116.0,202.0,0.0005005497127125973,0.0,0.0018244950313619501,67.50740051269531,11.575818912193245
lag4_roster_weeks,0.00042731818336817323,315,168.0,262.0,343.0,307.0,245.5,0.0014431177701884077,0.00199702475219965,0.0005807262461812179,7.938194274902344,7.673266742398568
lag4_rushing_tds,0.00042544045879882046,316,309.0,392.0,439.0,183.0,132.5,0.0003980984943438914,0.000958557182457298,0.0,24.768075942993164,18.959960949121175
lag2_punt_returns,0.0004251152813723759,317,240.0,308.0,145.0,302.0,328.5,0.0007191100977311396,0.0017115323571488261,0.00700940984579157,8.639446258544922,3.660595354418332
lag2_fg_missed_30_39,0.00042168979372696604,318,500.0,223.0,439.0,286.0,132.5,1.1495951051531542e-05,0.0021542483009397984,0.0,11.038228034973145,18.959960949121175
lag4_pat_att,0.00041833482211290604,319,412.0,381.0,124.0,259.0,253.0,0.00014164511550575823,0.0011384664103388786,0.008109717425461183,14.86229133605957,7.067503137136048
injury_lag4_reserve_weeks,0.0004176105263434648,320,234.0,291.0,439.0,441.0,143.0,0.0007298158840388706,0.0018317758804187179,0.0,0.7144149541854858,17.463172855372974
lag1_made_field_goal_mean_distance,0.0004153713547541496,321,383.0,366.0,120.0,182.0,440.0,0.00019375898167970433,0.0012816754169762135,0.00840259073697136,24.90283966064453,0.0
injury_lag2_absence_report_weeks,0.00041506855775869496,322,158.0,340.0,439.0,166.0,328.5,0.0015485774176255383,0.00152216712012887,0.0,31.691802978515625,3.660595354418332
lag2_pat_made,0.0004130796473127769,323,422.0,405.0,114.0,208.0,360.5,0.0001255538237289489,0.0006203118246048689,0.008656317787991474,19.226192474365234,2.4265
lag3_rushing_fumbles_lost,0.00041184116380267783,324,329.0,292.0,220.0,207.0,221.5,0.0003229621563878691,0.0018197856843471527,0.004022246286301101,19.33808708190918,9.820263765518554
lag2_kickoff_returns,0.00041174557094287076,325,154.0,227.0,326.0,363.0,440.0,0.0016092004812089356,0.0021425632294267416,0.0008504792798573746,3.7535383701324463,0.0
lag1_late6_mean_delta_passing_20,0.00041068568691880633,326,232.0,278.0,144.0,400.0,440.0,0.0007516855281881882,0.001917047193273902,0.007069910405788304,2.145186185836792,0.0
lag3_rushing_first_downs,0.00040993930669102474,327,223.0,341.0,240.0,135.0,440.0,0.0008200534372615829,0.0015196723397821188,0.0034085870480544678,51.31575012207031,0.0
lag1_punt_return_yards,0.00040916384606001755,328,195.0,184.0,439.0,250.0,440.0,0.001067951709445201,0.0023275245912373066,0.0,15.412713050842285,0.0
lag1_late6_mean_delta_passing_yards_after_catch,0.00040428496858840564,329,262.0,234.0,223.0,440.0,253.0,0.0005852740908755563,0.002115134848281741,0.003998925934343367,0.7456936836242676,7.067503137136048
lag1_passing_yards_per_game,0.00040316881558126396,330,247.0,360.0,221.0,396.0,190.0,0.0006787310271439477,0.0013183315750211477,0.0040214021541638,2.290607213973999,12.567995309154538
lag1_pat_missed,0.0003999546086813273,331,425.0,218.0,328.0,326.0,176.5,0.00011885684692839219,0.002183712087571621,0.0008262879037896909,6.464781284332275,13.645212255743829
lag4_rushing_40,0.0003999326982278357,332,398.0,462.0,195.0,217.0,176.5,0.0001704997350121082,0.0,0.004891608562483274,18.307636260986328,13.645212255743829
lag4_passing_tds,0.0003967476508387614,333,399.0,257.0,439.0,516.0,132.5,0.00016645540605992996,0.0020093913190066814,0.0,0.0011784766102209687,18.959960949121175
lag2_fg_made_30_39,0.0003941465003642527,334,393.0,369.0,176.0,263.0,211.5,0.00018083838733690388,0.0012462474405765533,0.005467396747996789,14.49765396118164,10.661969565686057
lag1_gwfg_att,0.00039384614981238423,335,452.0,462.0,439.0,347.0,108.5,7.798415714756543e-05,0.0,0.0,4.9811110496521,24.26500000000001
lag2_passing_interceptions,0.0003938022289115909,336,316.0,245.0,316.0,369.0,190.0,0.00037390055025599017,0.0020695840939879417,0.0012176835631365623,3.4131059646606445,12.567995309154538
lag4_fg_missed_40_49,0.0003935593284430761,337,484.0,462.0,439.0,256.0,114.5,3.1401247932584876e-05,0.0,0.0,15.071455955505371,22.34940728373529
lag1_pat_blocked,0.0003920196792882173,338,406.0,462.0,135.0,416.0,211.5,0.00015489248779089487,0.0,0.007539313033099848,1.6030325889587402,10.661969565686057
lag3_fg_made_50_59,0.0003919344086778839,339,473.0,462.0,132.0,297.0,229.5,4.3794288668907606e-05,0.0,0.0076068452887567695,9.538217544555664,9.045006162344196
lag4_passing_yards_after_catch_per_completion,0.0003916044631396451,340,350.0,297.0,313.0,433.0,152.5,0.00026444638182278123,0.001788832014426589,0.001258694482875855,1.005228042602539,16.084548222171886
position_WR,0.00039149918583878784,341,138.0,254.0,439.0,500.0,440.0,0.0018268913631032115,0.0020232887472957373,0.0,0.038125284016132355,0.0
lag2_fg_made_50_59,0.00038983590328645155,342,461.0,294.0,311.0,247.0,164.5,5.8090697610409714e-05,0.0018020757706835866,0.0013227306117538085,15.47008228302002,14.814758672664311
lag3_fg_made_distance,0.0003896894667132036,343,431.0,462.0,111.0,236.0,440.0,0.00010715992885300369,0.0,0.009035192616506649,16.779033660888672,0.0
lag4_sack_fumbles,0.0003886501046540071,344,455.0,462.0,323.0,465.0,114.5,6.671525381941294e-05,0.0,0.0009415517092763448,0.33502504229545593,22.34940728373529
lag4_fumbles_total,0.0003868579906640392,345,243.0,183.0,439.0,323.0,353.0,0.0007044084955874571,0.002327696420252323,0.0,6.610992431640625,2.8602820923266394
lag1_late6_mean_delta_fg_made,0.0003864315215496599,346,268.0,300.0,213.0,506.0,229.5,0.000557089267842953,0.0017725209472700953,0.004232411150170368,0.013358017429709435,9.045006162344196
lag2_gwfg_distance,0.00038532424015668776,347,413.0,252.0,147.0,301.0,440.0,0.00013920855214519874,0.002032868331298232,0.006854517278720662,8.765239715576172,0.0
lag4_fg_missed_60_,0.00038508182656998326,348,506.0,462.0,172.0,361.5,164.5,3.862502529768899e-06,0.0,0.005674632011965608,3.8371927738189697,14.814758672664311
lag1_passing_40,0.0003846882861902421,349,330.0,386.0,439.0,370.0,132.5,0.0003185730974983287,0.001037564710713923,0.0,3.3687760829925537,18.959960949121175
lag2_fg_made_20_29,0.00038458821890033953,350,451.0,385.0,137.0,223.0,338.0,8.01744455419207e-05,0.0010381636675447226,0.007377380406718093,17.9829158782959,3.3716108170964176
lag4_pat_made,0.0003833180381429474,351,462.0,310.0,185.0,258.0,237.5,5.732752526598851e-05,0.0017056363867595792,0.005110996554317904,14.889572143554688,8.330951024361253
lag4_gwfg_distance,0.0003813705721048735,352,420.0,462.0,227.0,332.0,152.5,0.0001293786378954656,0.0,0.0038019263954298665,5.891396522521973,16.084548222171886
lag4_made_field_goal_mean_distance,0.0003792254501594486,353,384.0,187.0,298.0,211.0,440.0,0.00019338818171269381,0.002311545191332698,0.0017919443945846325,18.917428970336914,0.0
lag3_completions,0.0003789086448612449,354,373.0,165.0,245.0,466.0,440.0,0.0002044566423698586,0.0023949097376316786,0.003182951771269815,0.32620492577552795,0.0
lag2_fg_made_40_49,0.0003753291758384013,355,320.0,246.0,207.0,251.0,440.0,0.0003571714523390573,0.002066701650619507,0.004606069081195985,15.362805366516113,0.0
lag3_rushing_40,0.00037403886195843533,356,378.0,462.0,278.0,189.0,190.0,0.00019830220465352782,0.0,0.002433203114512894,23.00703239440918,12.567995309154538
lag3_completion_rate,0.0003739544747970528,357,339.0,356.0,282.0,450.0,164.5,0.00029527219839997843,0.0013735374668613076,0.00216353995425278,0.51657634973526,14.814758672664311
lag4_rushing_first_downs,0.0003713622684451441,358,245.0,298.0,277.0,193.0,440.0,0.0006953245467255579,0.0017837733030319214,0.002450524930924347,22.215457916259766,0.0
lag2_receiving_fumbles_lost,0.00036923864581195516,359,323.0,462.0,331.0,161.0,221.5,0.0003478960523062171,0.0,0.000819664796759545,33.46979904174805,9.820263765518554
lag2_sack_yards_lost,0.0003684670045431841,360,352.0,311.0,231.0,376.0,221.5,0.0002590791772330364,0.0016997144557535648,0.003729439349576813,3.106926441192627,9.820263765518554
lag2_gwfg_missed,0.00036780398775153637,361,515.5,462.0,294.0,391.0,132.5,0.0,0.0,0.0018309116439063633,2.4826693534851074,18.959960949121175
lag4_rushing_yards,0.00036431878504053646,362,213.0,387.0,293.0,185.0,440.0,0.0009106400378003845,0.001010458217933774,0.0018409245579678046,24.003429412841797,0.0
lag2_fg_missed_20_29,0.000364070828169115,363,509.0,462.0,439.0,361.5,122.0,1.969027287134113e-06,0.0,0.0,3.8371927738189697,20.585040425892426
lag1_late6_passing_yards,0.00036359317367162455,364,253.0,347.0,182.0,325.0,440.0,0.0006191948334609234,0.0014615621184930205,0.0052237081135710905,6.562471866607666,0.0
lag1_fg_made,0.00036304788184008015,365,358.0,351.0,156.0,264.0,440.0,0.0002458802849295987,0.0014243734767660499,0.006441741401326251,14.392830848693848,0.0
lag1_late6_punt_return_yards,0.00036100950849800203,366,237.0,204.0,439.0,331.0,440.0,0.0007266310833533729,0.0022289231419563293,0.0,5.930172443389893,0.0
lag1_late6_mean_delta_pat_att,0.00035925220252821843,367,319.0,264.0,173.0,509.0,440.0,0.0003608944855078898,0.001992809120565653,0.0056502727535476804,0.007170940283685923,0.0
lag4_rushing_10,0.0003591234294811929,368,290.0,402.0,355.0,175.0,264.5,0.00046448515748361837,0.0006921642343513668,0.0001967425644959775,26.38385009765625,6.50956134724625
lag1_passing_first_downs,0.00035890188327719266,369,359.0,462.0,129.0,341.0,440.0,0.00024182398217205368,0.0,0.00775133361148872,5.535107612609863,0.0
lag2_passing_40,0.0003578362273178308,370,304.0,203.0,439.0,371.0,306.0,0.00041887787225229677,0.002231350401416421,0.0,3.36519455909729,4.6848380391352045
lag2_fg_missed_60_,0.000357124651735035,371,481.0,462.0,352.0,431.0,132.5,3.300315495349652e-05,0.0,0.00029675066918422033,1.0893187522888184,18.959960949121175
lag3_made_field_goal_mean_distance,0.0003564017282545495,372,221.0,266.0,439.0,227.0,440.0,0.0008285342171527411,0.0019844193011522293,0.0,17.828092575073242,0.0
lag4_fg_made_40_49,0.0003553956747554763,373,293.0,462.0,303.0,284.0,202.0,0.00044948649351391916,0.0,0.001560329830972762,11.404722213745117,11.575818912193245
lag3_history_available,0.0003546709122564275,374,235.0,247.0,357.0,292.0,440.0,0.0007297997123871694,0.002056318800896406,0.00010110216361125524,10.305601119995117,0.0
lag4_fg_missed_30_39,0.0003546467135988311,375,467.0,462.0,234.0,324.0,176.5,4.8983665222199864e-05,0.0,0.0035365926522277213,6.569324493408203,13.645212255743829
lag3_fg_made,0.0003544473657083672,376,459.0,391.0,149.0,230.0,440.0,6.160474740490399e-05,0.000998888281174004,0.0067688590258883075,17.501121520996094,0.0
lag3_fg_made_60_,0.0003531130879319457,377,465.0,462.0,153.0,469.0,237.5,5.23508593511012e-05,0.0,0.006477225274752252,0.2931939661502838,8.330951024361253
lag1_passing_air_yards,0.00035281118682805186,378,219.0,400.0,208.0,339.0,440.0,0.0008393261798101414,0.0007838921737857163,0.0045618066618884345,5.561395168304443,0.0
lag3_pat_att,0.00035236662607764714,379,423.0,372.0,160.0,234.0,440.0,0.00012535441254146287,0.0012217583134770393,0.0062902048858055615,17.23452377319336,0.0
lag2_rushing_fumbles_lost,0.0003523574080206762,380,301.0,462.0,339.0,153.0,296.0,0.0004249894104844837,0.0,0.0006180387515997143,40.604148864746094,5.08638075168751
lag1_weekly_slope_fg_att,0.00035231037552101656,381,241.0,384.0,439.0,476.0,190.0,0.0007185697248271546,0.0010615334613248706,0.0,0.15240293741226196,12.567995309154538
lag2_gwfg_att,0.00035110446563298,382,507.0,462.0,143.0,290.0,321.5,3.7103444431740647e-06,0.0,0.007118190084315357,10.637609481811523,3.974349079924035
lag1_pat_att,0.0003503739354609552,383,394.0,462.0,439.0,203.0,176.5,0.000177603983509899,0.0,0.0,20.22112464904785,13.645212255743829
lag3_fumbles_lost_total,0.00034948769128202684,384,259.0,327.0,354.0,281.0,283.0,0.0005995768120071723,0.0016437163576483727,0.0002317112915835029,11.81253719329834,5.5223401396204705
lag1_weekly_slope_passing_air_yards,0.000348027622613923,385,239.0,299.0,285.0,434.0,338.0,0.0007210640399214174,0.0017786523094400764,0.0020174751156967208,1.004040002822876,3.3716108170964176
lag4_fumbles_lost_total,0.0003479733780605988,386,287.0,334.0,238.0,293.0,353.0,0.00047743591149591023,0.0015854811063036323,0.00347949804915193,10.021653175354004,2.8602820923266394
injury_lag5_absence_report_weeks,0.00034794344628922956,387,229.0,403.0,439.0,319.0,229.5,0.0007760354793133618,0.0006722024991177022,0.0,6.851538181304932,9.045006162344196
lag3_sack_yards_lost,0.00034788634949930075,388,327.0,280.0,439.0,444.0,202.0,0.00032635956919960853,0.0019091833382844925,0.0,0.6720855832099915,11.575818912193245
lag1_share_attempts_prior_team,0.0003475904521039821,389,256.0,284.0,359.0,328.0,313.5,0.0006053993194810015,0.001878048526123166,1.5627701918763393e-05,6.2552170753479,4.3149949884594445
lag1_weekly_slope_fg_made,0.00034517318012948424,390,272.0,318.0,191.0,493.0,440.0,0.0005338426789228223,0.0016805410850793123,0.004923743771723332,0.05957035720348358,0.0
lag1_fg_made_0_19,0.0003449786708491038,391,486.0,462.0,439.0,316.0,143.0,2.8232218394647653e-05,0.0,0.0,7.073211193084717,17.463172855372974
lag2_punt_return_yards,0.0003433776574838233,392,248.0,333.0,439.0,304.0,264.5,0.0006677428218972347,0.0016050741542130709,0.0,8.441110610961914,6.50956134724625
lag4_pass_td_rate,0.000343128643149607,393,351.0,328.0,439.0,474.0,176.5,0.00026337330133061754,0.001625338918529451,0.0,0.155474454164505,13.645212255743829
lag1_fg_made_distance,0.0003412059464349135,394,368.0,357.0,188.0,254.0,440.0,0.0002230107701653198,0.001354602281935513,0.00502543963251334,15.123226165771484,0.0
lag4_gwfg_blocked,0.00033845103221309913,395,512.0,462.0,439.0,514.0,132.5,1.8093453550261673e-06,0.0,0.0,0.0044830371625721455,18.959960949121175
lag1_weekly_slope_attempts,0.00033759068547651504,396,265.0,394.0,439.0,436.0,202.0,0.0005676135766888211,0.0009241777006536722,0.0,0.8780961632728577,11.575818912193245
lag3_receiving_fumbles_lost,0.0003370084532266493,397,326.0,287.0,439.0,239.0,296.0,0.00032707282968159575,0.0018699010834097862,0.0,16.569562911987305,5.08638075168751
lag1_late6_attempts,0.00033630140558320846,398,356.0,195.0,439.0,317.0,440.0,0.00024844252933140226,0.0022718689870089293,0.0,6.925093650817871,0.0
lag3_gwfg_distance,0.0003349403473293423,399,392.0,374.0,327.0,355.0,202.0,0.00018134119734242887,0.0012007454643025994,0.0008474378698792862,4.368597984313965,11.575818912193245
lag2_fg_made_60_,0.00033399071722268976,400,411.0,462.0,291.0,447.0,176.5,0.00014238811247557523,0.0,0.001887171402101151,0.5541887283325195,13.645212255743829
lag4_fg_made_0_19,0.0003339134141096512,401,460.0,462.0,439.0,350.0,152.5,6.125933350513821e-05,0.0,0.0,4.7736029624938965,16.084548222171886
lag3_fg_att,0.0003338322271727744,402,447.0,404.0,175.0,233.0,440.0,8.915794425527404e-05,0.0006212923908606172,0.005557910184206261,17.305145263671875,0.0
lag1_fg_made_60_,0.00033293566887464634,403,515.5,462.0,439.0,405.0,143.0,0.0,0.0,0.0,1.7863531112670898,17.463172855372974
lag4_missed_field_goal_mean_distance,0.00033195561734122175,404,428.0,289.0,439.0,206.0,283.0,0.00011157934961606084,0.001852498040534556,0.0,19.520832061767578,5.5223401396204705
lag3_rushing_20,0.0003314635065078862,405,318.0,343.0,439.0,152.0,440.0,0.00036165748692954246,0.0014941076515242457,0.0,43.29652786254883,0.0
lag3_pass_yards_per_attempt,0.00032925782430288594,406,270.0,325.0,439.0,460.0,245.5,0.0005452075105770996,0.0016475138254463673,0.0,0.41401562094688416,7.673266742398568
lag3_fg_made_20_29,0.0003281191886970565,407,464.0,462.0,439.0,218.0,190.0,5.680580717155904e-05,0.0,0.0,18.29521369934082,12.567995309154538
lag3_passing_20,0.00032721749781306603,408,386.0,281.0,204.0,452.0,440.0,0.00018838600684592093,0.0019040991319343448,0.0046852963919303825,0.5086876153945923,0.0
lag2_sack_fumbles_lost,0.0003269234506713022,409,400.0,401.0,347.0,417.0,190.0,0.00016589858776601624,0.0007795335841365159,0.0004808090216361638,1.5189836025238037,12.567995309154538
injury_lag5_absence_reported,0.00032552149143921674,410,353.0,462.0,308.0,279.0,237.5,0.00025315061110620573,0.0,0.0014117096805477125,12.091591835021973,8.330951024361253
lag1_late6_mean_delta_passing_yards,0.00032510127953937977,411,275.0,397.0,256.0,426.0,321.5,0.0005237205308637883,0.0008268579840660095,0.002966309663627431,1.3146073818206787,3.974349079924035
lag3_fg_missed_20_29,0.0003248974357619223,412,513.0,462.0,439.0,389.0,152.5,1.2456504614310781e-06,0.0,0.0,2.5561490058898926,16.084548222171886
lag1_sack_fumbles,0.0003245692630970432,413,376.0,313.0,246.0,356.0,347.5,0.0001998672509114663,0.00169198343064636,0.003163132834733906,4.266673564910889,3.1054400722660342
lag2_field_goal_make_rate,0.00032410610284484094,414,438.0,462.0,283.0,195.0,283.0,0.00010177586506009704,0.0,0.002137941217486894,21.56513786315918,5.5223401396204705
lag3_punt_returns,0.00032312654712573813,415,228.0,361.0,439.0,335.0,338.0,0.0007826435079740963,0.0013110219733789563,0.0,5.787589073181152,3.3716108170964176
lag3_field_goal_make_rate,0.00032309736054291735,416,369.0,306.0,439.0,205.0,338.0,0.00021924302896748522,0.0017323895590379834,0.0,19.589885711669922,3.3716108170964176
lag4_fg_made_50_59,0.00032283675699193697,417,443.0,462.0,439.0,298.0,176.5,9.384229619793794e-05,0.0,0.0,9.264801025390625,13.645212255743829
lag4_sack_fumbles_lost,0.0003228325199922562,418,391.0,462.0,268.0,513.0,202.0,0.00018199486407931992,0.0,0.0026430476960708216,0.005546280182898045,11.575818912193245
lag3_passing_16,0.000322554124239838,419,441.0,312.0,262.0,459.0,264.5,9.463830358254254e-05,0.0016988894203677773,0.0028184658380889793,0.41548416018486023,6.50956134724625
lag3_passing_tds,0.0003223423847426175,420,380.0,462.0,154.0,442.0,440.0,0.0001969142067436874,0.0,0.006466506990166598,0.7132641077041626,0.0
lag2_passing_yards,0.0003222919763775798,421,348.0,258.0,281.0,378.0,440.0,0.0002697709360137716,0.002008576411753893,0.002287940136948885,3.0174148082733154,0.0
lag1_weekly_slope_passing_first_downs,0.000322182308453559,422,233.0,315.0,324.0,443.0,440.0,0.0007415818878222761,0.0016871781554073095,0.0009069381417838862,0.6782289147377014,0.0
injury_lag4_injury_reported,0.0003216387845160145,423,362.0,462.0,315.0,170.0,360.5,0.00023857258016994563,0.0,0.0012323086465033661,30.11309051513672,2.4265
lag2_missed_field_goal_mean_distance,0.0003208404848475975,424,313.0,376.0,439.0,228.0,296.0,0.0003836432100508344,0.0011814568424597383,0.0,17.661718368530273,5.08638075168751
lag4_fg_made,0.0003201804161931176,425,477.0,462.0,174.0,245.0,440.0,3.904162780194839e-05,0.0,0.005571714647789161,15.570038795471191,0.0
lag3_fg_missed_distance,0.00031988358448428516,426,416.0,251.0,321.0,271.0,440.0,0.00013344421051894657,0.0020333840511739254,0.00100868857966252,13.580678939819336,0.0
lag3_rushing_fumbles,0.0003194619965387649,427,311.0,462.0,338.0,235.0,296.0,0.0003925995848470132,0.0,0.0006183564161192923,16.853857040405273,5.08638075168751
lag4_fg_made_20_29,0.0003191548896133142,428,493.0,462.0,439.0,215.0,202.0,1.9936735861379335e-05,0.0,0.0,18.552989959716797,11.575818912193245
lag3_passing_first_downs,0.0003184777693772646,429,417.0,188.0,439.0,464.0,440.0,0.0001321826345381179,0.0022987998090684414,0.0,0.35024917125701904,0.0
lag1_late6_mean_delta_fg_att,0.00031844437883705903,430,325.0,378.0,248.0,515.0,296.0,0.0003270848965622838,0.001155187259428203,0.0031213215902827773,0.003332337597385049,5.08638075168751
lag2_fg_att,0.0003177763028899889,431,435.0,305.0,290.0,216.0,440.0,0.00010597917742220224,0.00173866911791265,0.0018966623242879788,18.45344352722168,0.0
lag2_pass_yards_per_attempt,0.00031570447088614685,432,274.0,352.0,439.0,349.0,296.0,0.0005322852648063892,0.0014112769858911633,0.0,4.818851470947266,5.08638075168751
lag4_fg_blocked,0.0003154493458519649,433,494.0,462.0,439.0,312.0,176.5,1.910895203145104e-05,0.0,0.0,7.462739944458008,13.645212255743829
lag2_passing_first_downs,0.00031366473781007135,434,388.0,211.0,439.0,380.0,440.0,0.00018543059143746293,0.0022104005329310894,0.0,2.928745746612549,0.0
lag4_fg_made_distance,0.0003136057313938899,435,448.0,393.0,205.0,260.0,440.0,8.665871529067201e-05,0.0009525998611934483,0.00467462347656511,14.751577377319336,0.0
lag3_interception_rate,0.0003117427459428507,436,347.0,213.0,439.0,487.0,440.0,0.0002705583962992427,0.002198296133428812,0.0,0.07176897674798965,0.0
lag1_sack_yards_lost,0.00031149342367843287,437,289.0,389.0,255.0,346.0,440.0,0.00047216019906996077,0.0010033264989033341,0.00297729561857496,5.008320331573486,0.0
lag4_passing_16,0.0003098153343474429,438,418.0,462.0,177.0,483.0,357.0,0.0001320558104938827,0.0,0.005447983672134837,0.09036975353956223,2.6344780312294485
lag3_fg_missed_50_59,0.00030981186532774214,439,424.0,326.0,439.0,283.0,264.5,0.00012034971023089511,0.0016446367371827364,0.0,11.549873352050781,6.50956134724625
lag1_missed_field_goal_mean_distance,0.0003097811097773553,440,331.0,345.0,439.0,192.0,440.0,0.00031644398011341314,0.0014784197555854917,0.0,22.221853256225586,0.0
lag4_fg_missed_50_59,0.0003082691217763847,441,485.0,462.0,439.0,306.0,190.0,3.0445973588413055e-05,0.0,0.0,8.135086059570312,12.567995309154538
lag4_interception_rate,0.00030716531128794635,442,321.0,368.0,439.0,495.0,237.5,0.00035228270908557215,0.0012685273541137576,0.0,0.04825526475906372,8.330951024361253
lag4_passing_20,0.000306258175269187,443,401.0,365.0,225.0,512.0,338.0,0.00016394157840520974,0.0012861895374953747,0.003945546404265254,0.006640539038926363,3.3716108170964176
lag3_pat_make_rate,0.000305359030057467,444,492.0,388.0,439.0,225.0,253.0,2.0377477601485187e-05,0.0010058429324999452,0.0,17.861736297607422,7.067503137136048
lag4_sacks_suffered,0.0003045926482836463,445,382.0,243.0,329.0,492.0,440.0,0.00019455263895125653,0.0020805909298360348,0.000822325770157617,0.06351388245820999,0.0
lag3_fg_missed_30_39,0.00030445432291900746,446,487.0,462.0,216.0,313.0,321.5,2.8223075718138767e-05,0.0,0.004093429751862665,7.437941074371338,3.974349079924035
lag2_fg_missed_40_49,0.00030409536591011167,447,489.0,462.0,236.0,277.0,313.5,2.635607818418837e-05,0.0,0.003518147488253298,12.373125076293945,4.3149949884594445
lag4_passing_air_yards,0.0003028758041802785,448,363.0,282.0,279.0,496.0,440.0,0.00023519485219228878,0.0018884377786889672,0.0023936924520227,0.04250135272741318,0.0
lag1_fg_missed_30_39,0.0003028548269505697,449,476.0,375.0,439.0,329.0,221.5,3.920680370816366e-05,0.001187034766189754,0.0,6.151392459869385,9.820263765518554
lag2_passing_air_yards,0.00030237691602039276,450,277.0,462.0,439.0,383.0,264.5,0.0005194310798100915,0.0,0.0,2.860898733139038,6.50956134724625
lag2_passing_20,0.00030161431558269096,451,279.0,377.0,439.0,365.0,321.5,0.0005131972214054774,0.0011553500080481172,0.0,3.6320011615753174,3.974349079924035
lag1_passing_20,0.0003003044212984456,452,390.0,462.0,199.0,354.0,440.0,0.00018366924328493917,0.0,0.004815831313943031,4.584582805633545,0.0
lag2_attempts,0.00029973473142950373,453,335.0,259.0,439.0,381.0,440.0,0.0003011571544893679,0.0020067815203219652,0.0,2.922398328781128,0.0
lag3_gwfg_att,0.00029970698285003026,454,495.0,406.0,194.0,340.0,440.0,1.880657948518456e-05,0.0004436435701791197,0.004913071358142007,5.549516677856445,0.0
lag3_fg_made_40_49,0.0002992439352918737,455,397.0,303.0,353.0,270.0,440.0,0.00017182164759628154,0.0017479108646512032,0.00026737846133984,13.62353229522705,0.0
lag1_late6_mean_delta_passing_air_yards,0.0002991998955332799,456,222.0,382.0,439.0,412.0,440.0,0.0008273390744449533,0.0010890512494370341,0.0,1.6770762205123901,0.0
lag1_weekly_slope_passing_yards_after_catch,0.0002984244967945385,457,273.0,355.0,318.0,457.0,440.0,0.0005327652063651731,0.0013755499385297298,0.0011344272004294442,0.4437302350997925,0.0
lag4_rushing_12,0.000297688947658166,458,317.0,462.0,439.0,181.0,440.0,0.000372459579348025,0.0,0.0,24.938373565673828,0.0
lag3_passing_interceptions,0.00029718558281606824,459,338.0,462.0,244.0,475.0,338.0,0.00029580000799431114,0.0,0.003243325415839049,0.15486808121204376,3.3716108170964176
lag1_late6_fg_att,0.000295943373592718,460,421.0,339.0,304.0,267.0,440.0,0.0001271566590547493,0.0015247315168380737,0.001551180877829239,13.854926109313965,0.0
lag3_pat_made,0.0002947710825695538,461,408.0,462.0,264.0,229.0,440.0,0.00014826452139773854,0.0,0.0027787996896313505,17.542856216430664,0.0
lag4_receiving_fumbles_lost,0.00029428468113810633,462,409.0,462.0,439.0,303.0,237.5,0.0001471456164660737,0.0,0.0,8.620235443115234,8.330951024361253
lag1_late6_passing_20,0.00029425817682365044,463,340.0,288.0,439.0,327.0,440.0,0.0002925075434643166,0.0018630368867889047,0.0,6.407000541687012,0.0
lag1_late6_fg_made,0.00029303696990933914,464,375.0,296.0,439.0,276.0,440.0,0.00020068142638066499,0.001792161725461483,0.0,12.392234802246094,0.0
lag2_made_field_goal_mean_distance,0.0002923227878349183,465,387.0,367.0,439.0,200.0,440.0,0.00018569894793132549,0.0012705172412097454,0.0,20.49506950378418,0.0
lag3_gwfg_made,0.0002923191735924024,466,478.0,462.0,197.0,337.0,440.0,3.8728370995557e-05,0.0,0.0048648325939830706,5.726168155670166,0.0
lag1_fg_att,0.0002917519067742273,467,341.0,350.0,439.0,244.0,440.0,0.00029194710267083085,0.0014505457365885377,0.0,15.946914672851562,0.0
lag3_fg_missed_60_,0.00029146745088614066,468,496.0,462.0,247.0,413.0,283.0,1.577367294456066e-05,0.0,0.003158913992510559,1.656954288482666,5.5223401396204705
lag1_late6_passing_air_yards,0.00029087445515765624,469,324.0,462.0,271.0,320.0,440.0,0.0003472520788739221,0.0,0.0025249943682963405,6.7503342628479,0.0
lag2_fg_missed_distance,0.0002899501125733784,470,292.0,396.0,439.0,265.0,440.0,0.00045607688145096097,0.0008614707621745765,0.0,14.01005744934082,0.0
lag2_gwfg_blocked,0.0002896223472814694,471,515.5,462.0,439.0,479.0,190.0,0.0,0.0,0.0,0.10985461622476578,12.567995309154538
lag3_fg_missed,0.00028920542726011667,472,480.0,462.0,229.0,266.0,440.0,3.427083201848202e-05,0.0,0.0037898249660448524,13.898184776306152,0.0
lag4_field_goal_make_rate,0.00028837112733889165,473,403.0,359.0,439.0,210.0,440.0,0.0001616606237632602,0.0013190199388191104,0.0,18.920442581176758,0.0
lag4_passing_10,0.00028795848686190024,474,402.0,337.0,439.0,477.0,274.0,0.00016360355809625415,0.0015437500551342964,0.0,0.11963563412427902,5.995666094707065
lag3_gwfg_missed,0.0002876559165668277,475,511.0,462.0,269.0,397.0,274.0,1.8212486807666216e-06,0.0,0.0025915875938424815,2.226991653442383,5.995666094707065
lag4_passing_yards_after_catch,0.0002867595138150805,476,385.0,364.0,439.0,491.0,264.5,0.00019086202123408947,0.0012914336984977126,0.0,0.06413120776414871,6.50956134724625
lag1_passing_tds,0.0002863537132077709,477,344.0,462.0,439.0,330.0,283.0,0.0002796239139360825,0.0,0.0,6.022017955780029,5.5223401396204705
lag4_passing_40,0.00028502154720079395,478,439.0,462.0,230.0,497.0,338.0,9.863958366986884e-05,0.0,0.003788110621012697,0.04180391505360603,3.3716108170964176
lag3_missed_field_goal_mean_distance,0.00028448081645676096,479,379.0,462.0,439.0,222.0,353.0,0.00019805623728666756,0.0,0.0,17.988529205322266,2.8602820923266394
lag2_fg_made_distance,0.0002833858643195605,480,381.0,462.0,340.0,226.0,440.0,0.00019535078128912306,0.0,0.0006096992727391282,17.829666137695312,0.0
lag2_fg_missed,0.00028330512706316503,481,446.0,462.0,265.0,257.0,440.0,8.9862207282036e-05,0.0,0.002769395692263865,15.005056381225586,0.0
lag4_rushing_fumbles,0.000282492899011618,482,360.0,462.0,439.0,294.0,306.0,0.0002403438336581356,0.0,0.0,9.6846923828125,4.6848380391352045
lag2_passing_10,0.00028222516799091327,483,306.0,342.0,439.0,373.0,440.0,0.0004100797183662133,0.001512155751697719,0.0,3.279336452484131,0.0
lag1_fg_missed,0.0002817826358473264,484,470.0,353.0,439.0,209.0,440.0,4.731245968849804e-05,0.0013921548379585147,0.0,18.970123291015625,0.0
lag4_sack_yards_lost,0.00028106254578642013,485,437.0,462.0,439.0,480.0,221.5,0.0001031166804677924,0.0,0.0,0.10544602572917938,9.820263765518554
lag2_pat_make_rate,0.00027837538584796066,486,395.0,462.0,439.0,194.0,440.0,0.00017584335147452054,0.0,0.0,22.13327980041504,0.0
lag2_completions,0.0002776689875900783,487,372.0,346.0,351.0,386.0,440.0,0.00021361791239354815,0.0014694068813696504,0.0003040306986066277,2.843824863433838,0.0
lag2_passing_yards_after_catch,0.00027681624390104177,488,297.0,383.0,439.0,367.0,440.0,0.00043620351028752445,0.0010616634972393513,0.0,3.4849774837493896,0.0
lag1_passing_yards,0.00027672973209108814,489,307.0,462.0,346.0,343.0,440.0,0.0004023940760969666,0.0,0.00048393445592709305,5.401684284210205,0.0
lag1_late6_pat_att,0.0002758950572312127,490,407.0,390.0,439.0,232.0,440.0,0.00015191048364415554,0.0010026856325566769,0.0,17.308589935302734,0.0
lag1_late6_passing_first_downs,0.00027091015799003487,491,294.0,462.0,439.0,322.0,440.0,0.00044229200269524133,0.0,0.0,6.721706390380859,0.0
lag2_pat_att,0.00026754197750003647,492,427.0,462.0,439.0,214.0,440.0,0.00011188372927307571,0.0,0.0,18.617097854614258,0.0
lag4_passing_interceptions,0.0002664366133742603,493,444.0,462.0,439.0,505.0,253.0,9.020184658660839e-05,0.0,0.0,0.01620107889175415,7.067503137136048
lag2_fg_made,0.00026508458106711105,494,433.0,462.0,439.0,220.0,440.0,0.00010700417862414746,0.0,0.0,18.229900360107422,0.0
lag1_fg_made_50_59,0.0002646133189861606,495,445.0,462.0,337.0,275.0,440.0,9.006508949156554e-05,0.0,0.0006599165830878384,12.771292686462402,0.0
lag1_fg_missed_60_,0.00026316639258566835,496,508.0,462.0,439.0,399.0,264.5,3.40429239744513e-06,0.0,0.0,2.148690700531006,6.50956134724625
lag3_sacks_suffered,0.0002592944695158605,497,414.0,329.0,439.0,453.0,440.0,0.000135692855932113,0.0016246129525825381,0.0,0.4782428741455078,0.0
lag1_fg_missed_20_29,0.00025871060409019084,498,456.0,462.0,439.0,408.0,296.0,6.607753960589906e-05,0.0,0.0,1.755105972290039,5.08638075168751
lag3_sack_fumbles,0.0002584690068938402,499,432.0,462.0,439.0,508.0,283.0,0.0001071467250962174,0.0,0.0,0.01241305936127901,5.5223401396204705
lag2_gwfg_made,0.00025693848743689343,500,497.0,462.0,330.0,296.0,440.0,1.577295031607784e-05,0.0,0.0008213835145303161,9.539063453674316,0.0
lag2_pat_blocked,0.0002556831072453128,501,472.0,462.0,439.0,425.0,296.0,4.5161400955331474e-05,0.0,0.0,1.4056124687194824,5.08638075168751
lag4_fg_att,0.000254837089545617,502,475.0,462.0,439.0,242.0,440.0,3.986595540471978e-05,0.0,0.0,16.173999786376953,0.0
lag4_gwfg_made,0.00025429651308990964,503,503.0,462.0,314.0,333.0,440.0,7.4442005168153755e-06,0.0,0.0012338576705153148,5.818158149719238,0.0
lag2_sacks_suffered,0.00025383028432337184,504,343.0,462.0,439.0,375.0,440.0,0.0002811808375817266,0.0,0.0,3.2106144428253174,0.0
lag4_attempts,0.000252781959387128,505,366.0,462.0,344.0,498.0,440.0,0.0002315781384403119,0.0,0.0005748273530874481,0.03949940204620361,0.0
lag4_fg_missed,0.00025273556165748487,506,468.0,462.0,439.0,255.0,440.0,4.87778114251434e-05,0.0,0.0,15.121726036071777,0.0
lag4_gwfg_att,0.0002524659834839475,507,504.0,462.0,334.0,318.0,440.0,7.201416024717174e-06,0.0,0.0007604301711905403,6.919987678527832,0.0
lag1_sack_fumbles_lost,0.0002509304382698192,508,367.0,462.0,439.0,360.0,440.0,0.00022912000000253858,0.0,0.0,3.892122745513916,0.0
lag3_passing_air_yards,0.0002476706299309483,509,342.0,462.0,439.0,456.0,440.0,0.00028753533934992387,0.0,0.0,0.44630369544029236,0.0
lag4_passing_first_downs,0.0002471487630329195,510,436.0,362.0,439.0,486.0,440.0,0.00010502541373251845,0.001304242992773652,0.0,0.07271257787942886,0.0
lag1_gwfg_missed,0.0002445347354968022,511,499.0,462.0,439.0,415.0,338.0,1.1656404097135014e-05,0.0,0.0,1.650217890739441,3.3716108170964176
lag2_sack_fumbles,0.0002441651019388141,512,389.0,462.0,439.0,394.0,440.0,0.0001838668222706501,0.0,0.0,2.304940938949585,0.0
lag4_fg_missed_20_29,0.00024255723177101852,513,510.0,462.0,439.0,428.0,338.0,1.8316328270455385e-06,0.0,0.0,1.1455764770507812,3.3716108170964176
lag4_pat_missed,0.00023698814856792921,514,466.0,462.0,439.0,366.0,440.0,4.975072750353209e-05,0.0,0.0,3.5245087146759033,0.0
lag4_passing_yards,0.0002356342195167711,515,404.0,462.0,439.0,484.0,440.0,0.00016116138566123084,0.0,0.0,0.07607720792293549,0.0
lag3_passing_40,0.0002356019416946393,516,426.0,462.0,439.0,438.0,440.0,0.00011243842428697965,0.0,0.0,0.7836892604827881,0.0
lag3_passing_yards,0.0002335706231538968,517,430.0,462.0,439.0,461.0,440.0,0.00010800829213370896,0.0,0.0,0.40143588185310364,0.0
