injury_weight,spearman,ndcg_at_roster_cutoff,top_k_recall,bust_rate_top_k,rows,stage,default
0.0,0.719571935703247,0.7413242906187612,0.5069444444444443,0.212962962962963,3401.0,development,False
0.05,0.7190912230662007,0.7401928172698619,0.5046296296296297,0.2152777777777778,3401.0,development,False
0.1,0.7182606663621933,0.7315941519235513,0.4872685185185186,0.22569444444444445,3401.0,development,False
0.15,0.716772666150241,0.7263472794961233,0.4849537037037037,0.21875,3401.0,development,False
0.2,0.7152499149380706,0.7230752803678132,0.482638888888889,0.224537037037037,3401.0,development,True
0.25,0.7124517038705859,0.7108803267757859,0.47453703703703703,0.23032407407407407,3401.0,development,False
0.3,0.7083666842532126,0.6931138447530031,0.4548611111111111,0.25578703703703703,3401.0,development,False
0.4,0.6926416114614944,0.6492077058749203,0.4039351851851852,0.29629629629629634,3401.0,development,False
0.5,0.6432139567071494,0.5889644107749789,0.34259259259259256,0.35995370370370366,3401.0,development,False
0.0,0.7538198764913582,0.7909798221653377,0.5416666666666666,0.16666666666666666,3243.0,audit,False
0.05,0.7535837281989823,0.7906925416561857,0.5416666666666666,0.16666666666666666,3243.0,audit,False
0.1,0.7528178071382673,0.7894529222015443,0.5381944444444445,0.16782407407407407,3243.0,audit,False
0.15,0.751873993606054,0.7819278686259433,0.5335648148148149,0.16550925925925924,3243.0,audit,False
0.2,0.7501998199918846,0.7650746014312668,0.519675925925926,0.1724537037037037,3243.0,audit,True
0.25,0.7475628477056926,0.7561954167386326,0.5173611111111112,0.17592592592592593,3243.0,audit,False
0.3,0.7438543093479392,0.748271254355632,0.5173611111111112,0.17592592592592593,3243.0,audit,False
0.4,0.7280573629240082,0.7084059865521278,0.4652777777777779,0.23032407407407407,3243.0,audit,False
0.5,0.6728323206456815,0.6096565589642056,0.38078703703703703,0.3194444444444445,3243.0,audit,False
