family,columns,spearman_without,spearman_full,delta,track,roc_auc_without,roc_auc_full
age_experience_draft,6,0.7094534222985783,0.7196708631737655,0.010217440875187167,points,,
lag2_4_history,288,0.7135924846588808,0.7196708631737655,0.006078378514884686,points,,
lag1_participation,3,0.7189093761505777,0.7196708631737655,0.0007614870231877902,points,,
reserve_history_roster,4,0.7192235671256366,0.7196708631737655,0.0004472960481288757,points,,
position,5,0.7197328535613773,0.7196708631737655,-6.199038761178777e-05,points,,
history_availability,4,0.7204425789132819,0.7196708631737655,-0.0007717157395163987,points,,
lag1_trajectory,66,0.7204707814631655,0.7196708631737655,-0.000799918289399959,points,,
lag1_usage_share,4,0.7205890069809109,0.7196708631737655,-0.0009181438071453885,points,,
metadata_missingness,15,0.7206970167631014,0.7196708631737655,-0.0010261535893358875,points,,
body_combine,8,0.7210737567377289,0.7196708631737655,-0.0014028935639633922,points,,
lag1_per_game,8,0.7211659436269073,0.7196708631737655,-0.0014950804531418393,points,,
lag1_production,73,0.7214423473457181,0.7196708631737655,-0.0017714841719526087,points,,
lag1_rates,20,0.7216576596287113,0.7196708631737655,-0.001986796454945816,points,,
injury_report_history,20,0.7223493067796761,0.7196708631737655,-0.00267844360591063,points,,
lag1_participation,3,,,0.0018495838574671408,injury,0.7284492860604581,0.7302988699179253
age_experience_draft,6,,,0.0018481234842194771,injury,0.7284507464337058,0.7302988699179253
lag2_4_history,288,,,0.0011900535439217652,injury,0.7291088163740035,0.7302988699179253
lag1_trajectory,66,,,0.0009662560934330378,injury,0.7293326138244922,0.7302988699179253
history_availability,4,,,0.0008160535884290665,injury,0.7294828163294962,0.7302988699179253
position,5,,,0.00045208834627030736,injury,0.729846781571655,0.7302988699179253
lag1_per_game,8,,,0.00016406409325175897,injury,0.7301348058246735,0.7302988699179253
lag1_usage_share,4,,,2.538693886622312e-05,injury,0.730273482979059,0.7302988699179253
body_combine,8,,,-8.585768977453778e-05,injury,0.7303847276076998,0.7302988699179253
reserve_history_roster,4,,,-0.0004183333106445586,injury,0.7307172032285698,0.7302988699179253
lag1_production,73,,,-0.0005991363440521758,injury,0.7308980062619774,0.7302988699179253
injury_report_history,20,,,-0.0007865049611955888,injury,0.7310853748791208,0.7302988699179253
lag1_rates,20,,,-0.0012276415342636904,injury,0.7315265114521889,0.7302988699179253
metadata_missingness,15,,,-0.0013730074210565046,injury,0.7316718773389818,0.7302988699179253
