family,columns,roc_auc_without,roc_auc_full,delta
lag1_participation,3,0.7284492860604581,0.7302988699179253,0.0018495838574671408
age_experience_draft,6,0.7284507464337058,0.7302988699179253,0.0018481234842194771
lag2_4_history,288,0.7291088163740035,0.7302988699179253,0.0011900535439217652
lag1_trajectory,66,0.7293326138244922,0.7302988699179253,0.0009662560934330378
history_availability,4,0.7294828163294962,0.7302988699179253,0.0008160535884290665
position,5,0.729846781571655,0.7302988699179253,0.00045208834627030736
lag1_per_game,8,0.7301348058246735,0.7302988699179253,0.00016406409325175897
lag1_usage_share,4,0.730273482979059,0.7302988699179253,2.538693886622312e-05
body_combine,8,0.7303847276076998,0.7302988699179253,-8.585768977453778e-05
reserve_history_roster,4,0.7307172032285698,0.7302988699179253,-0.0004183333106445586
lag1_production,73,0.7308980062619774,0.7302988699179253,-0.0005991363440521758
injury_report_history,20,0.7310853748791208,0.7302988699179253,-0.0007865049611955888
lag1_rates,20,0.7315265114521889,0.7302988699179253,-0.0012276415342636904
metadata_missingness,15,0.7316718773389818,0.7302988699179253,-0.0013730074210565046
