target_season,missed_time_injury,physical_injury_reported,absence_reported,reserve_injury
2013,0.21645569620253163,0.47215189873417723,0.16962025316455695,0.08607594936708861
2014,0.19350811485642946,0.4257178526841448,0.16104868913857678,0.066167290886392
2015,0.2363405336721728,0.45743329097839897,0.19567979669631513,0.10419313850063533
2016,0.30711610486891383,0.4332084893882647,0.19101123595505617,0.16853932584269662
2017,0.22535211267605634,0.33186619718309857,0.12235915492957747,0.1329225352112676
2018,0.2183517417162277,0.3135089209855565,0.12914188615123195,0.13338997451146983
2019,0.23465096719932715,0.31791421362489486,0.1488645920941968,0.13708999158957108
2020,0.22117847993168233,0.3339026473099915,0.1443210930828352,0.1332194705380017
2021,0.2473469387755102,0.3289795918367347,0.14448979591836736,0.1673469387755102
2022,0.27002700270027,0.3564356435643564,0.17371737173717372,0.15031503150315031
2023,0.233446519524618,0.33191850594227507,0.15195246179966043,0.1434634974533107
2024,0.2375886524822695,0.3608156028368794,0.17109929078014185,0.13652482269503546
