candidate,target_season,model_position,rows,spearman,mae,ndcg_at_roster_cutoff,top_k_recall
phase4_production,2022,QB,140,0.7366001793958173,34.8453535784017,0.7586345720792134,0.5
phase4_production,2022,RB,267,0.7420289228031003,32.94621314884602,0.709329858560826,0.625
phase4_production,2022,TE,230,0.7489894370227879,17.15906690681446,0.8181224269118403,0.4166666666666667
phase4_production,2022,WR,413,0.7637667270607342,25.35927387307458,0.9083802373042874,0.7222222222222222
phase4_production,2023,QB,139,0.6698565848171565,41.76619540153261,0.7427212084706812,0.3333333333333333
phase4_production,2023,RB,272,0.743193961573436,27.19366103697391,0.8131801702277396,0.5833333333333334
phase4_production,2023,TE,236,0.8142901197429703,15.770334292933509,0.8299903153138176,0.5833333333333334
phase4_production,2023,WR,467,0.7639686724301445,21.710291838140453,0.8424136073406076,0.6666666666666666
phase4_production,2024,QB,137,0.742218714912411,37.7632549874026,0.7691092573358261,0.4166666666666667
phase4_production,2024,RB,261,0.7658718547418412,28.807723654438114,0.7543007269988827,0.5416666666666666
phase4_production,2024,TE,223,0.7866613246997581,17.959081094370397,0.7690215554369881,0.5
phase4_production,2024,WR,458,0.7683920186961404,22.41390510218683,0.7765539300033415,0.6111111111111112
phase4_production,2025,QB,146,0.7229811254161503,33.1667151452609,0.7891247017088914,0.6666666666666666
phase4_production,2025,RB,267,0.7207465347942414,28.4188048753887,0.7841801306716994,0.6666666666666666
phase4_production,2025,TE,238,0.8238135319175618,16.059522853957645,0.8017756049788707,0.4166666666666667
phase4_production,2025,WR,470,0.7772775798853913,19.989590687678945,0.7481489114932333,0.5833333333333334
ext_et_all,2022,QB,140,0.7289859930085303,34.994123449187846,0.7532285876326495,0.5
ext_et_all,2022,RB,267,0.7446108250310374,32.69256338876702,0.6942769542501329,0.625
ext_et_all,2022,TE,230,0.7507703909930981,17.28450504161079,0.8581684166547517,0.5833333333333334
ext_et_all,2022,WR,413,0.7597140689970941,25.565664180613723,0.9001683860483478,0.7222222222222222
ext_et_all,2023,QB,139,0.6743456692039859,42.66030406370974,0.7338104304190438,0.3333333333333333
ext_et_all,2023,RB,272,0.7417300552437064,26.950677006638404,0.812958390288326,0.5833333333333334
ext_et_all,2023,TE,236,0.8120177117076495,16.07767185863634,0.819592239146199,0.5833333333333334
ext_et_all,2023,WR,467,0.7644175733675694,21.71197060654556,0.8339680049753314,0.6666666666666666
ext_et_all,2024,QB,137,0.737511940772175,38.221072607615284,0.7999294052385016,0.4166666666666667
ext_et_all,2024,RB,261,0.765116888486426,28.520995624652482,0.7519653365412517,0.625
ext_et_all,2024,TE,223,0.7835771255489953,18.0477668077609,0.7679809699396083,0.5
ext_et_all,2024,WR,458,0.7687121233082286,22.322241298174692,0.7903913768553359,0.6111111111111112
ext_et_all,2025,QB,146,0.7251361863807415,33.03729229930706,0.7895260981697133,0.6666666666666666
ext_et_all,2025,RB,267,0.7173633104635854,28.32157295295901,0.7499924528019046,0.6666666666666666
ext_et_all,2025,TE,238,0.8256629294730808,15.827911165447864,0.8188142420258078,0.5
ext_et_all,2025,WR,470,0.7769870986236802,19.72779975632879,0.7667858543958381,0.5833333333333334
ext_hgb_all,2022,QB,140,0.7229587372159815,37.276586960195914,0.7191110112778589,0.4166666666666667
ext_hgb_all,2022,RB,267,0.7540085625691508,31.775420958369477,0.6454752042055913,0.5416666666666666
ext_hgb_all,2022,TE,230,0.7190277740184108,18.097716683333708,0.796302536599841,0.5
ext_hgb_all,2022,WR,413,0.7602239087093791,25.6757888764876,0.8125069321783888,0.6388888888888888
ext_hgb_all,2023,QB,139,0.6681461579513529,40.92667075261423,0.7211224974673636,0.5
ext_hgb_all,2023,RB,272,0.7458025294740369,26.96067161370788,0.8490849651961716,0.625
ext_hgb_all,2023,TE,236,0.7894368647194838,16.47715159772897,0.79787320918033,0.5
ext_hgb_all,2023,WR,467,0.7515868178960999,21.417485248483803,0.822561654233214,0.6666666666666666
ext_hgb_all,2024,QB,137,0.6842180090447006,40.047097147126486,0.7604925330897977,0.4166666666666667
ext_hgb_all,2024,RB,261,0.7673210643814682,28.022404074811817,0.8161449383278195,0.625
ext_hgb_all,2024,TE,223,0.7728199994425041,17.786804668193437,0.7594781780083186,0.5833333333333334
ext_hgb_all,2024,WR,458,0.7623700216444073,22.221863382476624,0.7776580777626241,0.6388888888888888
ext_hgb_all,2025,QB,146,0.7189960990483105,33.93780659129887,0.7348796222157924,0.5833333333333334
ext_hgb_all,2025,RB,267,0.7133967710817707,28.50668575827161,0.820379953148786,0.6666666666666666
ext_hgb_all,2025,TE,238,0.8049183091116221,16.54402189289179,0.74421959843292,0.3333333333333333
ext_hgb_all,2025,WR,470,0.7474488495119881,20.867763418295596,0.7657795343787971,0.5555555555555556
ext_xgb_all,2022,QB,140,0.7020063614221888,35.174826346124924,0.7719944583929851,0.5
ext_xgb_all,2022,RB,267,0.7338377816004824,31.984755655538272,0.7316036036793888,0.625
ext_xgb_all,2022,TE,230,0.7329642548814225,17.826587646797947,0.8336594801746425,0.5833333333333334
ext_xgb_all,2022,WR,413,0.7384245932902109,26.450326775793013,0.8768504442599806,0.6388888888888888
ext_xgb_all,2023,QB,139,0.6695637324815743,43.727133061182585,0.8278501766923406,0.5
ext_xgb_all,2023,RB,272,0.7373021962180414,28.856686387395158,0.7975369595285453,0.5416666666666666
ext_xgb_all,2023,TE,236,0.7838588393391518,17.235689605676523,0.8421889533840988,0.5
ext_xgb_all,2023,WR,467,0.7497523752129833,23.2933742443244,0.8311319432464015,0.6666666666666666
ext_xgb_all,2024,QB,137,0.6744681667443123,41.45749061664961,0.8112784597703686,0.5
ext_xgb_all,2024,RB,261,0.7409880242230941,28.760946722007805,0.8147217100920058,0.5833333333333334
ext_xgb_all,2024,TE,223,0.7631293062397296,19.301981359426215,0.7501961216266871,0.5833333333333334
ext_xgb_all,2024,WR,458,0.7348574329892544,24.518785535439388,0.7916539193232662,0.6388888888888888
ext_xgb_all,2025,QB,146,0.7068029809175463,36.08935342422903,0.8025975160662245,0.6666666666666666
ext_xgb_all,2025,RB,267,0.7090423596271531,30.48411765768287,0.7973118028527391,0.625
ext_xgb_all,2025,TE,238,0.7491712024944259,18.31918180465198,0.7614100979836311,0.3333333333333333
ext_xgb_all,2025,WR,470,0.7240081939122722,20.9762895708845,0.8072922830304687,0.6111111111111112
blend_ext_et_hgb,2022,QB,140,0.7452467797577539,36.04609352361729,0.7456509063240745,0.4166666666666667
blend_ext_et_hgb,2022,RB,267,0.7564380915426074,31.99850522980271,0.6973607479563434,0.625
blend_ext_et_hgb,2022,TE,230,0.7468254079293887,17.47232716642692,0.8199147274216569,0.5
blend_ext_et_hgb,2022,WR,413,0.7646066185373547,25.365312624224863,0.8482686841164663,0.6666666666666666
blend_ext_et_hgb,2023,QB,139,0.679988621475438,41.464407104287694,0.7475895104727941,0.4166666666666667
blend_ext_et_hgb,2023,RB,272,0.7515958119313989,26.80520544655046,0.8449877548818693,0.625
blend_ext_et_hgb,2023,TE,236,0.8046596452438778,15.973414748902968,0.8122049389206297,0.5
blend_ext_et_hgb,2023,WR,467,0.7665788186876517,21.287704939539292,0.8282271538055082,0.6666666666666666
blend_ext_et_hgb,2024,QB,137,0.7291688862492292,38.430935602061474,0.78539080821129,0.4166666666666667
blend_ext_et_hgb,2024,RB,261,0.7707560655359144,27.96607229656579,0.7564020156466453,0.5416666666666666
blend_ext_et_hgb,2024,TE,223,0.7860927018501652,17.764275519823418,0.7319821581933272,0.5
blend_ext_et_hgb,2024,WR,458,0.7700248433778298,22.051433081367442,0.7882128183945669,0.6111111111111112
blend_ext_et_hgb,2025,QB,146,0.7343155619811557,33.164531811412914,0.7858728794047806,0.6666666666666666
blend_ext_et_hgb,2025,RB,267,0.7240028652627951,28.155221346532155,0.8179966750964104,0.6666666666666666
blend_ext_et_hgb,2025,TE,238,0.8211100281034799,16.04714552919034,0.7731300987451807,0.3333333333333333
blend_ext_et_hgb,2025,WR,470,0.7665026969149936,19.844619429189425,0.7549686390592766,0.5833333333333334
blend_ext_all3,2022,QB,140,0.7323259383208551,35.676199698206915,0.7831041989405828,0.4166666666666667
blend_ext_all3,2022,RB,267,0.7567495870687541,31.78389803467049,0.727757994789219,0.6666666666666666
blend_ext_all3,2022,TE,230,0.746023659856239,17.45491641491258,0.8346997135871136,0.5833333333333334
blend_ext_all3,2022,WR,413,0.7625945454224874,25.530393171991694,0.8618107906794623,0.6666666666666666
blend_ext_all3,2023,QB,139,0.679719463652453,41.78887354562953,0.7559526752243693,0.4166666666666667
blend_ext_all3,2023,RB,272,0.7536734370847588,27.302098408585692,0.82474152692547,0.5833333333333334
blend_ext_all3,2023,TE,236,0.8008009954932093,16.260075216848993,0.8435186837152323,0.5833333333333334
blend_ext_all3,2023,WR,467,0.7659139072979853,21.809767439581886,0.8302350719548021,0.6666666666666666
blend_ext_all3,2024,QB,137,0.7107350322930903,39.13079277383311,0.7865270186672697,0.4166666666666667
blend_ext_all3,2024,RB,261,0.7646068657923318,28.118970845933905,0.7614720419985046,0.5416666666666666
blend_ext_all3,2024,TE,223,0.7838786628286118,18.133689134138276,0.7316882554461658,0.5
blend_ext_all3,2024,WR,458,0.7656973985268744,22.569698824976115,0.7776163697865048,0.6111111111111112
blend_ext_all3,2025,QB,146,0.7375917369192041,33.89879970777007,0.78602034264402,0.6666666666666666
blend_ext_all3,2025,RB,267,0.7227053362870937,28.786902457699586,0.8153060910061094,0.6666666666666666
blend_ext_all3,2025,TE,238,0.803538445122833,16.68696278272965,0.7829558895279864,0.4166666666666667
blend_ext_all3,2025,WR,470,0.7557885977684545,20.134565463041778,0.7919170668093455,0.6388888888888888
blend_phase4_ext_et,2022,QB,140,0.7327324895135959,34.913866988276155,0.7463413418739538,0.5
blend_phase4_ext_et,2022,RB,267,0.7441236651063597,32.81758144448027,0.704911806947532,0.625
blend_phase4_ext_et,2022,TE,230,0.7503820027615059,17.199343228444913,0.8154627566632716,0.4166666666666667
blend_phase4_ext_et,2022,WR,413,0.7624374764297811,25.448099707668558,0.9067945698441154,0.7222222222222222
blend_phase4_ext_et,2023,QB,139,0.6727939158419066,42.12979549354609,0.7332649670060958,0.3333333333333333
blend_phase4_ext_et,2023,RB,272,0.742668098260349,27.048968094179077,0.8126646192609731,0.5833333333333334
blend_phase4_ext_et,2023,TE,236,0.8129478420621759,15.91434669711169,0.8218137217537156,0.5833333333333334
blend_phase4_ext_et,2023,WR,467,0.7641753316351042,21.704909748028598,0.8477976259340536,0.6944444444444444
blend_phase4_ext_et,2024,QB,137,0.7381139417968158,37.94924852850742,0.7993851304411068,0.4166666666666667
blend_phase4_ext_et,2024,RB,261,0.766325867386186,28.659111210388073,0.7538327713224826,0.5833333333333334
blend_phase4_ext_et,2024,TE,223,0.7845659181420491,17.971193750549485,0.7688361427560195,0.5
blend_phase4_ext_et,2024,WR,458,0.7684583135020695,22.34237250711929,0.7844859614935734,0.6111111111111112
blend_phase4_ext_et,2025,QB,146,0.7244335953815764,33.10200372228398,0.7895882407613039,0.6666666666666666
blend_phase4_ext_et,2025,RB,267,0.7210824044609014,28.370188914173855,0.7523402719899968,0.6666666666666666
blend_phase4_ext_et,2025,TE,238,0.8254720559466909,15.943717009702755,0.8182155773482686,0.5
blend_phase4_ext_et,2025,WR,470,0.7769107524010159,19.841894306116146,0.7526288974183155,0.5555555555555556
blend_phase4_ext_all3,2022,QB,140,0.7405231773677484,35.41769640770731,0.7362522424027849,0.4166666666666667
blend_phase4_ext_all3,2022,RB,267,0.7548668714621921,32.015877140069726,0.7088694766656514,0.625
blend_phase4_ext_all3,2022,TE,230,0.7498671625475349,17.33936037223566,0.8342526965569322,0.5833333333333334
blend_phase4_ext_all3,2022,WR,413,0.7640592296093901,25.43257902116998,0.8693333617875542,0.6666666666666666
blend_phase4_ext_all3,2023,QB,139,0.6828768019412081,41.5351097036281,0.7533144837260601,0.4166666666666667
blend_phase4_ext_all3,2023,RB,272,0.7517821172996648,27.198321890092092,0.8214857627975992,0.5833333333333334
blend_phase4_ext_all3,2023,TE,236,0.8059191967656323,16.043851983873054,0.8472050327891775,0.6666666666666666
blend_phase4_ext_all3,2023,WR,467,0.7667103781551483,21.739000780275255,0.8425182251463056,0.6666666666666666
blend_phase4_ext_all3,2024,QB,137,0.7272876330472268,38.561070744481505,0.7958019246197405,0.4166666666666667
blend_phase4_ext_all3,2024,RB,261,0.7684750343549173,28.22757550771404,0.7484931424749892,0.5416666666666666
blend_phase4_ext_all3,2024,TE,223,0.7865315725557973,18.059737449613603,0.7407788652141061,0.5
blend_phase4_ext_all3,2024,WR,458,0.7670807014660019,22.44145059794892,0.7709540243091966,0.6111111111111112
blend_phase4_ext_all3,2025,QB,146,0.7401551627447768,33.65102714420708,0.7862672476018877,0.6666666666666666
blend_phase4_ext_all3,2025,RB,267,0.726825433625933,28.633898277585747,0.7978251540448291,0.6666666666666666
blend_phase4_ext_all3,2025,TE,238,0.8105758500432135,16.52629809534105,0.7847890018920771,0.4166666666666667
blend_phase4_ext_all3,2025,WR,470,0.7622372099576694,20.027655044633317,0.7855454404615017,0.6111111111111112
