stage,candidate,components,rows,spearman,kendall_tau_b,mae,rmse,r2,rank_mae,ndcg_at_roster_cutoff,top_k_recall,calibration_intercept,calibration_slope,selected,adopted
audit,phase4_production,1,4364,0.7556660806193527,0.5970190812238069,24.69475180054896,43.64624715181937,0.6568321790998392,46.8641154903758,0.7884367009272967,0.5520833333333333,-1.4975779258765347,1.0457569192707812,True,True
audit,ext_et_all,1,4364,0.754791243163099,0.5964372663400248,24.681313733127773,43.55470597430279,0.6582701512278908,46.923235563703024,0.7900973215864215,0.5729166666666667,-1.3467174574592538,1.0422871591862986,False,False
audit,ext_hgb_all,1,4364,0.7426675297387917,0.5831378553900278,24.89411549836734,44.36043395271232,0.6455097344924304,47.93583868010999,0.771441902856476,0.5494791666666666,0.5816774175208443,0.9831628318954554,False,False
audit,ext_xgb_all,1,4364,0.7281361125996152,0.5683480329766001,26.05604481834034,44.89442834476696,0.636923923528747,49.31209899175069,0.8030798706314859,0.5685763888888888,-1.5934076273876208,1.0355984919035208,False,False
audit,blend_ext_et_hgb,2,4364,0.7573695902738146,0.5977452219610577,24.51444689709903,43.44781955744979,0.6599453529852175,46.81714023831347,0.7836350322906762,0.5460069444444444,-0.8630206221645301,1.024234263002347,False,False
audit,blend_ext_all3,3,4364,0.7526464756084522,0.5928413200797897,24.850547797186678,43.52094684824065,0.6587996935508939,47.26970669110907,0.7934577332313848,0.5651041666666666,-1.55200516592326,1.038852427082599,False,False
audit,blend_phase4_ext_et,2,4364,0.7554764794142552,0.5968180114971839,24.672084133497563,43.55576093083635,0.6582535966676135,46.85472043996334,0.7880227751759237,0.5598958333333334,-1.471483647365918,1.0452294161878177,False,False
audit,blend_phase4_ext_all3,4,4364,0.7566108458090034,0.5969597159710012,24.740728298761965,43.40349231027546,0.6606388744161189,46.94500458295142,0.7889803801556495,0.5659722222222221,-1.7021467119497908,1.044550970694862,False,False
audit,previous_points_baseline,0,4364,0.6471565438550133,0.5372109811256024,27.17580201649863,52.698074521704704,0.49973256147358236,44.08180568285976,0.7849727198584101,0.5546875,9.800502768340026,0.7472448256164671,False,False
