learner,target_season,rows,roc_auc,average_precision,log_loss,brier_score,calibration_intercept,calibration_slope,prevalence
age_position_logistic,2017,1136,0.5952436967329546,0.2853534220468085,0.535444947808424,0.1773864349377949,-0.8071167823036179,0.43471632778639047,0.22535211267605634
age_position_logistic,2018,1177,0.599515733378447,0.27176497218686596,0.503020108281329,0.16562614125429845,0.06515433834966997,1.071215828976095,0.2183517417162277
age_position_logistic,2019,1189,0.615463389656938,0.30523459575918543,0.5185628468043914,0.17331580420335346,0.18135134873608283,1.067443607807531,0.23465096719932715
age_position_logistic,2020,1171,0.5910384068278804,0.2724405321185886,0.5116619562369455,0.16849726536273865,-0.1513914926561093,0.9681229705349544,0.22117847993168233
age_position_logistic,2021,1225,0.6110532419836343,0.3061072042720866,0.5337234373070114,0.180156353883438,0.23043545577095964,1.029814932942415,0.2473469387755102
prior_games_logistic,2017,1136,0.6536066228693183,0.33968335894291113,0.5180857667252425,0.1690449246620695,-0.2700062330404444,1.0388298639587519,0.22535211267605634
prior_games_logistic,2018,1177,0.677104127897141,0.3351378318153555,0.49783614751324323,0.16036975529886474,0.10731876768971726,1.119561234804663,0.2183517417162277
prior_games_logistic,2019,1189,0.6845228248454055,0.3657609992376938,0.5095399562505302,0.16687080616861272,0.2265049767018624,1.095808851603018,0.23465096719932715
prior_games_logistic,2020,1171,0.7041971482760957,0.38676736641614473,0.48223791443522807,0.1556098378377049,0.05454420695309571,1.1395998530422626,0.22117847993168233
prior_games_logistic,2021,1225,0.6822734334170946,0.3851315764972098,0.5239796663390398,0.17292251128922728,0.0074562053728846585,0.8507391809166182,0.2473469387755102
elastic_all_c0.05,2017,1136,0.7007590553977272,0.3610632463554478,0.4945704450932233,0.16221648463710972,-0.06808231189379205,1.1742456903135554,0.22535211267605634
elastic_all_c0.05,2018,1177,0.7264993232955508,0.35459028683949434,0.47770594442354586,0.15642354479262502,0.16081066899548435,1.1841043241162525,0.2183517417162277
elastic_all_c0.05,2019,1189,0.7198905037614715,0.4043910572402992,0.4907783631114915,0.16224096498340865,0.13868797189667642,1.0390752805540278,0.23465096719932715
elastic_all_c0.05,2020,1171,0.7554993903678116,0.41775798366029604,0.4666758332082361,0.15065127560776156,0.06047477292564955,1.1711679591691178,0.22117847993168233
elastic_all_c0.05,2021,1225,0.7371118890630929,0.41330629186248136,0.4997269360484511,0.16692673536320293,0.036697754468926085,0.8185574749697975,0.2473469387755102
extra_trees_all_leaf20,2017,1136,0.6910111860795455,0.3830365596898686,0.4939896798263627,0.1619289415273215,-0.20237184149075593,1.0059399733776462,0.22535211267605634
extra_trees_all_leaf20,2018,1177,0.7179453561157164,0.37946680203221567,0.4732167403501986,0.15484641786558095,0.20361527319203412,1.2155055314744398,0.2183517417162277
extra_trees_all_leaf20,2019,1189,0.7141675528772302,0.399979767485272,0.48831868315509624,0.1618108251443464,0.11891074221177353,1.056363062117364,0.23465096719932715
extra_trees_all_leaf20,2020,1171,0.7549278601910181,0.4449341873558754,0.456240986469313,0.14895396956760676,-0.005325035129515878,1.125757277552753,0.22117847993168233
extra_trees_all_leaf20,2021,1225,0.7501485506468217,0.43799785014563825,0.4845485001182798,0.16214176034222794,0.17724161793946125,0.9409621904990952,0.2473469387755102
extra_trees_all_leaf50,2017,1136,0.7011408025568182,0.38268605204368855,0.48833018382995225,0.16028816964113096,-0.16350661316384485,1.0282924099405768,0.22535211267605634
extra_trees_all_leaf50,2018,1177,0.720751564879039,0.37032959825462897,0.4725431062470264,0.1544474693093057,0.11115196897400408,1.1229452321456133,0.2183517417162277
extra_trees_all_leaf50,2019,1189,0.7184174248690377,0.3989310852881752,0.4865702902784142,0.16104508168178985,0.1027083208859113,1.0271472037253553,0.23465096719932715
extra_trees_all_leaf50,2020,1171,0.7596779109937005,0.4593993518194953,0.45452247607211793,0.14820150203284105,0.0544739109922967,1.1778690455104799,0.22117847993168233
extra_trees_all_leaf50,2021,1225,0.7514139157950501,0.447058496373825,0.48372551819060633,0.1614917265825676,0.14977894392720276,0.9138942392033318,0.2473469387755102
hist_gradient_all_leaves15,2017,1136,0.6686212713068181,0.36355551726532803,0.5129258061500738,0.16716401019428778,-0.07007146976475619,1.3006186244851063,0.22535211267605634
hist_gradient_all_leaves15,2018,1177,0.7090657249196414,0.36803526026992395,0.482985892563365,0.15691792953209488,0.20820015034213835,1.21359880994969,0.2183517417162277
hist_gradient_all_leaves15,2019,1189,0.7139450155579188,0.4181873271404263,0.4918708134591119,0.16205342011686438,0.3061477896741405,1.1905930821065265,0.23465096719932715
hist_gradient_all_leaves15,2020,1171,0.7548262548262549,0.43650744048620227,0.45849864194067225,0.14945839896212376,0.05692652672362771,1.183026487452621,0.22117847993168233
hist_gradient_all_leaves15,2021,1225,0.7407254282912021,0.4249507193041988,0.4929193907256358,0.164837113321607,0.05803082282495859,0.8408319982206333,0.2473469387755102
