consensus_rank,feature,family,permutation_importance,permutation_rank,permutation_positive_share,univariate_spearman,univariate_rank,mutual_information,rf_impurity_importance,panel_rank,track,featureranker_score,featureranker_rank,consensus_rank_score
1,lag1_offense_snaps,lag1_participation,0.0886934166082141,2.0,1.0,0.6043418444382349,1.0,0.2360428076120682,0.1513020127760097,1.0,points,2.018013451969485,1.0,1.25
2,lag1_games,lag1_participation,0.0124574943625685,10.0,1.0,0.5944245267095024,2.0,0.226799109632771,0.0837145959267384,2.0,points,0.8400486004681018,2.0,4.0
3,lag1_receptions,lag1_production,0.016721965748414,5.0,1.0,0.5340283363889091,3.0,0.2033547425271722,0.0464379363047059,5.0,points,0.2890410021508362,7.0,5.0
4,lag1_receiving_yards_after_catch,lag1_production,0.0064745557871583,18.33333333333333,1.0,0.5331991885355623,4.0,0.2239687696793328,0.072742130876191,3.0,points,0.7371318299514384,3.0,7.083333333333332
5,lag1_targets,lag1_production,0.0059754357857083,15.333333333333334,1.0,0.5322087476421078,5.0,0.208988558647948,0.0268081901961415,5.5,points,0.289422999590967,6.0,7.958333333333334
6,lag1_receiving_yards,lag1_production,0.0059670619280375,17.333333333333332,0.8888888888888888,0.5223853023823462,8.0,0.2049797496229279,0.0270222527184763,5.5,points,0.3749593144716757,5.0,8.958333333333332
7,lag1_receiving_10,lag1_production,0.0029885225941336,27.33333333333333,0.7777777777777778,0.5230263775920306,7.0,0.2029914076934318,0.0096894530041122,13.0,points,0.18768911452004253,11.0,14.583333333333332
8,lag1_receiving_first_downs,lag1_production,0.0036702996333336,27.33333333333333,0.8888888888888888,0.5245748483785075,6.0,0.2027611240467006,0.0116654526954226,11.0,points,0.15190700049269362,14.0,14.583333333333332
9,lag1_receiving_tds,lag1_production,0.0074266091101113,13.0,1.0,0.4921440515835244,15.0,0.1420696416306275,0.0045079286307558,28.0,points,0.11479991542241752,19.0,18.75
10,lag1_rushing_10,lag1_production,0.0112646874350534,10.333333333333334,1.0,0.3965847819101556,27.0,0.0934885164754715,0.0099874462032882,36.0,points,0.26097170261025765,9.0,20.583333333333336
11,lag2_offense_snaps,lag2_4_history,0.0061148561843789,16.333333333333332,0.8888888888888888,0.3964116065392656,28.0,0.1238829900100864,0.0126792888861498,22.5,points,0.12478639244052626,17.0,20.958333333333332
12,lag1_late6_receiving_yards_after_catch,lag1_trajectory,0.00231945815141,32.666666666666664,0.8888888888888888,0.5030697655966127,12.0,0.1588527288762833,0.0074805432270595,18.0,points,0.10367656556513533,25.0,21.916666666666664
13,missing_draft_number,metadata_missingness,0.0351599315259121,5.666666666666667,1.0,-0.3940990090824694,30.0,0.092833192040155,0.0045170136863861,45.0,points,0.13995345890507147,15.0,23.916666666666664
14,lag2_receiving_yards_after_catch,lag2_4_history,0.0111352553830146,11.0,0.8888888888888888,0.3539431135628051,42.0,0.0901637777811972,0.0070436773829408,43.0,points,0.11117674950441578,21.0,29.25
15,draft_number,age_experience_draft,0.0479412783084076,6.666666666666667,0.8888888888888888,0.2427244868277685,87.0,0.1410059964637895,0.0334059374170534,14.0,points,0.17623065503649926,12.0,29.916666666666668
16,lag1_late6_receptions,lag1_trajectory,0.0008509746713841,70.0,0.6666666666666666,0.5038132402811527,11.0,0.1825475155079132,0.0036259927352786,25.5,points,0.10838875813366891,22.0,32.125
17,lag1_receiving_air_yards,lag1_production,0.0030244557461345,40.0,0.8888888888888888,0.3858661838829765,34.0,0.154268196841496,0.0040137138974935,27.0,points,0.07828669662829905,31.0,33.0
18,lag1_receiving_16,lag1_production,0.000943042506875,80.0,0.6666666666666666,0.5145243633333866,9.0,0.171596034622965,0.0040824377442092,23.5,points,0.1008166629920691,26.0,34.625
19,lag1_receiving_yards_per_target,lag1_rates,0.0073778058058912,17.333333333333332,1.0,0.4634456901605581,17.0,0.1310705274895394,0.0034622519646915,38.0,points,0.03471837946447283,72.0,36.08333333333333
20,lag2_receptions,lag2_4_history,0.0067123717581422,20.0,0.7777777777777778,0.3521742138927681,46.0,0.0999253887701074,0.0040848879129645,42.0,points,0.060840602742441414,39.0,36.75
21,lag1_receiving_20,lag1_production,0.0010684458689387,68.33333333333333,0.7777777777777778,0.4973565893950474,13.0,0.1548558853428661,0.0017980443976791,50.5,points,0.11924965549638425,18.0,37.45833333333333
22,lag1_carries,lag1_production,0.0015364957005752,41.333333333333336,0.7777777777777778,0.4177069173610223,24.0,0.1019956106188626,0.0066063982631941,36.0,points,0.04815442762062628,52.0,38.333333333333336
23,lag1_late6_receiving_yards,lag1_trajectory,0.0007086384666102,75.0,0.4444444444444444,0.4961750674640588,14.0,0.1716634728772419,0.0028444391076891,33.0,points,0.07706249203173805,32.0,38.5
24,lag1_rushing_12,lag1_production,0.0010997237343275,64.33333333333333,0.8888888888888888,0.3864917037492649,33.0,0.0917537924168163,0.0061327257193242,42.5,points,0.12815655185706215,16.0,38.95833333333333
25,lag1_catch_rate,lag1_rates,0.0016567891614723,46.66666666666666,1.0,0.4478532183850053,20.0,0.1492488047983906,0.0028902379324829,35.5,points,0.04528938537733298,55.0,39.291666666666664
26,lag1_rushing_yards,lag1_production,0.0010612372260838,55.66666666666666,1.0,0.3847063701555447,35.0,0.0770694044838213,0.0087879069578147,45.0,points,0.0820484596838705,30.0,41.416666666666664
27,lag1_rushing_tds,lag1_production,0.0020982847764412,46.66666666666666,0.7777777777777778,0.3461456026456116,50.0,0.0698049252269843,0.0023986151801741,69.5,points,0.060571011430927274,40.0,51.541666666666664
28,lag2_receiving_first_downs,lag2_4_history,0.0021730380567332,56.0,0.7777777777777778,0.3500883145199611,48.0,0.0915192780690823,0.0024017843352044,61.5,points,0.05211974287581454,47.0,53.125
29,lag1_late6_receiving_air_yards,lag1_trajectory,0.0013229385128944,80.0,0.7777777777777778,0.3752286743622069,38.0,0.1347277043842751,0.002241316771604,48.5,points,0.047457481675927275,53.0,54.875
30,lag2_receiving_yards,lag2_4_history,0.0014810070049668,69.66666666666667,0.7777777777777778,0.3432293297742149,52.0,0.0931137742055945,0.0028493516961553,55.0,points,0.05651018733418231,44.0,55.16666666666667
31,lag1_receiving_yards_after_catch_per_reception,lag1_rates,0.0003410068819824,101.33333333333331,0.7777777777777778,0.4591746379227296,18.0,0.1446047334230202,0.00225403100461,44.5,points,0.036828408394634575,67.0,57.70833333333333
32,lag1_rush_20_rate,lag1_rates,0.0053415205129256,26.0,0.7777777777777778,0.3327350017339544,55.0,0.0552432926481958,0.0034257637873783,69.0,points,0.02942267422843046,82.0,58.0
33,lag1_late6_receiving_first_downs,lag1_trajectory,0.0003574170790157,109.66666666666669,0.7777777777777778,0.4882100051735892,16.0,0.14900821730809,0.001354889139488,67.0,points,0.05827126516688102,42.0,58.66666666666667
34,lag2_targets,lag2_4_history,0.0008872904450098,58.0,0.7777777777777778,0.346662524215554,49.0,0.1068462498919453,0.0018588372207566,63.5,points,0.037167465118621394,66.0,59.125
35,missing_draft_round,metadata_missingness,0.0208730695687401,111.5,0.5555555555555556,-0.3940990090824694,30.0,0.0994299385318591,0.0040419854670211,44.0,points,0.04106338274406114,61.0,61.625
36,lag1_passing_tds,lag1_production,0.0012809083178982,63.333333333333336,0.8888888888888888,0.2119048418330128,112.0,0.0440023117555967,0.0201747368891931,64.5,points,0.262418399591844,8.0,61.958333333333336
37,lag1_receiving_air_yards_per_target,lag1_rates,0.0012323474182564,55.333333333333336,0.7777777777777778,0.3316101486634838,56.0,0.1205046906550268,0.0022941719745058,52.5,points,0.025641289567405474,98.0,65.45833333333334
38,lag2_receiving_20,lag2_4_history,0.0003305270221537,102.33333333333331,0.7777777777777778,0.3534515508985357,44.0,0.0930803674151139,0.001867147076837,69.5,points,0.04527411498291508,56.0,67.95833333333333
39,lag1_rushing_first_downs,lag1_production,0.0024618869003417,182.0,0.7777777777777778,0.4005945787663235,25.0,0.101082217000032,0.0106808271147361,32.0,points,0.07517068649556963,34.0,68.25
40,lag1_passing_air_yards,lag1_production,0.0009918987331341,65.33333333333333,0.7777777777777778,0.2059512230661355,119.0,0.0543630757948849,0.012938296620831,50.5,points,0.04975448654539551,48.0,70.70833333333333
41,lag1_late6_rushing_yards,lag1_trajectory,0.0003347384123121,101.66666666666669,0.7777777777777778,0.3384686426813307,53.0,0.0640572295934012,0.0033530229572702,64.5,points,0.03263879545168553,75.0,73.54166666666667
42,lag1_late6_targets,lag1_trajectory,0.0005148611613704,234.66666666666663,0.5555555555555556,0.5042188602202243,10.0,0.1691253434548327,0.0035636815844881,28.5,points,0.09366412406899567,27.0,75.04166666666666
43,was_drafted,age_experience_draft,0.0149499130642602,202.5,0.3333333333333333,0.3940990090824694,30.0,0.0970873134098631,0.0037946057196894,45.5,points,0.10566396146806019,24.0,75.5
44,lag1_pass_td_rate,lag1_rates,0.0003816943599639,101.0,0.7777777777777778,0.210705462513819,113.0,0.0518654726000078,0.0024359698088404,78.5,points,0.04923880359616158,49.0,85.375
45,lag2_receiving_16,lag2_4_history,0.0009782543782267,191.66666666666663,0.6666666666666666,0.3543615155428388,41.0,0.0873683642892952,0.0019797380436736,70.0,points,0.0596969966612319,41.0,85.91666666666666
46,lag3_offense_snaps,lag2_4_history,0.0004067369286158,119.0,0.8888888888888888,0.272600647027653,76.0,0.0936565378503528,0.0013484417474082,85.0,points,0.035450925004784924,71.0,87.75
47,lag1_passing_first_downs,lag1_production,0.0005096057256961,88.0,0.7777777777777778,0.1993676493736978,127.0,0.0332015537268621,0.0082897760613586,92.0,points,0.048490297446375084,51.0,89.5
48,lag2_fumbles_total,lag2_4_history,0.0008505084530843,61.0,0.8888888888888888,0.3132264727216917,58.0,0.0610707031866346,0.0005944418974063,130.5,points,0.022606631744128712,114.0,90.875
49,lag1_pass_yards_per_attempt,lag1_rates,0.0037353141007984,78.0,0.8888888888888888,0.1941080485375182,135.0,0.0514531107889846,0.0022464797008325,83.0,points,0.027449604373517938,88.0,96.0
50,lag1_late6_carries,lag1_trajectory,0.0012636338373264,166.66666666666666,0.7777777777777778,0.3749349682389004,39.0,0.0822242006570048,0.0019669489600684,72.0,points,0.023450209682734813,109.0,96.66666666666666
51,lag1_receiving_yards_per_reception,lag1_rates,0.0001761832898069,227.0,0.6666666666666666,0.453188549786797,19.0,0.1347557166835935,0.0017809717425714,57.5,points,0.026502404437074387,93.0,99.125
52,lag2_receiving_air_yards,lag2_4_history,0.0002841389160588,107.66666666666669,0.5555555555555556,0.2588275364407567,81.0,0.0644413666179382,0.0015573331070673,90.0,points,0.021748896569626166,118.0,99.16666666666667
53,age,age_experience_draft,0.0154484264040938,9.333333333333334,1.0,0.0588858799589428,319.0,0.0539605179579476,0.0261573433779834,50.0,points,0.11258557615916447,20.0,99.58333333333333
54,lag2_passing_tds,lag2_4_history,0.0015781381502764,42.0,0.8888888888888888,0.1557253828836086,191.0,0.0273204064952761,0.0015940768568042,159.5,points,0.1760840167137613,13.0,101.375
55,lag1_late6_passing_20,lag1_trajectory,0.0015429971230935,93.33333333333331,0.7777777777777778,0.1900068262422523,149.0,0.0383908129296584,0.0012753063910822,129.0,points,0.07435712483553492,35.0,101.58333333333333
56,lag2_rushing_12,lag2_4_history,0.0017032771127368,42.66666666666666,0.7777777777777778,0.268394103057354,77.0,0.0298725989655133,0.0007079866146827,177.0,points,0.02326136613927932,110.0,101.66666666666666
57,lag1_passing_air_yards_per_attempt,lag1_rates,0.0008182630020533,76.33333333333333,0.7777777777777778,0.2041211064205731,120.0,0.0447758537766511,0.0022368812844873,95.0,points,0.020292222802179957,124.0,103.83333333333333
58,lag1_passing_yards_after_catch,lag1_production,0.0017752086980311,57.333333333333336,0.8888888888888888,0.1909703039195409,147.0,0.0457020346490169,0.0022956221183593,92.0,points,0.021029031393858,121.0,104.33333333333334
59,lag1_receiving_20_rate,lag1_rates,-7.535382628593496e-05,260.3333333333333,0.5555555555555556,0.4461121499549044,21.0,0.1336372187555676,0.0017005188741681,61.0,points,0.029700324712575273,81.0,105.83333333333333
60,lag1_late6_receiving_20,lag1_trajectory,0.0004074904299157,198.0,0.5555555555555556,0.4213909650220878,23.0,0.1123832174549623,0.0004032036436762,132.5,points,0.035732035563798815,70.0,105.875
61,lag1_rushing_fumbles,lag1_production,0.0004470947421092,199.33333333333331,0.4444444444444444,0.2906883347168666,66.0,0.042461326344183,0.0009645641675546,132.0,points,0.09078792412936068,28.0,106.33333333333333
62,lag2_receiving_10,lag2_4_history,0.0003729828319546,225.66666666666663,0.5555555555555556,0.3525268815777072,45.0,0.1046438880696722,0.0014411741715275,78.5,points,0.03109336548241249,79.0,107.04166666666666
63,lag1_fumbles_total,lag1_production,3.037838646546831e-05,291.3333333333333,0.4444444444444444,0.3998582620639719,26.0,0.0959458462937066,0.0024142887135794,57.5,points,0.041575667845016116,60.0,108.70833333333333
64,lag1_receiving_40,lag1_production,8.264680140758329e-05,225.33333333333331,0.4444444444444444,0.3821125210095369,37.0,0.0831936841148173,0.0006444011324274,119.5,points,0.0443510351008964,58.0,109.95833333333333
65,lag3_receiving_yards_after_catch,lag2_4_history,0.0006640636408014,96.0,0.8888888888888888,0.24077376301077,93.0,0.0487590309793191,0.0012499069785952,113.0,points,0.018855326271511284,139.0,110.25
66,lag1_late6_rushing_20,lag1_trajectory,0.0004168777111644,210.66666666666663,0.4444444444444444,0.2757517053606145,73.0,0.041768868202995,0.0008689935956347,136.5,points,0.06271199483143845,38.0,114.54166666666666
67,lag2_receiving_40,lag2_4_history,0.0003160837730277,101.0,0.7777777777777778,0.299805851234839,61.0,0.0523728491475403,0.0003420972686632,167.5,points,0.019409869295994288,134.0,115.875
68,lag1_passing_yards,lag1_production,0.0008447866217647,191.0,0.6666666666666666,0.1951448243562432,133.0,0.030812340586189,0.0114250237636312,98.5,points,0.056572692827555046,43.0,116.375
69,lag1_late6_rushing_first_downs,lag1_trajectory,-8.059459576241028e-05,269.0,0.3333333333333333,0.3534966903672666,43.0,0.0562123645726022,0.0026677896204876,72.0,points,0.027140505865608382,89.0,118.25
70,draft_round,age_experience_draft,0.0022482520121528,341.3333333333333,0.5555555555555556,0.2442709248332286,85.0,0.1471120001965911,0.0183768953423423,14.5,points,0.07678483216828123,33.0,118.45833333333333
71,lag2_catch_rate,lag2_4_history,0.000178026033198,147.33333333333334,0.5555555555555556,0.2891907987776747,67.0,0.0368538903225363,0.0018499543324771,114.5,points,0.017829079516574968,145.0,118.45833333333334
72,lag2_receiving_first_down_rate,lag2_4_history,0.0001708665485922,147.33333333333334,0.7777777777777778,0.2889308751652749,68.0,0.0770934523193087,0.0014068652137115,91.0,points,0.016252214692898812,168.0,118.58333333333334
73,lag1_rush_yards_per_carry,lag1_rates,0.0008006138753958,337.6666666666667,0.5555555555555556,0.3746139891165632,40.0,0.0901883645958969,0.0034844458330423,53.0,points,0.05274406783894481,45.0,118.91666666666667
74,lag1_passing_40,lag1_production,-1.2404331844277177e-06,265.0,0.4444444444444444,0.2123801025517509,111.0,0.0351993388917382,0.0047011011409964,92.5,points,0.1058367144391493,23.0,122.875
75,lag2_fumbles_lost_total,lag2_4_history,0.0001639387356731,151.0,0.6666666666666666,0.2840075391640904,69.0,0.0506968436706425,0.0006346903571198,137.0,points,0.019322950773274165,135.0,123.0
76,lag1_rushing_20,lag1_production,0.0005370068967643,300.6666666666667,0.5555555555555556,0.3369303444642647,54.0,0.0500721730683197,0.0031450644130857,76.5,points,0.03999532320750188,65.0,124.04166666666667
77,combine_vertical,body_combine,-0.0001933539710438,252.0,0.6666666666666666,0.2315465550006263,102.0,0.0407524593706041,0.0046452474538294,81.0,points,0.04035074022688013,64.0,124.75
78,lag1_receiving_first_down_rate,lag1_rates,-0.0001199689158454,388.0,0.3333333333333333,0.44156512714015,22.0,0.1500158342775348,0.0019473511784869,48.0,points,0.05262881369712023,46.0,126.0
79,lag1_late6_passing_first_downs,lag1_trajectory,0.0001899973343552,126.66666666666669,1.0,0.1898664215779015,150.0,0.0371644753174011,0.002453994949879,101.5,points,0.01978282948423056,130.0,127.04166666666667
80,lag2_receiving_yards_after_catch_per_reception,lag2_4_history,0.0003906165710189,208.0,0.5555555555555556,0.2979691877576698,62.0,0.0578902287999456,0.0017835604986774,86.5,points,0.016960464887159677,159.0,128.875
81,lag1_passing_16,lag1_production,8.021553663652054e-07,319.6666666666667,0.3333333333333333,0.1965369863324018,131.0,0.0474144718103404,0.0122366416176937,62.0,points,0.4466927856465022,4.0,129.16666666666669
82,lag1_late6_mean_delta_receiving_yards_after_catch,lag1_trajectory,0.0015339234755518,64.66666666666667,0.8888888888888888,-0.0163417659628341,349.0,0.1439776988402599,0.0020298440260088,48.5,points,0.04098893733827765,62.0,131.04166666666669
83,lag1_late6_mean_delta_receiving_20,lag1_trajectory,0.0005851991871286,76.0,0.6666666666666666,-0.053871266819237,320.0,0.1323607413235921,0.00219505750653,50.5,points,0.03062611347366189,80.0,131.625
84,lag1_late6_mean_delta_receiving_first_downs,lag1_trajectory,0.0007606419598013,72.0,0.8888888888888888,-0.0287986358956664,333.0,0.1365768979666874,0.0017166442460429,59.0,points,0.04078518822367731,63.0,131.75
85,lag1_passing_20,lag1_production,5.60268972846408e-05,246.33333333333331,0.5555555555555556,0.1985322489360379,128.0,0.0353415543494888,0.0106232319587658,85.0,points,0.033469770922604385,74.0,133.33333333333331
86,lag2_games,lag2_4_history,-6.167956047210668e-05,341.0,0.2222222222222222,0.3899075388415893,32.0,0.1055757359192011,0.0010139623951808,89.5,points,0.03415140516574674,73.0,133.875
87,lag1_rush_first_down_rate,lag1_rates,-5.824370457094583e-05,354.0,0.4444444444444444,0.3822566333811263,36.0,0.0785037097254637,0.0020692614211118,70.5,points,0.02827407048730923,86.0,136.625
88,lag1_completion_rate,lag1_rates,0.001227411233916,82.66666666666667,0.6666666666666666,0.192629705601251,142.0,0.029820122896464,0.0006496919889487,182.5,points,0.018446491285190433,141.0,137.04166666666669
89,years_exp,age_experience_draft,0.0031309098668613,25.666666666666668,1.0,0.1267064494105611,245.0,0.0,0.0074155179721472,249.75,points,0.06627927399213773,36.0,139.10416666666669
90,lag1_weekly_slope_receiving_yards,lag1_trajectory,0.0011297926093522,54.66666666666666,0.6666666666666666,-0.0273059989417392,334.0,0.1228651126759228,0.0018901321124496,58.0,points,0.022628030892380704,113.0,139.91666666666666
91,lag2_rushing_10,lag2_4_history,0.0001634594864504,234.66666666666663,0.5555555555555556,0.2732327398123028,75.0,0.0482771113832702,0.0008402905114005,128.0,points,0.020476653137316322,123.0,140.16666666666666
92,lag2_rushing_first_downs,lag2_4_history,0.0001037783552995,247.66666666666663,0.5555555555555556,0.27672892567126,72.0,0.0457847341723725,0.0013761436984199,115.0,points,0.02019163361036136,126.0,140.16666666666666
93,lag1_passing_10,lag1_production,0.000415884890086,345.6666666666667,0.5555555555555556,0.1982949069600529,129.0,0.050244627205378,0.0093020691910804,60.0,points,0.08694834746020991,29.0,140.91666666666669
94,lag2_passing_16,lag2_4_history,0.0008605591590089,59.66666666666666,0.7777777777777778,0.1476820187520836,203.0,0.0211436843043619,0.000712389833643,210.5,points,0.026951427513863938,92.0,141.29166666666666
95,lag1_late6_mean_delta_rushing_yards,lag1_trajectory,0.0017373242674953,36.66666666666666,0.8888888888888888,-0.0038049723990891,371.0,0.0719487877655913,0.0024791682211771,66.0,points,0.0230968571049579,111.0,146.16666666666666
96,lag1_weekly_slope_rushing_yards,lag1_trajectory,0.0008189408974113,63.66666666666666,1.0,-0.0073098418651946,364.0,0.0858996899715407,0.0019448114776008,72.0,points,0.027567573837828256,87.0,146.66666666666666
97,combine_forty,body_combine,0.0002634446230529,339.6666666666667,0.5555555555555556,0.1935603395705556,139.0,0.0555023943724073,0.0049392978592411,58.0,points,0.049172041360282526,50.0,146.66666666666669
98,lag3_receptions,lag2_4_history,0.0002069845657776,242.66666666666663,0.5555555555555556,0.2410637730471631,91.0,0.0619798386109318,0.0008854708543772,112.0,points,0.01793142929498406,144.0,147.41666666666666
99,lag2_receiving_tds,lag2_4_history,-0.000248006732822,364.0,0.2222222222222222,0.3449620175943224,51.0,0.0645601115311875,0.0016994093664745,86.5,points,0.026397834668842577,94.0,148.875
100,lag2_carries,lag2_4_history,7.657220733349302e-05,230.0,0.5555555555555556,0.2815636767881423,70.0,0.0364920667997035,0.0009169414059789,144.5,points,0.017168833112162166,155.0,149.875
101,combine_bench,body_combine,-5.487535671893577e-05,214.0,0.6666666666666666,0.1762338140236849,166.0,0.0427499427296318,0.0031001213544634,88.5,points,0.01959632872745593,133.0,150.375
102,lag1_completions,lag1_production,0.0001185613421931,247.0,0.6666666666666666,0.1947345254991437,134.0,0.0415673167324643,0.0023189170348081,97.0,points,0.020086715242334456,127.0,151.25
103,missing_age,metadata_missingness,0.0023688285850234,205.5,0.3333333333333333,-0.2385379306042713,94.0,0.0480606058822092,6.889073028977566e-05,228.5,points,0.028527952734844868,84.0,153.0
104,lag1_roster_weeks,lag1_participation,-2.2027284927925493e-05,255.33333333333331,0.5555555555555556,0.153505546154153,196.0,0.0425106973157722,0.0036088354912794,84.0,points,0.03240597957404274,77.0,153.08333333333331
105,lag1_late6_passing_air_yards,lag1_trajectory,-7.043421258607413e-05,351.0,0.4444444444444444,0.1912168214142797,146.0,0.0364386460038947,0.0020885481112215,111.5,points,0.22065912710600907,10.0,154.625
106,injury_lag2_injury_report_weeks,injury_report_history,7.952344898219819e-05,241.0,0.5555555555555556,0.3001085832658398,60.0,0.0474427731160407,0.0008661647224861,128.5,points,0.014608634795044317,190.0,154.875
107,lag3_targets,lag2_4_history,0.0004319585785677,222.33333333333331,0.5555555555555556,0.2362605670245158,95.0,0.0492047385674006,0.0007064158647978,134.5,points,0.01619970916038283,169.0,155.20833333333331
108,lag1_fumbles_lost_total,lag1_production,-0.000200836721829,361.3333333333333,0.2222222222222222,0.3506753872573468,47.0,0.0764649370690238,0.0004357068746926,145.0,points,0.036447138105540365,68.0,155.33333333333331
109,lag1_weekly_slope_receptions,lag1_trajectory,0.0005330605697835,77.66666666666667,0.6666666666666666,-0.0122755334826612,358.0,0.1209969723542281,0.0014911533359583,71.0,points,0.02216492522991653,116.0,155.66666666666669
110,lag2_passing_yards,lag2_4_history,0.0005511020454752,80.33333333333333,0.6666666666666666,0.1410204503457243,220.0,0.0355925843044131,0.0010170722236872,142.5,points,0.01573736581673923,180.0,155.70833333333331
111,lag1_weekly_slope_receiving_air_yards,lag1_trajectory,0.0010972738794902,86.33333333333333,0.8888888888888888,0.0068444864827616,366.0,0.1014076344736478,0.0017348134716578,69.5,points,0.024137795009409414,103.0,156.20833333333331
112,lag1_sack_yards_lost,lag1_production,0.0009764580644349,89.0,0.7777777777777778,-0.1863743748403217,159.0,0.0408074844236905,0.000237609171352,201.0,points,0.01587444006550184,176.0,156.25
113,lag3_receiving_yards,lag2_4_history,4.107142281457093e-05,232.66666666666663,0.8888888888888888,0.2336889716142953,98.0,0.0443182465962364,0.0007148969551187,140.0,points,0.01696603159459923,157.0,156.91666666666666
114,lag1_late6_mean_delta_receptions,lag1_trajectory,0.001080186416901,91.66666666666669,0.8888888888888888,0.0043370462496466,369.0,0.1299671422708375,0.0016836280988534,64.0,points,0.023559467074937765,107.0,157.91666666666669
115,lag4_offense_snaps,lag2_4_history,-3.513957366252373e-05,235.66666666666663,0.6666666666666666,0.1934867246950288,141.0,0.0496043738712614,0.0010711684506129,116.0,points,0.017642503224309904,148.0,160.16666666666666
116,lag2_receiving_20_rate,lag2_4_history,0.0001177094981008,347.6666666666667,0.3333333333333333,0.3136672799744482,57.0,0.0665140477499903,0.0014501361599345,92.0,points,0.01727612302845479,150.0,161.66666666666669
117,lag1_late6_passing_yards_after_catch,lag1_trajectory,0.0006513091220144,162.0,0.5555555555555556,0.1821953981040512,162.0,0.0433185327851837,0.0003258322481365,184.0,points,0.01865041189037392,140.0,162.0
118,lag1_interception_rate,lag1_rates,0.0004100595959289,199.0,0.5555555555555556,0.1747029878075929,169.0,0.0432113545848293,0.0012679357378985,122.0,points,0.01674681255073153,162.0,163.0
119,weight,body_combine,0.0005186736427586,194.66666666666663,0.6666666666666666,0.07209992597441,311.0,0.0552724695705126,0.0050087903027434,58.0,points,0.027001892805603694,91.0,163.66666666666666
120,lag1_weekly_slope_carries,lag1_trajectory,0.0003872997659466,95.66666666666669,0.6666666666666666,-0.0190366945821097,344.0,0.0717493908048609,0.0017973812624584,80.5,points,0.01889795387273636,138.0,164.54166666666669
121,lag2_passing_10,lag2_4_history,0.0003786460683485,123.33333333333331,0.5555555555555556,0.1438419122742477,211.0,0.0338242076706478,0.0006454988832979,167.0,points,0.01696156124571383,158.0,164.83333333333331
122,lag3_rushing_first_downs,lag2_4_history,0.0003991283038467,119.0,0.6666666666666666,0.1966988128072825,130.0,0.0286965528705613,0.000558869939475,196.5,points,0.013476681571154272,214.0,164.875
123,lag1_late6_attempts,lag1_trajectory,2.5497961012674624e-05,263.3333333333333,0.6666666666666666,0.1954173855319379,132.0,0.0354201998926217,0.0006704596461033,161.0,points,0.024135967548217795,104.0,165.08333333333331
124,lag1_late6_passing_yards,lag1_trajectory,0.0007943908739827,336.6666666666667,0.5555555555555556,0.1859625777841935,161.0,0.0461371214680372,0.0040492839204094,75.0,points,0.02702493894182129,90.0,165.66666666666669
125,lag2_receiving_yards_per_target,lag2_4_history,-0.0001070882339601,346.0,0.5555555555555556,0.3010505105718637,59.0,0.0650373031946989,0.001601681195772,88.0,points,0.015842859499479264,177.0,167.5
126,lag1_rushing_40,lag1_production,0.0001408293845262,149.0,0.5555555555555556,0.2357434726904798,97.0,0.0306814485964821,0.000442715995575,201.0,points,0.01265457708309206,225.0,168.0
127,lag3_games,lag2_4_history,-0.000208314370124,281.3333333333333,0.4444444444444444,0.2635414477095452,80.0,0.054129535778439,0.0005722458385469,138.0,points,0.01595634098209168,174.0,168.33333333333331
128,injury_lag2_injury_reported,injury_report_history,5.130732580192909e-05,216.66666666666663,0.3333333333333333,0.2925578750862764,65.0,0.0504535248639177,0.0001854527652408,195.0,points,0.014181478270569184,201.0,169.41666666666666
129,combine_shuttle,body_combine,0.0007030094256825,202.66666666666663,0.5555555555555556,0.1423902763175163,216.0,0.031853109390914,0.0028063089126667,116.0,points,0.01768017139699129,147.0,170.41666666666666
130,lag2_passing_yards_after_catch,lag2_4_history,0.0001760657520938,136.66666666666666,0.5555555555555556,0.1400008396468421,226.0,0.0342234569250377,0.000851433143075,153.5,points,0.016402459636953432,166.0,170.54166666666666
131,lag1_weekly_slope_rushing_20,lag1_trajectory,0.0010452718562087,77.33333333333333,0.7777777777777778,0.0191301496138133,343.0,0.0481363309861029,0.0014185542622462,109.5,points,0.01717536689688485,154.0,170.95833333333331
132,lag1_rushing_fumbles_lost,lag1_production,0.0007041886712386,200.0,0.6666666666666666,0.2442036347646304,86.0,0.0285854931363815,0.000373786155478,218.0,points,0.01567658593215018,182.0,171.5
133,lag1_history_available,history_availability,0.0048994102242774,33.0,0.8888888888888888,-0.0131945719603927,357.0,0.0,0.0036008096313012,259.75,points,0.06368659273592592,37.0,171.6875
134,lag1_attempts,lag1_production,-8.695126119704108e-05,338.0,0.4444444444444444,0.2072484205539756,116.0,0.0370808217062319,0.0017168652594324,118.0,points,0.02084376440520343,122.0,173.5
135,lag2_receiving_yards_per_reception,lag2_4_history,3.5342036721866224e-05,347.3333333333333,0.5555555555555556,0.293281501299889,64.0,0.0560921174396256,0.0012446337263083,104.5,points,0.015556896720174972,184.0,174.95833333333331
136,lag2_rushing_tds,lag2_4_history,0.0001511499231259,241.33333333333331,0.4444444444444444,0.247474617757097,83.0,0.025494402795223,0.00050347387911,223.0,points,0.01719805558310074,153.0,175.08333333333331
137,height,body_combine,0.0014676607251136,181.33333333333331,0.6666666666666666,0.0465181465548649,322.0,0.0400373358416743,0.00378748634993,86.5,points,0.022413728751138656,115.0,176.20833333333331
138,lag2_rushing_yards,lag2_4_history,-0.0001082602566603,351.3333333333333,0.4444444444444444,0.2734066978103091,74.0,0.0304741900063483,0.0017351495258554,139.0,points,0.018343737961633102,142.0,176.58333333333331
139,lag1_late6_mean_delta_carries,lag1_trajectory,0.0025546466835347,173.0,0.5555555555555556,-0.0111592093142214,360.0,0.0752276462841354,0.0027336827986772,64.5,points,0.02287472672832952,112.0,177.375
140,lag2_rushing_20,lag2_4_history,-1.8764550393056576e-05,243.33333333333331,0.5555555555555556,0.2362232610366156,96.0,0.0230948775051182,0.000643353405986,210.5,points,0.016796632047987255,161.0,177.70833333333331
141,lag1_late6_mean_delta_receiving_air_yards,lag1_trajectory,0.0005989109100298,204.0,0.5555555555555556,0.0269890483991658,335.0,0.1202897666122995,0.0014782315267927,72.5,points,0.024545897535271602,101.0,178.125
142,injury_lag2_designation_count,injury_report_history,-1.813674792303408e-05,331.0,0.4444444444444444,0.29731104164,63.0,0.0387928478297485,0.0011421704918275,131.0,points,0.014549450188400728,193.0,179.5
143,lag1_receiving_fumbles,lag1_production,5.354012569520124e-05,221.66666666666663,0.4444444444444444,0.2808224403744913,71.0,0.0356474899657905,0.0002133661954402,214.0,points,0.013527628274961534,213.0,179.91666666666666
144,combine_broad_jump,body_combine,-0.0009816120749904,386.3333333333333,0.3333333333333333,0.2329688139946434,99.0,0.0256527042647585,0.0046222078358598,133.0,points,0.024461674711623044,102.0,180.08333333333331
145,injury_lag5_injury_report_weeks,injury_report_history,0.0002695624564965,123.33333333333331,0.4444444444444444,0.1043909795470176,286.0,0.0173839722385058,0.0005907395618935,233.0,points,0.03196616433337712,78.0,180.08333333333331
146,lag4_passing_air_yards_per_attempt,lag2_4_history,0.0001109652947993,170.0,0.5555555555555556,0.1041724454017627,288.0,0.0144187774031805,0.0014722062976499,204.0,points,0.04215051039087863,59.0,180.25
147,lag1_weekly_slope_receiving_20,lag1_trajectory,0.0019534212082687,213.0,0.6666666666666666,-0.0200410629204373,342.0,0.1190835949450139,0.0018204379129366,62.5,points,0.023625909210616705,106.0,180.875
148,lag2_passing_first_downs,lag2_4_history,0.0004969645551257,156.0,0.5555555555555556,0.143248881868363,214.0,0.0275268720078138,0.0004882088485539,213.0,points,0.018164189568796292,143.0,181.5
149,lag3_rush_first_down_rate,lag2_4_history,0.0001574536082014,154.33333333333334,0.7777777777777778,0.1919340707722839,145.0,0.0298768734626131,0.0007129576205948,175.5,points,0.011481491025135735,252.0,181.70833333333334
150,lag2_roster_weeks,lag2_4_history,0.0001793851022468,241.0,0.4444444444444444,0.1866084454605191,157.0,0.0296323783822085,0.0013411388951113,156.5,points,0.015880655790907965,175.0,182.375
151,lag1_late6_mean_delta_receiving_yards,lag1_trajectory,0.0003821541864043,217.66666666666663,0.6666666666666666,-0.0239938033529117,336.0,0.122422300729772,0.0014475816034628,72.5,points,0.023905173160261684,105.0,182.79166666666666
152,lag2_rush_first_down_rate,lag2_4_history,-0.0001005759760421,340.3333333333333,0.3333333333333333,0.263679437848741,79.0,0.0477065896360593,0.0007659223089986,132.5,points,0.015705895794366362,181.0,183.20833333333331
153,lag1_weekly_slope_receiving_yards_after_catch,lag1_trajectory,0.0003164555943127,247.0,0.6666666666666666,-0.01321596013514,356.0,0.1246344383806556,0.0020046120210143,54.5,points,0.028835739641425807,83.0,185.125
154,lag3_rushing_10,lag2_4_history,0.0003832525584287,145.66666666666666,0.6666666666666666,0.1935065030696621,140.0,0.0152184487555504,0.000477907717826,253.0,points,0.01409493293574346,203.0,185.41666666666666
155,lag1_weekly_slope_passing_first_downs,lag1_trajectory,0.00101835282219,64.33333333333333,0.8888888888888888,-0.0176433191665333,346.0,0.0314198005836932,0.0007077671470823,171.0,points,0.016453546972896846,164.0,186.33333333333331
156,injury_lag3_injury_report_weeks,injury_report_history,-3.3546106745749616e-05,255.66666666666663,0.5555555555555556,0.2081820517539202,115.0,0.0271685379195085,0.0007610616263888,188.5,points,0.014613519163535404,189.0,187.04166666666666
157,lag1_passing_interceptions,lag1_production,0.0005216699262745,227.0,0.4444444444444444,0.1816230523547111,163.0,0.0292454255796759,0.0005493843501885,194.5,points,0.016445969640861605,165.0,187.375
158,missing_combine_forty,metadata_missingness,-6.242100753021489e-05,362.5,0.2222222222222222,-0.2587190103543687,82.0,0.0389949593586504,0.0002290289785961,205.5,points,0.02468382896257455,100.0,187.5
159,lag1_weekly_slope_receiving_first_downs,lag1_trajectory,0.0001025371123554,248.66666666666663,0.5555555555555556,-0.0348871332352669,331.0,0.1160893746613886,0.0015312993353801,72.5,points,0.024825188968741575,99.0,187.79166666666666
160,lag1_sacks_suffered,lag1_production,-0.0004316088480225,288.3333333333333,0.3333333333333333,0.1866320420742236,156.0,0.036503344153957,0.0011279121458981,137.0,points,0.016034391583588627,171.0,188.08333333333331
161,lag3_receiving_yards_per_reception,lag2_4_history,7.389630043810572e-05,172.66666666666666,0.6666666666666666,0.2040119576735672,121.0,0.0275588534853845,0.0007858607129288,184.0,points,0.010667191154546653,281.0,189.66666666666666
162,lag1_passing_yards_after_catch_per_completion,lag1_rates,0.0008299983083041,193.0,0.6666666666666666,0.1865828027468874,158.0,0.0308084180686503,0.0005408097552634,189.0,points,0.01289797870669436,221.0,190.25
163,lag3_catch_rate,lag2_4_history,0.000194206238574,225.33333333333331,0.5555555555555556,0.2015371303764432,126.0,0.0318069965159164,0.0010430181821698,153.5,points,0.011332050561495131,258.0,190.70833333333331
164,lag3_receiving_first_downs,lag2_4_history,-0.0002015106018309,380.3333333333333,0.5555555555555556,0.2408180472088908,92.0,0.0579007979318868,0.000526458252445,142.5,points,0.017243829592177733,151.0,191.45833333333331
165,lag2_receiving_air_yards_per_target,lag2_4_history,-5.220904932450804e-05,366.6666666666667,0.3333333333333333,0.2170904176588256,110.0,0.0462451046758802,0.0015503854701794,107.5,points,0.014570906343061485,192.0,194.04166666666669
166,lag3_receiving_20,lag2_4_history,5.496052376984127e-05,350.3333333333333,0.6666666666666666,0.2454684854779416,84.0,0.0480741999219036,0.0004168248958072,164.5,points,0.015842548511219665,178.0,194.20833333333331
167,lag3_rushing_12,lag2_4_history,0.0001153261118252,233.66666666666663,0.5555555555555556,0.1862285537624683,160.0,0.0273715481538898,0.0002870555558194,235.0,points,0.017030720469634802,156.0,196.16666666666666
168,lag3_receiving_tds,lag2_4_history,-7.720037920718367e-05,295.6666666666667,0.5555555555555556,0.2417937554697894,89.0,0.0305882445977028,0.0004558514884482,200.5,points,0.014103086905862268,202.0,196.79166666666669
169,lag3_receiving_yards_after_catch_per_reception,lag2_4_history,3.9941722192583645e-05,231.66666666666663,0.5555555555555556,0.206033127668201,118.0,0.020202209331555,0.0011081248923158,197.5,points,0.011610343248953211,247.0,198.54166666666666
170,lag1_late6_mean_delta_passing_yards,lag1_trajectory,0.0003240624137457,100.0,0.7777777777777778,-0.0137065563535115,354.0,0.0220224476614494,0.0005398027548429,222.5,points,0.021180255835217404,119.0,198.875
171,lag2_passing_40,lag2_4_history,-0.0002026276809005,362.0,0.4444444444444444,0.1695229881671825,173.0,0.0264830982224375,0.0008612020024933,186.0,points,0.032581156968312396,76.0,199.25
172,lag3_interception_rate,lag2_4_history,2.4016896420299262e-05,196.0,0.5555555555555556,0.1133509020118744,268.0,0.0194999804239732,0.0005155706493911,238.5,points,0.02625574076486252,96.0,199.625
173,lag2_sacks_suffered,lag2_4_history,0.0002376830738871,170.0,0.3333333333333333,0.144171248582706,210.0,0.0376736332959515,0.0001960660055178,213.0,points,0.013766205133521878,208.0,200.25
174,lag2_history_available,history_availability,0.0013049628437014,249.16666666666663,0.4444444444444444,0.1378098008372083,232.0,0.0061807528975661,0.0006836178783264,267.5,points,0.045457883595264134,54.0,200.66666666666666
175,lag2_pass_td_rate,lag2_4_history,5.573289435721764e-06,313.3333333333333,0.5555555555555556,0.1532115968756602,197.0,0.0256908643451363,0.0006529765710464,202.0,points,0.026394724572925868,95.0,201.83333333333331
176,lag2_passing_20,lag2_4_history,-8.901686730536064e-05,350.0,0.3333333333333333,0.1517445842260692,199.0,0.0343424873722395,0.0013314199439436,137.5,points,0.019898541529409175,128.0,203.625
177,lag3_receiving_air_yards,lag2_4_history,-0.0001586796673264,349.3333333333333,0.4444444444444444,0.1882609187012148,153.0,0.0330087593607233,0.0009935706279051,149.5,points,0.016023793555267986,172.0,205.95833333333331
178,lag4_passing_20,lag2_4_history,0.0003690975878972,98.0,0.6666666666666666,0.1074107970861183,279.0,0.0196144264846371,0.00037171951787,252.0,points,0.01440594167996308,197.0,206.5
179,lag4_receiving_20,lag2_4_history,2.652396431151388e-05,203.33333333333331,0.5555555555555556,0.1774776843790925,165.0,0.0409800718252548,0.0002393196794387,200.0,points,0.011269304710423124,262.0,207.58333333333331
180,lag3_rush_20_rate,lag2_4_history,0.0001793715029532,150.0,0.7777777777777778,0.1406982330961887,221.0,0.0134964210806658,0.0002344137997929,290.5,points,0.01606431258401315,170.0,207.875
181,lag3_receiving_air_yards_per_target,lag2_4_history,3.272651410017128e-05,271.3333333333333,0.6666666666666666,0.1643588724773852,182.0,0.0328689609672876,0.0011110674554512,147.0,points,0.012135603864392486,237.0,209.33333333333331
182,lag1_late6_mean_delta_targets,lag1_trajectory,-1.5642782166283267e-05,339.6666666666667,0.5555555555555556,0.0238790202383524,337.0,0.1309385406735517,0.0015469523085623,67.0,points,0.026037577828108883,97.0,210.16666666666669
183,injury_lag3_designation_count,injury_report_history,0.0001563944028735,253.33333333333331,0.5555555555555556,0.2070681377620453,117.0,0.0189813910611933,0.0009216154179748,208.5,points,0.011142015500551732,264.0,210.70833333333331
184,lag2_passing_interceptions,lag2_4_history,-0.0001265329276407,326.3333333333333,0.1111111111111111,0.148509278745734,201.0,0.0284227651866868,0.0005649878370902,197.5,points,0.02116658474395163,120.0,211.20833333333331
185,lag2_sack_yards_lost,lag2_4_history,4.787464196848785e-05,261.0,0.4444444444444444,-0.1459117360260798,205.0,0.0458722848368773,0.0003216109083536,181.0,points,0.014326124761984669,198.0,211.25
186,lag4_receiving_yards,lag2_4_history,-1.6580880518097434e-06,243.66666666666663,0.5555555555555556,0.1601838744586999,187.0,0.0324158763517479,0.0003591461123387,203.5,points,0.013607568586184345,211.0,211.29166666666666
187,lag4_receiving_10,lag2_4_history,0.0001019801178903,226.66666666666663,0.6666666666666666,0.1669636901168162,177.0,0.0341653740432423,0.0002462772967418,213.0,points,0.01247797401735158,229.0,211.41666666666666
188,lag2_attempts,lag2_4_history,0.0004992475980039,211.66666666666663,0.7777777777777778,0.1449278536745771,208.0,0.0327693152347454,0.0002130135953098,223.0,points,0.013799790430982298,207.0,212.41666666666666
189,lag3_passing_10,lag2_4_history,0.0001367009790968,152.0,0.4444444444444444,0.1161624639352581,260.0,0.0177081881562095,0.0001512681571846,295.0,points,0.017716652537201432,146.0,213.25
190,lag2_pass_yards_per_attempt,lag2_4_history,0.0002558559206535,215.66666666666663,0.4444444444444444,0.1395966168660773,228.0,0.0329453130490091,0.0005298377947419,182.5,points,0.012502820538568984,227.0,213.29166666666666
191,lag4_interception_rate,lag2_4_history,4.371910325668478e-05,179.66666666666666,0.5555555555555556,0.1038717411217478,291.0,0.0148143822718451,0.0006727979098879,233.0,points,0.016826200061691766,160.0,215.91666666666666
192,lag4_receiving_yards_per_target,lag2_4_history,7.625181998415096e-05,248.0,0.6666666666666666,0.1483315241479443,202.0,0.0291380635487943,0.0006736817987539,184.0,points,0.012345023720953455,233.0,216.75
193,lag2_rush_yards_per_carry,lag2_4_history,-0.0002031890553191,434.3333333333333,0.3333333333333333,0.267716802850945,78.0,0.0384075446618821,0.0009284284949553,138.0,points,0.013171424168065039,218.0,217.08333333333331
194,lag3_receiving_16,lag2_4_history,-0.0001147670900585,448.3333333333333,0.5555555555555556,0.2423454760817567,88.0,0.0457681221592256,0.0004736707686793,165.0,points,0.016335662052326356,167.0,217.08333333333331
195,lag2_completions,lag2_4_history,0.0001048042573728,236.66666666666663,0.3333333333333333,0.1406910142468978,222.0,0.0337535266588147,0.0002986064833601,206.0,points,0.014073984376656705,205.0,217.41666666666666
196,lag4_receiving_16,lag2_4_history,5.627258566864857e-05,235.66666666666663,0.5555555555555556,0.1727064349119834,170.0,0.0326042570602655,0.0002438251675492,218.5,points,0.01162793604316491,246.0,217.54166666666666
197,lag3_rushing_yards,lag2_4_history,-0.000106217468383,259.3333333333333,0.5555555555555556,0.1922852228593052,144.0,0.0141678057717582,0.0005376920229797,250.5,points,0.013186350336929473,217.0,217.70833333333331
198,lag4_receiving_yards_after_catch,lag2_4_history,5.493617848121671e-05,251.0,0.5555555555555556,0.1637760516683001,183.0,0.0310209916513359,0.0005047960312579,194.5,points,0.011731011409238289,243.0,217.875
199,lag1_weekly_slope_passing_air_yards,lag1_trajectory,0.000671330574949,108.66666666666669,0.5555555555555556,-0.0091904735491508,362.0,0.0366307385179149,0.0010393339846684,139.0,points,0.01120050096068551,263.0,218.16666666666669
200,lag4_passing_16,lag2_4_history,0.0003967230771611,92.66666666666669,0.8888888888888888,0.1052001840235299,283.0,0.0210987210164823,0.000366520068581,246.5,points,0.011505520798759578,251.0,218.29166666666669
201,injury_lag4_designation_count,injury_report_history,8.785364509300564e-05,174.33333333333334,0.4444444444444444,0.1544148870566163,193.0,0.0156737357821676,0.000615781537142,235.0,points,0.010880615981349774,274.0,219.08333333333334
202,lag2_rush_20_rate,lag2_4_history,-0.0001730572713459,267.6666666666667,0.5555555555555556,0.2322561537978407,100.0,0.0217186591634321,0.0005886446445849,216.5,points,0.010023692539882247,294.0,219.54166666666669
203,lag1_late6_mean_delta_rushing_20,lag1_trajectory,0.0001363304936681,244.66666666666663,0.4444444444444444,-0.0221187927107011,340.0,0.0527270915919366,0.001229952315557,108.5,points,0.015051241976470462,187.0,220.04166666666666
204,lag2_interception_rate,lag2_4_history,-0.0002195206245488,343.6666666666667,0.5555555555555556,0.1420327818524743,218.0,0.0276598868800803,0.0005801517599154,198.0,points,0.020253061613289068,125.0,221.16666666666669
205,lag3_passing_tds,lag2_4_history,-4.2927218892220414e-05,322.0,0.2222222222222222,0.1305592611349606,241.0,0.0285305595784479,0.0001566986647726,254.5,points,0.03589454576773309,69.0,221.625
206,lag3_receiving_10,lag2_4_history,-0.0001384658934989,457.3333333333333,0.2222222222222222,0.2412402856149022,90.0,0.0503059302034349,0.000482837395077,155.5,points,0.015241954254220594,185.0,221.95833333333331
207,lag4_targets,lag2_4_history,0.0001487976719633,215.0,0.6666666666666666,0.1605160796405501,186.0,0.0267082198097572,0.0002308088748105,249.5,points,0.011792267944173321,242.0,223.125
208,lag1_late6_mean_delta_passing_first_downs,lag1_trajectory,0.0007834322392763,68.0,0.8888888888888888,-0.0142553419131398,353.0,0.0312702253229031,0.0006190329402687,178.5,points,0.009917711344700184,298.0,224.375
209,lag1_weekly_slope_passing_20,lag1_trajectory,0.0001503419355429,144.66666666666666,0.4444444444444444,-0.0223636768642256,339.0,0.0288248942950652,0.0005537261701156,195.5,points,0.013150225687148165,219.0,224.54166666666666
210,lag4_receiving_first_downs,lag2_4_history,9.450572516278566e-05,271.0,0.4444444444444444,0.1649904882149819,180.0,0.0394666506792384,0.0003585941593644,185.0,points,0.01092320891682733,271.0,226.75
211,lag1_weekly_slope_targets,lag1_trajectory,-0.0001190469963588,337.3333333333333,0.5555555555555556,0.004816240759753,368.0,0.1109613892750349,0.0014429243731149,76.5,points,0.019606158352728546,132.0,228.45833333333331
212,lag3_receiving_first_down_rate,lag2_4_history,-0.0001393327732494,371.0,0.3333333333333333,0.2026623623637364,124.0,0.0439059742687124,0.000791306771492,137.0,points,0.010586490448588266,282.0,228.5
213,is_rookie,age_experience_draft,0.0024206553544334,235.0,0.5555555555555556,0.0091579775937418,363.0,0.0,0.0034288751241203,261.75,points,0.044875259630489675,57.0,229.1875
214,lag4_receiving_first_down_rate,lag2_4_history,6.166226177540935e-05,249.66666666666663,0.5555555555555556,0.1464656010339788,204.0,0.013925995007308,0.0007738738239029,229.5,points,0.012291310731204354,235.0,229.54166666666666
215,lag3_rush_yards_per_carry,lag2_4_history,-7.239094781445281e-05,380.6666666666667,0.4444444444444444,0.189149411307929,152.0,0.0204584039443158,0.0008423022592122,206.5,points,0.015755169301590467,179.0,229.54166666666669
216,lag1_receiving_fumbles_lost,lag1_production,1.06074968312633e-05,263.3333333333333,0.5555555555555556,0.2205505528197106,106.0,0.0283736339043736,0.0001561186935735,256.5,points,0.009958996307045198,295.0,230.20833333333331
217,lag4_games,lag2_4_history,-8.225336155887053e-05,373.0,0.3333333333333333,0.1873808066268443,155.0,0.0342664951467828,0.0005327024703408,178.5,points,0.013436559747841326,215.0,230.375
218,lag1_weekly_slope_attempts,lag1_trajectory,0.000625117925499,132.66666666666666,0.6666666666666666,-0.003052124067766,373.0,0.0268510899556,0.0007418595614831,190.5,points,0.012580396051649914,226.0,230.54166666666666
219,lag1_late6_mean_delta_rushing_first_downs,lag1_trajectory,-0.0004763191254869,359.0,0.3333333333333333,-0.0133392870738089,355.0,0.0773949509775677,0.0016816882775763,82.5,points,0.019801531123229712,129.0,231.375
220,lag3_fumbles_lost_total,lag2_4_history,-4.749099134888141e-05,258.6666666666667,0.2222222222222222,0.2020926113885161,125.0,0.0173869255408325,0.0001292308851737,303.5,points,0.011650309676033026,244.0,232.79166666666669
221,lag1_weekly_slope_passing_yards,lag1_trajectory,0.0003364610234348,222.0,0.4444444444444444,-0.0362300238810415,330.0,0.0329332015870065,0.000650788498493,168.5,points,0.01356790686820913,212.0,233.125
222,lag4_catch_rate,lag2_4_history,1.2764285109261809e-05,243.33333333333331,0.4444444444444444,0.1428822360977521,215.0,0.0206978434930746,0.0008740010752292,203.5,points,0.01088120643533741,273.0,233.70833333333331
223,lag3_receiving_yards_per_target,lag2_4_history,-0.00010578967638,448.3333333333333,0.4444444444444444,0.208976981306246,114.0,0.0371784776782107,0.0010260423754122,137.0,points,0.012015890487241056,238.0,234.33333333333331
224,combine_cone,body_combine,-0.0005836125680075,486.0,0.1111111111111111,0.1367859431013061,235.0,0.0352055392630887,0.0031829087940344,102.5,points,0.02194806401643428,117.0,235.125
225,lag3_carries,lag2_4_history,-7.267735574813097e-06,314.6666666666667,0.3333333333333333,0.2029221873007999,123.0,0.0255116755666486,0.0005153472016176,221.0,points,0.010229868920341074,288.0,236.66666666666669
226,lag1_sack_fumbles,lag1_production,-0.0001025770146479,345.6666666666667,0.4444444444444444,0.193833577911083,136.0,0.0293990533967209,0.0001973082404545,241.0,points,0.012398540892340508,232.0,238.66666666666669
227,lag4_pass_td_rate,lag2_4_history,0.0002775642834395,221.0,0.5555555555555556,0.1130656675427474,269.0,0.0202341026513748,0.0001746686456648,280.0,points,0.015128644443157278,186.0,239.0
228,lag3_passing_20,lag2_4_history,3.724129542758013e-05,271.8333333333333,0.3333333333333333,0.1219796877871688,251.0,0.0295858453799624,7.58984931509088e-05,271.5,points,0.016469520669503655,163.0,239.33333333333331
229,lag3_receiving_40,lag2_4_history,-3.0221076496047185e-05,339.6666666666667,0.2222222222222222,0.2194277211548944,107.0,0.0296997610820484,0.0002622360745234,226.5,points,0.010421690172519319,285.0,239.54166666666669
230,injury_lag1_reserve_weeks,reserve_history_roster,0.0011951640495049,49.66666666666666,0.8888888888888888,-0.0094049595976945,361.0,0.0012908107314992,0.0009658215915602,281.0,points,0.0110111801410139,268.0,239.91666666666666
231,lag2_receiving_fumbles,lag2_4_history,-2.460537660234044e-05,361.0,0.4444444444444444,0.2177342265131628,109.0,0.02969869215912,0.0002480465993619,230.0,points,0.011291098400687366,260.0,240.0
232,lag3_passing_air_yards,lag2_4_history,1.0415578120734655e-05,242.0,0.5555555555555556,0.1197203248670161,256.0,0.0258671798261036,0.0001854061784771,262.5,points,0.014240650317649513,200.0,240.125
233,lag4_rush_yards_per_carry,lag2_4_history,-0.0001104321309935,347.3333333333333,0.5555555555555556,0.156557472664193,190.0,0.0135196980187632,0.001174357305684,216.0,points,0.013652821023725793,210.0,240.83333333333331
234,lag2_completion_rate,lag2_4_history,-9.247776934226711e-05,365.6666666666667,0.4444444444444444,0.1378514327413575,231.0,0.0279367198844897,0.0003944272825841,218.5,points,0.017547025873582183,149.0,241.04166666666669
235,lag4_receiving_air_yards,lag2_4_history,-0.0001012846960035,278.0,0.4444444444444444,0.1336571430881966,239.0,0.0302088826529809,0.0005395104059444,192.5,points,0.011404634579445535,255.0,241.125
236,lag4_receiving_20_rate,lag2_4_history,-2.932683062486754e-05,265.6666666666667,0.6666666666666666,0.1628626315491058,184.0,0.0298374271731249,0.0003912924547925,210.0,points,0.00971339861512984,308.0,241.91666666666669
237,lag3_receiving_20_rate,lag2_4_history,-0.0002384871534236,453.3333333333333,0.1111111111111111,0.220920594378646,105.0,0.0388675324035681,0.0007958662156358,143.5,points,0.011077435630401748,266.0,241.95833333333331
238,lag3_passing_first_downs,lag2_4_history,0.0001288480196759,204.0,0.4444444444444444,0.1137225227920981,266.0,0.0304953074972944,7.636015090097475e-05,266.0,points,0.011994550432757123,239.0,243.75
239,lag2_sack_fumbles_lost,lag2_4_history,-8.453000054537479e-06,302.3333333333333,0.2222222222222222,0.1585549412383341,188.0,0.0246142106057165,7.973588912437591e-05,292.5,points,0.014436930323728827,196.0,244.70833333333331
240,lag4_receptions,lag2_4_history,-2.236466050363638e-05,346.6666666666667,0.4444444444444444,0.1648936063917594,181.0,0.0311505247995782,0.0004497026083706,198.5,points,0.011480797453618062,253.0,244.79166666666669
241,injury_lag2_absence_report_weeks,injury_report_history,5.950763338733206e-06,249.0,0.5555555555555556,0.1377205720979513,233.0,0.0112246851015371,0.0002741613695182,290.0,points,0.013746808238078917,209.0,245.25
242,lag4_receiving_tds,lag2_4_history,-1.81932175371423e-05,273.0,0.3333333333333333,0.1666102628016464,178.0,0.0192863940707619,0.0002481709342579,269.5,points,0.011109164879335817,265.0,246.375
243,lag4_passing_first_downs,lag2_4_history,8.506072477176829e-05,232.33333333333331,0.3333333333333333,0.1007374947373309,297.0,0.0200374611311913,0.0002094860561859,274.0,points,0.015590572279359045,183.0,246.58333333333331
244,lag4_rushing_12,lag2_4_history,0.0001430054331145,314.0,0.3333333333333333,0.1371879047792122,234.0,0.0080563190599964,0.0001443437093471,330.5,points,0.023502950408568368,108.0,246.625
245,missing_combine_vertical,metadata_missingness,-5.944041211147777e-05,361.8333333333333,0.1111111111111111,-0.2232992990446038,104.0,0.0292169049889432,0.0002505276920032,231.0,points,0.010070499822023054,292.0,247.20833333333331
246,lag3_fumbles_total,lag2_4_history,-0.0001843260862019,460.6666666666667,0.3333333333333333,0.2318860602261955,101.0,0.0318617496389164,0.0004707692119409,194.5,points,0.012303584567965861,234.0,247.54166666666669
247,lag4_pass_yards_per_attempt,lag2_4_history,0.0001656497782644,216.0,0.7777777777777778,0.1030912903921873,292.0,0.0208321046934671,0.0002818215546077,258.5,points,0.012445686455955347,230.0,249.125
248,lag4_passing_tds,lag2_4_history,0.0006312414232702,204.0,0.5555555555555556,0.114501442791869,264.0,0.0249807626102067,0.0002657232976336,248.5,points,0.0106740275980226,280.0,249.125
249,lag4_rushing_20,lag2_4_history,-3.840316334260654e-05,276.3333333333333,0.2222222222222222,0.1015247702179302,296.0,0.0099697428826361,5.639803895808272e-05,340.0,points,0.028443885495328655,85.0,249.33333333333331
250,missing_height,metadata_missingness,2.672119684768129e-06,281.5,0.1111111111111111,-0.1937807286924894,137.5,0.0324754335923609,1.5830029385062305e-06,270.5,points,0.009594629416488443,315.0,251.125
251,lag3_roster_weeks,lag2_4_history,-8.600369213128556e-05,362.0,0.3333333333333333,0.1724924172193989,171.0,0.024369011828301,0.0008947577575223,192.5,points,0.010572363478080656,283.0,252.125
252,lag2_passing_air_yards,lag2_4_history,-0.0002114199153526,445.3333333333333,0.4444444444444444,0.1422126599797117,217.0,0.0382033766133633,0.0003011561869298,194.5,points,0.017208315515230905,152.0,252.20833333333331
253,injury_lag4_injury_report_weeks,injury_report_history,7.592519794309539e-05,263.3333333333333,0.6666666666666666,0.1543394713281695,194.0,0.0127044345426461,0.0005474547997572,252.5,points,0.009887708579212359,302.0,252.95833333333331
254,lag2_rushing_fumbles,lag2_4_history,-0.0004093893491081,497.0,0.4444444444444444,0.2311036261801342,103.0,0.0321387077661619,0.0003273829147054,208.5,points,0.014083951069574776,204.0,253.125
255,lag3_passing_16,lag2_4_history,-9.388003560626168e-06,279.0,0.2222222222222222,0.1205752931693701,252.0,0.0326964845098203,0.0001187749149772,250.5,points,0.012410563675533942,231.0,253.125
256,lag1_sack_fumbles_lost,lag1_production,5.174000454668783e-05,342.6666666666667,0.3333333333333333,0.1894513834377818,151.0,0.0244975970656042,0.0001338489464963,280.0,points,0.01185328346035861,241.0,253.66666666666669
257,lag4_fumbles_total,lag2_4_history,0.0002239619826401,346.3333333333333,0.4444444444444444,0.1880804207404875,154.0,0.0263833762344929,0.0001998678001959,255.5,points,0.011311578542748812,259.0,253.70833333333331
258,injury_lag5_designation_count,injury_report_history,0.0002413223566347,121.33333333333331,0.8888888888888888,0.1043269081771209,287.0,0.0058867567590175,0.0004878773863744,292.5,points,0.009591648863707109,316.0,254.20833333333331
259,missing_weight,metadata_missingness,1.425206867672952e-05,265.8333333333333,0.3333333333333333,-0.1937807286924894,137.5,0.0368183907118688,9.121250673508054e-07,258.5,points,0.008219838785498809,357.0,254.70833333333331
260,lag3_rushing_tds,lag2_4_history,1.618936913112052e-05,239.33333333333331,0.2222222222222222,0.1538352921686206,195.0,0.0215226871739986,0.0001895954870884,271.0,points,0.00940107509043067,321.0,256.5833333333333
261,lag3_pass_yards_per_attempt,lag2_4_history,8.689262546372294e-05,283.0,0.4444444444444444,0.1129649320675889,272.0,0.0191500572727045,0.0002317218984016,275.5,points,0.014304305978787903,199.0,257.375
262,lag1_weekly_slope_passing_yards_after_catch,lag1_trajectory,9.704691545406628e-05,298.3333333333333,0.6666666666666666,-0.0177043207496003,345.0,0.0313679918869964,0.0008962430955971,160.0,points,0.012487325581640523,228.0,257.8333333333333
263,lag2_sack_fumbles,lag2_4_history,-9.867981526555536e-05,356.3333333333333,0.2222222222222222,0.1556186198787746,192.0,0.0277445723980926,0.0001523638925016,259.0,points,0.012707844477770177,224.0,257.8333333333333
264,lag3_passing_interceptions,lag2_4_history,0.0002681400920453,218.66666666666663,0.5555555555555556,0.1176993225912226,257.0,0.0172845769736107,0.0001018101768721,312.0,points,0.011631508049406023,245.0,258.16666666666663
265,lag4_rush_first_down_rate,lag2_4_history,-3.9482476145281785e-05,360.0,0.3333333333333333,0.1400414545563343,225.0,0.0151706296499454,0.0004032667037991,258.5,points,0.014440806092717619,195.0,259.625
266,missing_combine_broad_jump,metadata_missingness,-2.6406287261002448e-05,353.1666666666667,0.1111111111111111,-0.2189910756003215,108.0,0.0264764860363539,0.000284107751522,239.5,points,0.008923871205450304,338.0,259.6666666666667
267,lag4_rushing_yards,lag2_4_history,0.000109853609131,324.6666666666667,0.3333333333333333,0.1573850070497032,189.0,0.0118687715010636,0.0005481868344254,254.0,points,0.01089588355745752,272.0,259.9166666666667
268,lag4_receiving_air_yards_per_target,lag2_4_history,6.557747968640973e-05,250.0,0.6666666666666666,0.1201201819272938,254.0,0.0135520135938005,0.0007501485473896,232.5,points,0.00978115489859831,305.0,260.375
269,lag3_passing_yards,lag2_4_history,1.3492902204327432e-05,287.0,0.2222222222222222,0.1140475312890955,265.0,0.0194044489285989,0.0003933851942935,250.0,points,0.011606923717571254,248.0,262.5
270,injury_lag3_absence_report_weeks,injury_report_history,9.390458779656718e-05,155.66666666666666,0.6666666666666666,0.07853682829613,303.0,0.0142393585727411,0.0001946144722072,295.0,points,0.009904541189594166,299.0,263.16666666666663
271,lag3_attempts,lag2_4_history,-5.907984905097043e-05,408.5,0.1111111111111111,0.1250452158865461,247.0,0.0282038877124213,0.0001355485803293,263.5,points,0.018987575263583557,137.0,264.0
272,lag3_history_available,history_availability,0.0001248546109177,260.0,0.4444444444444444,0.1448063824755661,209.0,0.0181678215392344,0.0005596522726974,234.5,points,0.008276914251148118,353.0,264.125
273,lag4_sacks_suffered,lag2_4_history,-2.903746422513701e-05,301.0,0.3333333333333333,0.1095168461268446,276.0,0.021199862636267,0.0001295468072022,288.5,points,0.014607097746901334,191.0,264.125
274,missing_years_exp,metadata_missingness,1.0312218715601164e-05,269.8333333333333,0.2222222222222222,-0.1926266335837378,143.0,0.0255691878307842,8.820290525597852e-07,304.0,points,0.008832345205991805,341.0,264.4583333333333
275,lag3_sack_fumbles_lost,lag2_4_history,1.1971337306213337e-05,233.16666666666663,0.2222222222222222,0.1240407087020088,248.0,0.0219963439575034,4.849171974395135e-05,303.5,points,0.010850261927005495,276.0,265.16666666666663
276,lag3_completion_rate,lag2_4_history,-5.440764459196944e-05,267.6666666666667,0.4444444444444444,0.1107546974680533,273.0,0.0264039546155574,0.0001723478408161,261.0,points,0.011287833321259766,261.0,265.6666666666667
277,missing_combine_shuttle,metadata_missingness,-0.0001429731074342,369.5,0.0,-0.1748735370838938,168.0,0.0233703478126265,0.0005215440117723,223.5,points,0.009697161390531582,309.0,267.5
278,missing_combine_bench,metadata_missingness,-0.0001420415302878,387.3333333333333,0.2222222222222222,-0.1755925458384955,167.0,0.0287921260406598,0.000523514378022,202.5,points,0.009622921821398173,314.0,267.7083333333333
279,lag4_sack_fumbles_lost,lag2_4_history,0.0006767454540728,201.0,0.3333333333333333,0.1255546435491861,246.0,0.019646278788068,6.0392598327491055e-05,311.0,points,0.009626664784581948,313.0,267.75
280,lag3_passing_yards_after_catch_per_completion,lag2_4_history,0.0002790244710741,222.66666666666663,0.6666666666666666,0.113408545290496,267.0,0.0230875126919078,0.0002569721597394,254.0,points,0.00916417030063381,329.0,268.16666666666663
281,lag4_roster_weeks,lag2_4_history,1.4678633860004118e-06,356.0,0.2222222222222222,0.139628806347393,227.0,0.0177841233479902,0.000572959203011,233.0,points,0.011333633018246827,257.0,268.25
282,lag2_rushing_40,lag2_4_history,1.3677424355528086e-05,264.6666666666667,0.2222222222222222,0.1686236413531739,174.0,0.0094647164703158,0.0002008902842005,309.0,points,0.009122632814941132,330.0,269.4166666666667
283,lag2_passing_yards_after_catch_per_completion,lag2_4_history,0.0002197003615161,342.6666666666667,0.2222222222222222,0.1360240848592781,236.0,0.0267983938454663,0.0003443067457637,231.0,points,0.010985001873052078,269.0,269.6666666666667
284,lag4_rushing_10,lag2_4_history,-5.589452066836722e-05,367.3333333333333,0.2222222222222222,0.1380139270337195,230.0,0.0095950779159017,0.0002827546787176,294.5,points,0.014691571389675423,188.0,269.9583333333333
285,lag4_completions,lag2_4_history,-7.733949031381768e-05,256.0,0.4444444444444444,0.1041189715739583,290.0,0.0275536318941855,0.0001410316154195,264.0,points,0.010939447386876583,270.0,270.0
286,lag1_kickoff_returns,lag1_production,0.0001588644530621,227.0,0.4444444444444444,0.140314779046873,224.0,0.0091561611133843,0.0002433705433792,302.5,points,0.009181612831771203,327.0,270.125
287,lag4_passing_air_yards,lag2_4_history,-4.6823098738009904e-05,346.3333333333333,0.2222222222222222,0.1077203642065768,278.0,0.0183776900447232,0.0003208591702073,264.0,points,0.014514241042119715,194.0,270.5833333333333
288,lag3_sacks_suffered,lag2_4_history,0.0002814974269177,240.66666666666663,0.3333333333333333,0.1154873742964089,262.0,0.0227177333328647,8.536027762027171e-05,294.5,points,0.01040646936864713,286.0,270.79166666666663
289,lag4_sack_yards_lost,lag2_4_history,4.390564059505072e-05,230.0,0.3333333333333333,-0.1104731356418752,274.0,0.0153961921696077,0.0001701112546299,296.0,points,0.010274463268348726,287.0,271.75
290,injury_lag3_injury_reported,injury_report_history,2.041786756582879e-05,326.3333333333333,0.3333333333333333,0.2034431998969837,122.0,0.016173011045947,0.0001172024164396,312.0,points,0.009165269859230591,328.0,272.0833333333333
291,lag1_late6_mean_delta_passing_yards_after_catch,lag1_trajectory,5.895991016155764e-05,261.3333333333333,0.4444444444444444,-0.0166144378072001,348.0,0.0199401475858378,0.0005410775998355,231.0,points,0.011572409923097516,250.0,272.5833333333333
292,lag1_late6_mean_delta_passing_20,lag1_trajectory,-0.0001870728001753,276.6666666666667,0.3333333333333333,-0.0157932135829519,350.0,0.0211530506441905,0.0005347512914962,228.0,points,0.01219339061276663,236.0,272.6666666666667
293,lag3_passing_air_yards_per_attempt,lag2_4_history,-3.030203308508464e-06,324.0,0.3333333333333333,0.1168638379279766,258.0,0.0182813109744999,0.0001705486357818,289.5,points,0.013050438881279838,220.0,272.875
294,lag1_weekly_slope_rushing_first_downs,lag1_trajectory,-0.0007818738660278,504.3333333333333,0.3333333333333333,-0.0058031958341758,367.0,0.0608249370726969,0.0016611362279527,90.5,points,0.019039217940307693,136.0,274.4583333333333
295,lag3_completions,lag2_4_history,4.36850407160695e-05,311.3333333333333,0.2222222222222222,0.1130570358203578,270.0,0.0259295537539672,0.0001457594891913,269.5,points,0.011596678963978091,249.0,274.9583333333333
296,lag2_rushing_fumbles_lost,lag2_4_history,-0.0001863449271191,364.6666666666667,0.4444444444444444,0.1905143125179066,148.0,0.0118758640408871,0.000212081650897,297.5,points,0.010169420174683206,290.0,275.0416666666667
297,lag2_receiving_fumbles_lost,lag2_4_history,-2.8247082621674692e-05,347.6666666666667,0.2222222222222222,0.1804323281802255,164.0,0.0203454613242364,0.0001473819847109,286.0,points,0.009876935357226758,303.0,275.1666666666667
298,missing_combine_cone,metadata_missingness,-0.0001253234370021,339.6666666666667,0.3333333333333333,-0.168496985415479,175.0,0.0128750161947777,0.0003933401756885,269.0,points,0.009513119148766716,317.0,275.1666666666667
299,lag4_fumbles_lost_total,lag2_4_history,-9.589058053781508e-05,340.6666666666667,0.2222222222222222,0.1714216767692907,172.0,0.0192519810506457,0.0001426867980477,293.0,points,0.00990153159038388,301.0,276.6666666666667
300,lag4_passing_yards_after_catch,lag2_4_history,2.9785042738329623e-05,247.0,0.5555555555555556,0.1072417737367968,280.0,0.0261422950560068,9.791575240646606e-05,284.0,points,0.009937803880519744,296.0,276.75
301,lag3_passing_40,lag2_4_history,-0.0001388179657795,410.0,0.3333333333333333,0.1436519808650007,212.0,0.0287143870728341,8.023900399986815e-05,273.5,points,0.013282841300983932,216.0,277.875
302,lag4_attempts,lag2_4_history,3.700341355445453e-05,250.16666666666663,0.3333333333333333,0.113043518976898,271.0,0.0214588788967819,0.0001077451730479,294.5,points,0.009921328799523621,297.0,278.16666666666663
303,lag1_late6_mean_delta_passing_air_yards,lag1_trajectory,4.020301360068639e-05,274.3333333333333,0.3333333333333333,0.0041279431812974,370.0,0.0232786776157185,0.000564989661984,215.0,points,0.011430202640011844,254.0,278.3333333333333
304,lag3_rushing_20,lag2_4_history,3.229086260874641e-06,306.3333333333333,0.2222222222222222,0.1433418952875748,213.0,0.0135742449731077,0.0001278926519765,315.0,points,0.010772050763077851,279.0,278.3333333333333
305,lag1_weekly_slope_kickoff_return_yards,lag1_trajectory,0.0012399671951985,134.66666666666666,0.6666666666666666,0.0150588154223051,352.0,0.0057221171063921,0.0002587938791154,318.5,points,0.009644715462159123,311.0,279.04166666666663
306,injury_lag4_absence_report_weeks,injury_report_history,-1.5392941065438413e-05,307.3333333333333,0.3333333333333333,0.0711814465337728,312.0,0.002950253143592,0.0001249738210495,366.0,points,0.019731701172450586,131.0,279.0833333333333
307,injury_lag3_absence_reported,injury_report_history,4.695289634297032e-05,245.5,0.3333333333333333,0.0778528930900218,306.0,0.0060034566810602,0.0001210108589655,350.5,points,0.012832549317833753,223.0,281.25
308,lag3_receiving_fumbles,lag2_4_history,1.2533471057723444e-05,279.3333333333333,0.4444444444444444,0.1665129336159865,179.0,0.0097304020262769,8.645009450954677e-05,336.0,points,0.008972875786166894,335.0,282.3333333333333
309,lag1_kickoff_return_yards,lag1_production,4.688627727055126e-06,308.6666666666667,0.3333333333333333,0.1323037279133173,240.0,0.0188635067580511,0.0003737642991227,255.0,points,0.008972834532661693,336.0,284.9166666666667
310,lag4_receiving_40,lag2_4_history,-2.694465332154906e-05,366.6666666666667,0.2222222222222222,0.1615650868467004,185.0,0.0251373543643529,0.000159287380274,270.0,points,0.009450292070431309,319.0,285.1666666666667
311,lag4_receiving_fumbles,lag2_4_history,-7.194142750658217e-09,309.6666666666667,0.3333333333333333,0.140391353663768,223.0,0.0211561876749462,4.797537450745511e-05,307.0,points,0.009774248277793357,306.0,286.4166666666667
312,lag4_receiving_yards_per_reception,lag2_4_history,-0.0001304523140435,366.3333333333333,0.1111111111111111,0.1450542919593122,207.0,0.0199067076220984,0.0003646337183621,252.0,points,0.009206616813747452,325.0,287.5833333333333
313,lag2_passing_air_yards_per_attempt,lag2_4_history,-0.0003692423718189,399.6666666666667,0.5555555555555556,0.138427234743741,229.0,0.0224414215853228,0.0003522711128629,243.0,points,0.010542624156862654,284.0,288.9166666666667
314,lag4_passing_yards_after_catch_per_completion,lag2_4_history,-4.4864807661563794e-07,254.33333333333331,0.3333333333333333,0.1048278565889653,285.0,0.0213679649994174,0.0001390252922497,284.5,points,0.009059276635330136,332.0,288.9583333333333
315,lag3_rushing_fumbles_lost,lag2_4_history,4.546302615838895e-05,253.66666666666663,0.4444444444444444,0.1276183539531096,244.0,0.014863717789288,0.0001256848653059,311.0,points,0.008368172665696125,349.0,289.41666666666663
316,position_RB,position,0.0008226677304394,274.3333333333333,0.4444444444444444,0.0427533593226761,325.0,0.000976911876414,0.0007649580482224,292.0,points,0.01101540669429753,267.0,289.5833333333333
317,lag3_rushing_fumbles,lag2_4_history,-5.94608818291024e-05,431.3333333333333,0.0,0.1670769453979522,176.0,0.0261771215712061,0.0002423172099941,249.0,points,0.009844825473325427,304.0,290.0833333333333
318,injury_lag4_injury_reported,injury_report_history,3.109969319974808e-05,279.3333333333333,0.4444444444444444,0.1503932999010702,200.0,0.0084334107792152,0.0001402250486981,331.0,points,0.008227436062320008,355.0,291.3333333333333
319,position_QB,position,8.12259153812272e-05,280.0,0.3333333333333333,0.015278967028936,351.0,0.0321023283281056,0.0002935950382223,212.5,points,0.009196675744866213,326.0,292.375
320,lag3_passing_yards_after_catch,lag2_4_history,1.309643661846e-05,346.3333333333333,0.2222222222222222,0.1152953132836231,263.0,0.0258746282414539,6.154661520076897e-05,290.5,points,0.010784877414787536,278.0,294.4583333333333
321,lag4_carries,lag2_4_history,-8.006369671973187e-05,364.3333333333333,0.5555555555555556,0.1523727243171911,198.0,0.0084830981540195,0.0004369284360207,283.0,points,0.009001985387386809,334.0,294.8333333333333
322,lag2_punt_return_yards,lag2_4_history,7.715229383068826e-05,165.66666666666666,0.5555555555555556,0.0778219804988872,307.0,0.0060506419339065,9.552477419321935e-05,355.0,points,0.008205487343317028,360.0,296.91666666666663
323,injury_lag2_reserve_weeks,reserve_history_roster,0.0001099323649983,157.33333333333334,0.5555555555555556,-0.0173758291846554,347.0,0.0051369832378269,0.0001558506418192,341.5,points,0.008800994266920156,342.0,296.95833333333337
324,lag3_pass_td_rate,lag2_4_history,6.34261158588186e-05,332.3333333333333,0.5555555555555556,0.1285901701526341,242.0,0.0167556833562563,0.0001946875785875,287.5,points,0.009100777552903052,331.0,298.2083333333333
325,lag1_late6_kickoff_return_yards,lag1_trajectory,-4.191449091532165e-05,292.6666666666667,0.3333333333333333,0.1063984023002639,282.0,0.0114370428059795,0.000233776638328,298.0,points,0.009343453681130346,324.0,299.1666666666667
326,lag1_late6_mean_delta_attempts,lag1_trajectory,0.0005088127511012,312.6666666666667,0.4444444444444444,0.003631413670077,372.0,0.0158592841329761,0.0003284976001534,266.5,points,0.011376516135942705,256.0,301.7916666666667
327,injury_lag5_injury_reported,injury_report_history,0.0001292320623326,305.6666666666667,0.4444444444444444,0.1049246811823811,284.0,0.0114394043883856,0.0001183528108589,327.5,points,0.01011253846510192,291.0,302.0416666666667
328,lag4_receiving_yards_after_catch_per_reception,lag2_4_history,-3.8325374862603466e-05,416.6666666666667,0.3333333333333333,0.1452073736017333,206.0,0.0108874515744323,0.0005122649782361,266.0,points,0.009421084175461206,320.0,302.1666666666667
329,lag4_passing_interceptions,lag2_4_history,-4.74539077805542e-06,347.0,0.2222222222222222,0.1072134265557967,281.0,0.014412911922728,0.0001326428019165,310.5,points,0.010865836890325857,275.0,303.375
330,lag4_rushing_fumbles_lost,lag2_4_history,7.287094184115094e-05,217.66666666666663,0.4444444444444444,0.0910242483156284,302.0,0.0098793221128521,1.98433131618337e-05,348.0,points,0.008278243683245994,352.0,304.91666666666663
331,lag4_rush_20_rate,lag2_4_history,-5.202298857980786e-05,368.3333333333333,0.2222222222222222,0.1003719694808903,298.0,0.0,0.0004326619414197,348.25,points,0.0138779264273781,206.0,305.1458333333333
332,lag4_passing_10,lag2_4_history,-0.0008137079605341,497.0,0.1111111111111111,0.10293336750755,293.0,0.0173612688200939,0.000387780055328,258.0,points,0.015968512242094713,173.0,305.25
333,lag4_rushing_first_downs,lag2_4_history,-0.0001127266154534,374.3333333333333,0.2222222222222222,0.1411914000235886,219.0,0.0067288080655076,0.0002019941225556,321.5,points,0.009651326548653388,310.0,306.2083333333333
334,lag4_passing_40,lag2_4_history,-0.0002286320637534,469.3333333333333,0.2222222222222222,0.1225320245846506,249.0,0.0284675688752598,1.5769543085225477e-05,288.0,points,0.012835604398752688,222.0,307.0833333333333
335,lag3_sack_yards_lost,lag2_4_history,-0.0001640771175403,380.6666666666667,0.2222222222222222,-0.1164427076261926,259.0,0.0132832295069142,0.0001874435317837,300.0,points,0.010225044554683491,289.0,307.1666666666667
336,lag1_late6_mean_delta_kickoff_return_yards,lag1_trajectory,0.0003101733333122,164.66666666666666,0.3333333333333333,-0.002361440050633,374.0,0.0,0.0003503139810411,357.25,points,0.009041658788608067,333.0,307.22916666666663
337,lag3_punt_return_yards,lag2_4_history,2.839293561346996e-05,244.66666666666663,0.3333333333333333,0.0673248377448601,315.0,0.00452459611415,7.307289822545622e-05,366.0,points,0.0097411603290529,307.0,308.16666666666663
338,lag4_passing_yards,lag2_4_history,-0.000126977412987,308.6666666666667,0.4444444444444444,0.1041694440539279,289.0,0.0127315643162324,3.845233145547942e-05,336.5,points,0.009902616104536925,300.0,308.5416666666667
339,lag1_punt_returns,lag1_production,1.2016331664403228e-05,266.6666666666667,0.4444444444444444,0.1156282620832476,261.0,0.0060014348833052,0.0001238115035216,350.5,points,0.008200170373510491,361.0,309.7916666666667
340,lag3_receiving_fumbles_lost,lag2_4_history,2.5325906833782856e-06,312.0,0.2222222222222222,0.1283160815729777,243.0,0.0117023045389865,5.635772370978544e-05,337.0,points,0.008301293762165714,351.0,310.75
341,lag4_rushing_tds,lag2_4_history,-1.812067669002294e-07,303.0,0.2222222222222222,0.1099869831657895,275.0,0.0119228272976013,0.0001386678608999,315.0,points,0.008220548054944035,356.0,312.25
342,lag4_rushing_fumbles,lag2_4_history,-5.1551809741035015e-06,313.0,0.3333333333333333,0.120231542516921,253.0,0.0014445841162968,0.0001312476454903,372.0,points,0.009634616960667378,312.0,312.5
343,injury_lag2_absence_reported,injury_report_history,1.0115860195268763e-05,270.5,0.2222222222222222,0.1355388008803023,237.0,0.0,0.0001204274801237,403.25,points,0.008641593360672653,345.0,313.9375
344,injury_lag5_absence_report_weeks,injury_report_history,7.959320550951808e-06,238.16666666666663,0.3333333333333333,0.0392563439575657,328.0,0.0,2.7155610036302265e-05,420.25,points,0.010818949924686192,277.0,315.85416666666663
345,lag2_kickoff_return_yards,lag2_4_history,-4.416981866151026e-05,316.3333333333333,0.1111111111111111,0.0684139868717036,314.0,0.0091062928140361,0.0003277771448085,290.5,points,0.008459928821555784,346.0,316.7083333333333
346,injury_lag4_absence_reported,injury_report_history,5.638904897960669e-05,241.5,0.2222222222222222,0.0706696876297319,313.0,0.0047525776921362,0.0001420871885885,346.0,points,0.007918686009939523,367.0,316.875
347,injury_lag4_reserve_weeks,reserve_history_roster,-1.1592345880501792e-06,332.1666666666667,0.1111111111111111,0.0208936846871863,341.0,0.0087408926981904,1.864726860863553e-05,355.0,points,0.011927880441649703,240.0,317.0416666666667
348,lag4_rushing_40,lag2_4_history,6.543945804207387e-05,196.5,0.5555555555555556,0.0660885824982077,316.0,0.0010031149857323,4.145051694999483e-05,393.5,points,0.008105039106809564,363.0,317.25
349,lag4_completion_rate,lag2_4_history,-3.240219697009383e-05,422.6666666666667,0.2222222222222222,0.1027230901895011,294.0,0.0208858582971331,0.0002487933536352,262.0,points,0.010029236944646037,293.0,317.9166666666667
350,lag4_history_available,history_availability,-0.0001813561317544,370.8333333333333,0.1111111111111111,0.122059830965684,250.0,0.0117622504836254,0.0002643351896261,289.0,points,0.008105317161873097,362.0,317.9583333333333
351,position_TE,position,-9.3702344852336e-05,328.3333333333333,0.2222222222222222,-0.022966631841882,338.0,0.0110260736539857,0.0003312712029495,283.0,points,0.008799333016103077,343.0,323.0833333333333
352,lag3_kickoff_return_yards,lag2_4_history,-5.84819028759398e-06,268.6666666666667,0.4444444444444444,0.0421744982108254,326.0,0.0,0.0001785838486867,384.75,points,0.009454069127326018,318.0,324.3541666666667
353,lag1_late6_punt_return_yards,lag1_trajectory,-2.8554926720689467e-05,336.3333333333333,0.2222222222222222,0.0968278477331976,301.0,0.0086978723333315,0.0001201690641539,338.5,points,0.009388801461203964,322.0,324.4583333333333
354,lag3_sack_fumbles,lag2_4_history,-0.0002408258354938,471.3333333333333,0.2222222222222222,0.1340428107991509,238.0,0.026979647957539,8.450766272470756e-05,281.5,points,0.009386990425499415,323.0,328.4583333333333
355,lag4_sack_fumbles,lag2_4_history,-0.0001038012344428,395.0,0.4444444444444444,0.1198600898451597,255.0,0.0145480567110767,6.064131995837474e-05,325.0,points,0.008918647918196026,339.0,328.5
356,position_WR,position,-0.0001503454979214,336.6666666666667,0.2222222222222222,-0.0294825583483634,332.0,0.0048148896514277,0.0004027319533575,302.0,points,0.008419570622104777,347.0,329.4166666666667
357,lag1_punt_return_yards,lag1_production,-4.2173432328879765e-05,327.0,0.2222222222222222,0.0977735612546029,299.0,0.0072279973331061,0.0001354045750235,338.0,points,0.00821807157666417,358.0,330.5
358,lag4_kickoff_return_yards,lag2_4_history,-9.681212976237536e-06,271.6666666666667,0.4444444444444444,0.0386306190130276,329.0,0.0022004088207703,0.0001722364047575,355.5,points,0.007835021361223281,370.0,331.5416666666667
359,lag2_kickoff_returns,lag2_4_history,0.0001339584006399,290.3333333333333,0.2222222222222222,0.0736455338783746,309.0,0.0,0.0001897460812228,382.25,points,0.008373808713120217,348.0,332.3958333333333
360,lag3_punt_returns,lag2_4_history,1.4140082623669156e-05,291.0,0.3333333333333333,0.0784212667889318,304.0,0.0022270936368129,0.0001254707157965,370.0,points,0.007900825511259103,368.0,333.25
361,lag3_rushing_40,lag2_4_history,-0.0001045346137387,367.1666666666667,0.0,0.1015948888988483,295.0,0.0090108367288017,5.344257962215061e-05,347.5,points,0.00870887580928738,344.0,338.4166666666667
362,lag2_punt_returns,lag2_4_history,1.2304590466515208e-05,294.6666666666667,0.3333333333333333,0.0977685012038908,300.0,0.0,0.0001002374269041,406.75,points,0.00784254884391903,369.0,342.6041666666667
363,lag4_punt_return_yards,lag2_4_history,5.604710499534309e-07,311.6666666666667,0.2222222222222222,0.0727723508648511,310.0,0.0032843415837486,2.8567406031066184e-05,381.5,points,0.0077800122812432225,372.0,343.7916666666667
364,lag3_kickoff_returns,lag2_4_history,-1.3165612532321328e-05,335.6666666666667,0.5555555555555556,0.0477248407596528,321.0,0.0021061770218255,0.0001291764086436,369.5,points,0.008308946934224931,350.0,344.0416666666667
365,lag4_punt_returns,lag2_4_history,-1.4720366699780583e-06,332.8333333333333,0.0,0.0778845343944834,305.0,0.0063540830606765,1.8222075182949245e-05,366.0,points,0.0077664075923210285,373.0,344.2083333333333
366,lag4_kickoff_returns,lag2_4_history,4.078293205034278e-06,279.5,0.3333333333333333,0.0450432700836943,323.0,0.0,4.598205767941383e-05,417.25,points,0.007960083634924479,366.0,346.4375
367,lag4_special_teams_tds,lag2_4_history,0.0,308.0,0.0,0.044703986598938,324.0,0.0043222834411409,1.7100130482524874e-10,383.0,points,0.007798161363739394,371.0,346.5
368,lag2_special_teams_tds,lag2_4_history,2.005327966767309e-06,283.1666666666667,0.1111111111111111,0.0634683533158771,318.0,0.0,9.772214188287595e-06,422.75,points,0.007995327107119057,365.0,347.2291666666667
369,injury_lag3_reserve_weeks,reserve_history_roster,-5.251825948007463e-05,379.6666666666667,0.2222222222222222,0.0121852216955815,359.0,0.0089189120648618,0.0001716353877509,319.5,points,0.008943097128929534,337.0,348.7916666666667
370,lag4_receiving_fumbles_lost,lag2_4_history,-8.576107354691448e-05,444.0,0.2222222222222222,0.1079315866430848,277.0,0.0076317798569514,4.929647064051761e-05,355.5,points,0.008873011972526554,340.0,354.125
371,lag1_special_teams_tds,lag1_production,-5.31334190434866e-05,327.0,0.2222222222222222,0.0771669142656564,308.0,0.0,4.564766197961523e-05,417.75,points,0.008038118616178383,364.0,354.1875
372,lag1_late6_mean_delta_punt_return_yards,lag1_trajectory,-9.32687587120482e-05,424.3333333333333,0.1111111111111111,-0.0071510146406416,365.0,0.0150561321117894,0.0003253780994102,271.0,points,0.008206979757991598,359.0,354.8333333333333
373,lag3_special_teams_tds,lag2_4_history,-7.12882315203858e-07,331.8333333333333,0.0,0.0638952097553176,317.0,0.0,9.722345525126412e-08,424.75,points,0.0076415378700037135,374.0,361.8958333333333
374,injury_lag5_absence_reported,injury_report_history,-6.243054630175296e-06,338.5,0.1111111111111111,0.039530696480406,327.0,0.0,3.069895171718761e-05,419.25,points,0.007601155036267742,375.0,364.9375
375,lag1_fg_made,lag1_production,0.0,308.0,0.0,0.0,444.0,0.0146694272445042,0.0,371.0,points,,,374.3333333333333
376,lag4_field_goal_make_rate,lag2_4_history,0.0,308.0,0.0,0.0,444.0,0.012039147760078,0.0,378.5,points,,,376.8333333333333
377,lag2_fg_made_0_19,lag2_4_history,0.0,308.0,0.0,0.0,444.0,0.0118518321655169,0.0,380.5,points,,,377.5
378,lag4_pat_make_rate,lag2_4_history,0.0,308.0,0.0,0.0,444.0,0.0117725995633946,0.0,381.0,points,,,377.6666666666667
379,lag1_weekly_slope_punt_return_yards,lag1_trajectory,-7.817534355228054e-05,395.0,0.2222222222222222,0.0013173465750605,375.0,0.0,0.0001658780625927,388.25,points,0.008264509597344379,354.0,378.0625
380,lag3_fg_made_distance,lag2_4_history,0.0,308.0,0.0,0.0,444.0,0.0107672225956925,0.0,385.0,points,,,379.0
381,lag3_fg_missed_0_19,lag2_4_history,0.0,308.0,0.0,0.0,444.0,0.0099626541237016,0.0,386.0,points,,,379.3333333333333
382,lag3_fg_missed_30_39,lag2_4_history,0.0,308.0,0.0,0.0,444.0,0.0099514245213252,0.0,386.5,points,,,379.5
383,lag1_pat_missed,lag1_production,0.0,308.0,0.0,0.0,444.0,0.0096995658166254,0.0,388.0,points,,,380.0
384,lag1_made_field_goal_mean_distance,lag1_rates,0.0,308.0,0.0,0.0,444.0,0.0096486220333913,0.0,388.5,points,,,380.1666666666667
385,lag3_missed_field_goal_mean_distance,lag2_4_history,0.0,308.0,0.0,0.0,444.0,0.0091034687731048,0.0,391.0,points,,,381.0
386,lag1_fg_missed_40_49,lag1_production,0.0,308.0,0.0,0.0,444.0,0.0090248551728451,0.0,391.5,points,,,381.1666666666667
387,missing_is_rookie,metadata_missingness,0.0,308.0,0.0,0.0,444.0,0.0088132275317116,0.0,393.0,points,,,381.6666666666667
388,lag4_fg_made_30_39,lag2_4_history,0.0,308.0,0.0,0.0,444.0,0.0087020109889714,0.0,394.0,points,,,382.0
389,lag3_gwfg_missed,lag2_4_history,0.0,308.0,0.0,0.0,444.0,0.0086853418000432,0.0,395.0,points,,,382.3333333333333
390,lag1_late6_mean_delta_pat_att,lag1_trajectory,0.0,308.0,0.0,0.0,444.0,0.0082367031793837,0.0,396.5,points,,,382.8333333333333
391,lag4_fg_made_distance,lag2_4_history,0.0,308.0,0.0,0.0,444.0,0.0082022854558521,0.0,397.0,points,,,383.0
392,lag3_fg_missed_20_29,lag2_4_history,0.0,308.0,0.0,0.0,444.0,0.0078620591396338,0.0,398.0,points,,,383.3333333333333
393,lag2_fg_missed_20_29,lag2_4_history,0.0,308.0,0.0,0.0,444.0,0.0076592431482627,0.0,398.5,points,,,383.5
394,lag4_fg_made_0_19,lag2_4_history,0.0,308.0,0.0,0.0,444.0,0.0076400564232272,0.0,399.0,points,,,383.6666666666667
395,lag1_weekly_slope_fg_made,lag1_trajectory,0.0,308.0,0.0,0.0,444.0,0.0072880559841852,0.0,400.0,points,,,384.0
396,lag4_gwfg_att,lag2_4_history,0.0,308.0,0.0,0.0,444.0,0.0072596060442378,0.0,400.5,points,,,384.1666666666667
397,lag4_fg_made_50_59,lag2_4_history,0.0,308.0,0.0,0.0,444.0,0.0070435602724741,0.0,401.5,points,,,384.5
398,lag1_fg_missed_50_59,lag1_production,0.0,308.0,0.0,0.0,444.0,0.006821694431109,0.0,402.0,points,,,384.6666666666667
399,lag3_fg_made_50_59,lag2_4_history,0.0,308.0,0.0,0.0,444.0,0.0065666448972541,0.0,403.0,points,,,385.0
400,lag2_fg_missed_0_19,lag2_4_history,0.0,308.0,0.0,0.0,444.0,0.0065201780127219,0.0,403.5,points,,,385.1666666666667
401,lag3_pat_blocked,lag2_4_history,0.0,308.0,0.0,0.0,444.0,0.0063401799004014,0.0,404.5,points,,,385.5
402,lag2_fg_made,lag2_4_history,0.0,308.0,0.0,0.0,444.0,0.0062753967755795,0.0,405.0,points,,,385.6666666666667
403,lag4_fg_blocked,lag2_4_history,0.0,308.0,0.0,0.0,444.0,0.006223872851069,0.0,405.5,points,,,385.8333333333333
404,lag1_fg_missed_distance,lag1_production,0.0,308.0,0.0,0.0,444.0,0.0061182442323026,0.0,406.5,points,,,386.1666666666667
405,lag3_fg_missed_50_59,lag2_4_history,0.0,308.0,0.0,0.0,444.0,0.005990835120242,0.0,408.5,points,,,386.8333333333333
406,lag2_fg_blocked,lag2_4_history,0.0,308.0,0.0,0.0,444.0,0.0057550516179842,0.0,409.5,points,,,387.1666666666667
407,lag3_fg_missed_60_,lag2_4_history,0.0,308.0,0.0,0.0,444.0,0.0056804766227176,0.0,410.5,points,,,387.5
408,lag1_fg_blocked,lag1_production,0.0,308.0,0.0,0.0,444.0,0.0045491822961536,0.0,412.5,points,,,388.1666666666667
409,missing_team_changed,metadata_missingness,0.0,308.0,0.0,0.0,444.0,0.00453663008755,0.0,413.0,points,,,388.3333333333333
410,lag1_pat_blocked,lag1_production,0.0,308.0,0.0,0.0,444.0,0.0045263815219871,0.0,413.5,points,,,388.5
411,lag4_fg_missed_50_59,lag2_4_history,0.0,308.0,0.0,0.0,444.0,0.0044791435257445,0.0,414.5,points,,,388.8333333333333
412,lag4_fg_made_20_29,lag2_4_history,0.0,308.0,0.0,0.0,444.0,0.0044392889795688,0.0,415.0,points,,,389.0
413,lag2_pat_missed,lag2_4_history,0.0,308.0,0.0,0.0,444.0,0.0044369604823168,0.0,415.5,points,,,389.1666666666667
414,lag1_pat_make_rate,lag1_rates,0.0,308.0,0.0,0.0,444.0,0.0044133963441521,0.0,416.0,points,,,389.3333333333333
415,lag1_pat_made,lag1_production,0.0,308.0,0.0,0.0,444.0,0.0044099255318368,0.0,416.5,points,,,389.5
416,lag2_fg_missed_60_,lag2_4_history,0.0,308.0,0.0,0.0,444.0,0.0043842013359145,0.0,417.0,points,,,389.6666666666667
417,lag4_fg_missed_60_,lag2_4_history,0.0,308.0,0.0,0.0,444.0,0.0041346976861116,0.0,418.0,points,,,390.0
418,lag4_missed_field_goal_mean_distance,lag2_4_history,0.0,308.0,0.0,0.0,444.0,0.0041014611586036,0.0,418.5,points,,,390.1666666666667
419,lag3_pat_made,lag2_4_history,0.0,308.0,0.0,0.0,444.0,0.0040569196208521,0.0,419.0,points,,,390.3333333333333
420,lag1_late6_mean_delta_fg_made,lag1_trajectory,0.0,308.0,0.0,0.0,444.0,0.0038897012180094,0.0,419.5,points,,,390.5
421,lag2_pat_att,lag2_4_history,0.0,308.0,0.0,0.0,444.0,0.0038165997941979,0.0,420.0,points,,,390.6666666666667
422,lag4_fg_made_60_,lag2_4_history,0.0,308.0,0.0,0.0,444.0,0.0034564324015322,0.0,420.5,points,,,390.8333333333333
423,lag3_fg_att,lag2_4_history,0.0,308.0,0.0,0.0,444.0,0.0034539008319778,0.0,421.0,points,,,391.0
424,lag4_fg_missed_40_49,lag2_4_history,0.0,308.0,0.0,0.0,444.0,0.0032589998759173,0.0,422.0,points,,,391.3333333333333
425,lag3_fg_made_60_,lag2_4_history,0.0,308.0,0.0,0.0,444.0,0.0031761289299021,0.0,422.5,points,,,391.5
426,lag2_pat_blocked,lag2_4_history,0.0,308.0,0.0,0.0,444.0,0.0030373916628527,0.0,423.0,points,,,391.6666666666667
427,lag4_pat_blocked,lag2_4_history,0.0,308.0,0.0,0.0,444.0,0.0030143341743453,0.0,423.5,points,,,391.8333333333333
428,lag3_gwfg_distance,lag2_4_history,0.0,308.0,0.0,0.0,444.0,0.0029208874542527,0.0,424.5,points,,,392.1666666666667
429,lag2_gwfg_made,lag2_4_history,0.0,308.0,0.0,0.0,444.0,0.0028952245180504,0.0,425.0,points,,,392.3333333333333
430,lag2_fg_made_60_,lag2_4_history,0.0,308.0,0.0,0.0,444.0,0.0027741510098531,0.0,425.5,points,,,392.5
431,lag3_made_field_goal_mean_distance,lag2_4_history,0.0,308.0,0.0,0.0,444.0,0.0027402836738823,0.0,426.0,points,,,392.6666666666667
432,lag2_made_field_goal_mean_distance,lag2_4_history,0.0,308.0,0.0,0.0,444.0,0.0025584007438039,0.0,426.5,points,,,392.8333333333333
433,lag3_fg_made_0_19,lag2_4_history,0.0,308.0,0.0,0.0,444.0,0.0025395457263681,0.0,427.0,points,,,393.0
434,lag1_fg_missed_60_,lag1_production,0.0,308.0,0.0,0.0,444.0,0.0024880067839458,0.0,427.5,points,,,393.1666666666667
435,lag2_pat_made,lag2_4_history,0.0,308.0,0.0,0.0,444.0,0.0024772004891224,0.0,428.0,points,,,393.3333333333333
436,lag1_pat_att,lag1_production,0.0,308.0,0.0,0.0,444.0,0.0019461235385929,0.0,430.0,points,,,394.0
437,lag4_fg_missed_0_19,lag2_4_history,0.0,308.0,0.0,0.0,444.0,0.0018998401049743,0.0,430.5,points,,,394.1666666666667
438,lag2_field_goal_make_rate,lag2_4_history,0.0,308.0,0.0,0.0,444.0,0.0018842097033937,0.0,431.0,points,,,394.3333333333333
439,lag4_fg_att,lag2_4_history,0.0,308.0,0.0,0.0,444.0,0.0018508309571392,0.0,431.5,points,,,394.5
440,lag2_fg_made_50_59,lag2_4_history,0.0,308.0,0.0,0.0,444.0,0.0017554283331313,0.0,432.0,points,,,394.6666666666667
441,position_K,position,0.0,308.0,0.0,0.0,444.0,0.0016408754115619,0.0,432.5,points,,,394.8333333333333
442,lag4_gwfg_blocked,lag2_4_history,0.0,308.0,0.0,0.0,444.0,0.0014827889917126,0.0,433.0,points,,,395.0
443,lag1_fg_made_20_29,lag1_production,0.0,308.0,0.0,0.0,444.0,0.0014241797943763,0.0,434.0,points,,,395.3333333333333
444,lag1_gwfg_missed,lag1_production,0.0,308.0,0.0,0.0,444.0,0.0009753922770836,0.0,436.0,points,,,396.0
445,lag1_late6_fg_att,lag1_trajectory,0.0,308.0,0.0,0.0,444.0,0.0009409589296125,0.0,436.5,points,,,396.1666666666667
446,lag1_gwfg_att,lag1_production,0.0,308.0,0.0,0.0,444.0,0.0008087185854983,0.0,437.0,points,,,396.3333333333333
447,missing_was_drafted,metadata_missingness,0.0,308.0,0.0,0.0,444.0,0.0004220458368831,0.0,437.5,points,,,396.5
448,lag4_gwfg_made,lag2_4_history,0.0,308.0,0.0,0.0,444.0,0.0003592474984448,0.0,438.0,points,,,396.6666666666667
449,lag3_fg_missed,lag2_4_history,0.0,308.0,0.0,0.0,444.0,0.0003094771002767,0.0,438.5,points,,,396.8333333333333
450,lag4_fg_missed_distance,lag2_4_history,0.0,308.0,0.0,0.0,444.0,0.0002956257026482,0.0,439.0,points,,,397.0
451,lag4_gwfg_missed,lag2_4_history,0.0,308.0,0.0,0.0,444.0,0.0002606760746477,0.0,439.5,points,,,397.1666666666667
452,lag3_gwfg_att,lag2_4_history,0.0,308.0,0.0,0.0,444.0,0.0001050474278967,0.0,440.0,points,,,397.3333333333333
453,lag1_weekly_slope_pat_att,lag1_trajectory,0.0,308.0,0.0,0.0,444.0,2.3588126649265465e-05,0.0,440.5,points,,,397.5
454,lag2_fg_missed,lag2_4_history,0.0,308.0,0.0,0.0,444.0,1.1452744579365516e-05,0.0,441.0,points,,,397.6666666666667
455,lag1_fg_att,lag1_production,0.0,308.0,0.0,0.0,444.0,0.0,0.0,459.75,points,,,403.9166666666667
456,lag1_fg_made_0_19,lag1_production,0.0,308.0,0.0,0.0,444.0,0.0,0.0,459.75,points,,,403.9166666666667
457,lag1_fg_made_30_39,lag1_production,0.0,308.0,0.0,0.0,444.0,0.0,0.0,459.75,points,,,403.9166666666667
458,lag1_fg_made_40_49,lag1_production,0.0,308.0,0.0,0.0,444.0,0.0,0.0,459.75,points,,,403.9166666666667
459,lag1_fg_made_50_59,lag1_production,0.0,308.0,0.0,0.0,444.0,0.0,0.0,459.75,points,,,403.9166666666667
460,lag1_fg_made_60_,lag1_production,0.0,308.0,0.0,0.0,444.0,0.0,0.0,459.75,points,,,403.9166666666667
461,lag1_fg_made_distance,lag1_production,0.0,308.0,0.0,0.0,444.0,0.0,0.0,459.75,points,,,403.9166666666667
462,lag1_fg_missed,lag1_production,0.0,308.0,0.0,0.0,444.0,0.0,0.0,459.75,points,,,403.9166666666667
463,lag1_fg_missed_0_19,lag1_production,0.0,308.0,0.0,0.0,444.0,0.0,0.0,459.75,points,,,403.9166666666667
464,lag1_fg_missed_20_29,lag1_production,0.0,308.0,0.0,0.0,444.0,0.0,0.0,459.75,points,,,403.9166666666667
465,lag1_fg_missed_30_39,lag1_production,0.0,308.0,0.0,0.0,444.0,0.0,0.0,459.75,points,,,403.9166666666667
466,lag1_field_goal_make_rate,lag1_rates,0.0,308.0,0.0,0.0,444.0,0.0,0.0,459.75,points,,,403.9166666666667
467,lag1_gwfg_blocked,lag1_production,0.0,308.0,0.0,0.0,444.0,0.0,0.0,459.75,points,,,403.9166666666667
468,lag1_gwfg_distance,lag1_production,0.0,308.0,0.0,0.0,444.0,0.0,0.0,459.75,points,,,403.9166666666667
469,lag1_gwfg_made,lag1_production,0.0,308.0,0.0,0.0,444.0,0.0,0.0,459.75,points,,,403.9166666666667
470,lag1_late6_fg_made,lag1_trajectory,0.0,308.0,0.0,0.0,444.0,0.0,0.0,459.75,points,,,403.9166666666667
471,lag1_late6_mean_delta_fg_att,lag1_trajectory,0.0,308.0,0.0,0.0,444.0,0.0,0.0,459.75,points,,,403.9166666666667
472,lag1_late6_pat_att,lag1_trajectory,0.0,308.0,0.0,0.0,444.0,0.0,0.0,459.75,points,,,403.9166666666667
473,lag1_missed_field_goal_mean_distance,lag1_rates,0.0,308.0,0.0,0.0,444.0,0.0,0.0,459.75,points,,,403.9166666666667
474,lag1_weekly_slope_fg_att,lag1_trajectory,0.0,308.0,0.0,0.0,444.0,0.0,0.0,459.75,points,,,403.9166666666667
475,lag2_fg_att,lag2_4_history,0.0,308.0,0.0,0.0,444.0,0.0,0.0,459.75,points,,,403.9166666666667
476,lag2_fg_made_20_29,lag2_4_history,0.0,308.0,0.0,0.0,444.0,0.0,0.0,459.75,points,,,403.9166666666667
477,lag2_fg_made_30_39,lag2_4_history,0.0,308.0,0.0,0.0,444.0,0.0,0.0,459.75,points,,,403.9166666666667
478,lag2_fg_made_40_49,lag2_4_history,0.0,308.0,0.0,0.0,444.0,0.0,0.0,459.75,points,,,403.9166666666667
479,lag2_fg_made_distance,lag2_4_history,0.0,308.0,0.0,0.0,444.0,0.0,0.0,459.75,points,,,403.9166666666667
480,lag2_fg_missed_30_39,lag2_4_history,0.0,308.0,0.0,0.0,444.0,0.0,0.0,459.75,points,,,403.9166666666667
481,lag2_fg_missed_40_49,lag2_4_history,0.0,308.0,0.0,0.0,444.0,0.0,0.0,459.75,points,,,403.9166666666667
482,lag2_fg_missed_50_59,lag2_4_history,0.0,308.0,0.0,0.0,444.0,0.0,0.0,459.75,points,,,403.9166666666667
483,lag2_fg_missed_distance,lag2_4_history,0.0,308.0,0.0,0.0,444.0,0.0,0.0,459.75,points,,,403.9166666666667
484,lag2_gwfg_att,lag2_4_history,0.0,308.0,0.0,0.0,444.0,0.0,0.0,459.75,points,,,403.9166666666667
485,lag2_gwfg_blocked,lag2_4_history,0.0,308.0,0.0,0.0,444.0,0.0,0.0,459.75,points,,,403.9166666666667
486,lag2_gwfg_distance,lag2_4_history,0.0,308.0,0.0,0.0,444.0,0.0,0.0,459.75,points,,,403.9166666666667
487,lag2_gwfg_missed,lag2_4_history,0.0,308.0,0.0,0.0,444.0,0.0,0.0,459.75,points,,,403.9166666666667
488,lag2_missed_field_goal_mean_distance,lag2_4_history,0.0,308.0,0.0,0.0,444.0,0.0,0.0,459.75,points,,,403.9166666666667
489,lag2_pat_make_rate,lag2_4_history,0.0,308.0,0.0,0.0,444.0,0.0,0.0,459.75,points,,,403.9166666666667
490,lag3_fg_blocked,lag2_4_history,0.0,308.0,0.0,0.0,444.0,0.0,0.0,459.75,points,,,403.9166666666667
491,lag3_fg_made,lag2_4_history,0.0,308.0,0.0,0.0,444.0,0.0,0.0,459.75,points,,,403.9166666666667
492,lag3_fg_made_20_29,lag2_4_history,0.0,308.0,0.0,0.0,444.0,0.0,0.0,459.75,points,,,403.9166666666667
493,lag3_fg_made_30_39,lag2_4_history,0.0,308.0,0.0,0.0,444.0,0.0,0.0,459.75,points,,,403.9166666666667
494,lag3_fg_made_40_49,lag2_4_history,0.0,308.0,0.0,0.0,444.0,0.0,0.0,459.75,points,,,403.9166666666667
495,lag3_fg_missed_40_49,lag2_4_history,0.0,308.0,0.0,0.0,444.0,0.0,0.0,459.75,points,,,403.9166666666667
496,lag3_fg_missed_distance,lag2_4_history,0.0,308.0,0.0,0.0,444.0,0.0,0.0,459.75,points,,,403.9166666666667
497,lag3_field_goal_make_rate,lag2_4_history,0.0,308.0,0.0,0.0,444.0,0.0,0.0,459.75,points,,,403.9166666666667
498,lag3_gwfg_blocked,lag2_4_history,0.0,308.0,0.0,0.0,444.0,0.0,0.0,459.75,points,,,403.9166666666667
499,lag3_gwfg_made,lag2_4_history,0.0,308.0,0.0,0.0,444.0,0.0,0.0,459.75,points,,,403.9166666666667
500,lag3_pat_att,lag2_4_history,0.0,308.0,0.0,0.0,444.0,0.0,0.0,459.75,points,,,403.9166666666667
501,lag3_pat_make_rate,lag2_4_history,0.0,308.0,0.0,0.0,444.0,0.0,0.0,459.75,points,,,403.9166666666667
502,lag3_pat_missed,lag2_4_history,0.0,308.0,0.0,0.0,444.0,0.0,0.0,459.75,points,,,403.9166666666667
503,lag4_fg_made,lag2_4_history,0.0,308.0,0.0,0.0,444.0,0.0,0.0,459.75,points,,,403.9166666666667
504,lag4_fg_made_40_49,lag2_4_history,0.0,308.0,0.0,0.0,444.0,0.0,0.0,459.75,points,,,403.9166666666667
505,lag4_fg_missed,lag2_4_history,0.0,308.0,0.0,0.0,444.0,0.0,0.0,459.75,points,,,403.9166666666667
506,lag4_fg_missed_20_29,lag2_4_history,0.0,308.0,0.0,0.0,444.0,0.0,0.0,459.75,points,,,403.9166666666667
507,lag4_fg_missed_30_39,lag2_4_history,0.0,308.0,0.0,0.0,444.0,0.0,0.0,459.75,points,,,403.9166666666667
508,lag4_gwfg_distance,lag2_4_history,0.0,308.0,0.0,0.0,444.0,0.0,0.0,459.75,points,,,403.9166666666667
509,lag4_made_field_goal_mean_distance,lag2_4_history,0.0,308.0,0.0,0.0,444.0,0.0,0.0,459.75,points,,,403.9166666666667
510,lag4_pat_att,lag2_4_history,0.0,308.0,0.0,0.0,444.0,0.0,0.0,459.75,points,,,403.9166666666667
511,lag4_pat_made,lag2_4_history,0.0,308.0,0.0,0.0,444.0,0.0,0.0,459.75,points,,,403.9166666666667
512,lag4_pat_missed,lag2_4_history,0.0,308.0,0.0,0.0,444.0,0.0,0.0,459.75,points,,,403.9166666666667
