family,columns,spearman_without,spearman_full,delta
age_experience_draft,6,0.710024148997965,0.719571935703247,0.009547786705282002
lag2_4_history,288,0.7118495991044763,0.719571935703247,0.0077223365987706405
lag1_participation,3,0.7165862182230757,0.719571935703247,0.0029857174801712905
reserve_history_roster,4,0.7187572341474037,0.719571935703247,0.0008147015558432891
lag1_trajectory,66,0.7204440284316854,0.719571935703247,-0.0008720927284384672
body_combine,8,0.7205554857448067,0.719571935703247,-0.0009835500415596998
lag1_production,73,0.7207722314098897,0.719571935703247,-0.0012002957066427067
injury_report_history,20,0.7209506187883864,0.719571935703247,-0.0013786830851394427
metadata_missingness,15,0.7212167692417766,0.719571935703247,-0.001644833538529622
history_availability,4,0.7215545603384972,0.719571935703247,-0.0019826246352502297
position,5,0.7217530765906592,0.719571935703247,-0.0021811408874122806
lag1_rates,20,0.7217848762563636,0.719571935703247,-0.0022129405531166046
