model_position,prediction_bin,lower_edge,upper_edge,rows,residual_p10,residual_p50,residual_p90
K,0,-inf,34.4182380903256,78,-29.979098370246586,-13.19087859933231,69.91861888232803
K,1,34.4182380903256,102.8784861503015,77,-67.71259416486015,11.775464777334264,70.64082189721418
K,2,102.8784861503015,inf,77,-92.49802477828806,13.809642037244402,40.623238160503824
QB,0,-inf,6.092644027216403,188,-4.900629748699616,-2.168545162738973,1.8560464398267644
QB,1,6.092644027216403,53.583872924158705,187,-34.64140525897554,-11.365738331328544,44.377138112246705
QB,2,53.583872924158705,inf,187,-109.65909708064785,-5.239352913833557,140.57584066359465
RB,0,-inf,7.19512685645737,356,-5.527121845548727,-1.963570247917501,0.0
RB,1,7.19512685645737,42.048351225740284,355,-28.137839525382688,-9.572195807327057,28.328456118725093
RB,2,42.048351225740284,inf,356,-69.15958168214223,-7.452002037237396,114.96789573832598
TE,0,-inf,3.8610985819618957,309,-2.9104607218092613,-1.7130614715606198,-0.12641435377105945
TE,1,3.8610985819618957,26.37125660803306,309,-14.119925142379259,-5.443657469605989,18.104763142694623
TE,2,26.37125660803306,inf,309,-43.750851651094614,-3.595345418481827,72.8772199363478
WR,0,-inf,4.334094685970816,603,-3.7891022601783058,-1.5663279512233825,-0.0789916981615865
WR,1,4.334094685970816,36.10656832584848,602,-21.240058521107155,-6.281736285428705,21.911053250114094
WR,2,36.10656832584848,inf,603,-67.79181945573124,-10.093683281068373,82.28078188280242
