bust_rate_top_k,default,injury_weight,ndcg_at_roster_cutoff,rows,spearman,stage,top_k_recall
0.212962962962963,False,0.0,0.7413242906187612,3401.0,0.719571935703247,development,0.5069444444444443
0.212962962962963,False,0.05,0.7412377656325377,3401.0,0.7190577790393916,development,0.5069444444444443
0.22222222222222224,False,0.1,0.7308090205031811,3401.0,0.7181527439025981,development,0.4872685185185186
0.21875,False,0.15,0.7271255843230624,3401.0,0.7167833277748864,development,0.4849537037037037
0.21759259259259256,True,0.2,0.7244575599451641,3401.0,0.7150729399448514,development,0.49305555555555564
0.23032407407407407,False,0.25,0.7187239273231091,3401.0,0.7122075446519119,development,0.47685185185185186
0.25347222222222227,False,0.3,0.6940912782863587,3401.0,0.7079873394818744,development,0.44675925925925924
0.2824074074074074,False,0.4,0.6587343631262194,3401.0,0.6915628046770627,development,0.41203703703703703
0.3449074074074074,False,0.5,0.6036929223404656,3401.0,0.6413484278073756,development,0.3645833333333333
0.16666666666666666,False,0.0,0.7909798221653377,3243.0,0.7538198764913582,audit,0.5416666666666666
0.16666666666666666,False,0.05,0.790386066541079,3243.0,0.7535438666216004,audit,0.5416666666666666
0.16782407407407407,False,0.1,0.7911759757651696,3243.0,0.7526744922646561,audit,0.5381944444444445
0.16782407407407407,False,0.15,0.783227319888364,3243.0,0.7516506893910181,audit,0.5335648148148149
0.16898148148148148,True,0.2,0.7668895228195259,3243.0,0.749941845666161,audit,0.5254629629629631
0.1724537037037037,False,0.25,0.7609891254752793,3243.0,0.7474266930830179,audit,0.5266203703703705
0.17592592592592593,False,0.3,0.7516583917566733,3243.0,0.7441392702628632,audit,0.5196759259259259
0.23842592592592596,False,0.4,0.7034514649352511,3243.0,0.7287034833826104,audit,0.47453703703703703
0.32407407407407407,False,0.5,0.6175228252202657,3243.0,0.6723949558377113,audit,0.39814814814814814
