spec_id,family,parameters,tier,training_window,validation_season,feature_atom_count,spearman,kendall_tau_b,mae,rmse,r2,rank_mae,ndcg_at_roster_cutoff,top_k_recall,calibration_intercept,calibration_slope
ridge_01,ridge,"{""alpha"": 1.0}",base,8,2023,32,0.7188758467619086,0.5524584564817614,30.52143286253063,49.28032151429266,0.6012773307482431,42.85623003194888,0.792832688124503,0.5729166666666666,-0.7295085719306487,0.9860115701217849
ridge_02,ridge,"{""alpha"": 10.0}",base,8,2023,32,0.7198079327131911,0.553061469222236,30.49037632512589,49.27011938211748,0.6014424027357148,42.64856230031949,0.7954917987879525,0.5729166666666666,-0.7268514873473666,0.9853409523996302
ridge_03,ridge,"{""alpha"": 100.0}",base,8,2023,32,0.7207343739539861,0.5528420540182413,30.449070551001856,49.16854998310734,0.6030839465545279,42.25772097976571,0.8000590353739383,0.5729166666666666,-1.0806012898541488,0.9934935421071242
elastic_net_01,elastic_net,"{""alpha"": 0.01, ""l1_ratio"": 0.8}",base,8,2023,32,0.7195378184349648,0.5522877552588115,30.4760489269415,49.26178134365687,0.6015772880342662,42.5111821086262,0.7975861640242634,0.5729166666666666,-0.7286275264380688,0.9853649714002657
elastic_net_02,elastic_net,"{""alpha"": 0.01, ""l1_ratio"": 0.95}",base,8,2023,32,0.7187707588068211,0.5518395247345375,30.49322868257793,49.28920763944435,0.6011335240979179,42.708200212992544,0.7943672784862308,0.5729166666666666,-0.6828842850190792,0.984597742397897
elastic_net_03,elastic_net,"{""alpha"": 0.01, ""l1_ratio"": 1.0}",base,8,2023,32,0.718514948710483,0.5521213596373192,30.496515350179294,49.29875782535918,0.6009789418589639,42.83173588924387,0.7947881207126265,0.5729166666666666,-0.6442095372933083,0.9840637059570883
elastic_net_04,elastic_net,"{""alpha"": 0.05, ""l1_ratio"": 0.8}",base,8,2023,32,0.7206781376056692,0.5522150676968633,30.449544658559326,49.17161703844747,0.6030344270356358,42.36634717784877,0.8001223153765868,0.5729166666666666,-1.1354491414558552,0.9945537979988167
elastic_net_05,elastic_net,"{""alpha"": 0.05, ""l1_ratio"": 0.95}",base,8,2023,32,0.7204069818716204,0.5529955787903923,30.466173991161664,49.27301926338926,0.6013954857101839,42.44515441959531,0.7997678203020016,0.5729166666666666,-0.8673839339565315,0.9880495784627729
elastic_net_06,elastic_net,"{""alpha"": 0.05, ""l1_ratio"": 1.0}",base,8,2023,32,0.7203952296603876,0.5529731564797978,30.51464082898677,49.406078753572245,0.5992397531114626,42.47816826411076,0.7970273027552754,0.5729166666666666,-0.666039134030064,0.9839035104026101
elastic_net_07,elastic_net,"{""alpha"": 0.2, ""l1_ratio"": 0.8}",base,8,2023,32,0.7188156886331439,0.55021610188649,30.697369544991034,49.2722357816117,0.6014081618926124,42.663471778487754,0.8051621653217468,0.5625,-1.8710487796068231,1.0117474967478997
elastic_net_08,elastic_net,"{""alpha"": 0.2, ""l1_ratio"": 0.95}",base,8,2023,32,0.718006051517045,0.5493796159296189,30.528903228061015,49.22866691662586,0.6021127581300016,42.635782747603834,0.8025470575361418,0.5625,-1.4440711642137245,1.005042632931919
elastic_net_09,elastic_net,"{""alpha"": 0.2, ""l1_ratio"": 1.0}",base,8,2023,32,0.7178635607347075,0.549253936004419,30.482864576670817,49.25728387630155,0.6016500345446162,42.62406815761448,0.7998164663282106,0.5625,-1.2071538158439392,1.000422754577496
random_forest_01,random_forest,"{""max_depth"": null, ""max_features"": 0.7, ""min_samples_leaf"": 2}",base,8,2023,32,0.7378250548075675,0.5730059947551039,28.652234774688175,48.37171757259919,0.6158446552838488,40.85197018104366,0.8119206415431426,0.5,-0.24761191228686535,0.9954267502511511
random_forest_02,random_forest,"{""max_depth"": 12, ""max_features"": 1.0, ""min_samples_leaf"": 5}",base,8,2023,32,0.7421512341629664,0.5773279089133483,28.55839105097741,48.239878733910864,0.6179358597112694,40.73162939297124,0.8147747985894628,0.5208333333333334,-0.5347446454323787,1.0078797264606
random_forest_03,random_forest,"{""max_depth"": 8, ""max_features"": 0.7, ""min_samples_leaf"": 10}",base,8,2023,32,0.7378857090824102,0.5740562470479391,29.463192878084303,48.53300868903705,0.613278521643586,41.284345047923324,0.819827774589598,0.5520833333333333,-2.0655529411120432,1.0340029627660732
extra_trees_01,extra_trees,"{""max_depth"": null, ""max_features"": 0.7, ""min_samples_leaf"": 2}",base,8,2023,32,0.7408181938332896,0.576363724952796,28.84779732846584,48.13008746857635,0.6196729938683485,40.6975505857295,0.8178406303063088,0.5520833333333334,-0.6536327169235852,1.0013743164957345
extra_trees_02,extra_trees,"{""max_depth"": 12, ""max_features"": 1.0, ""min_samples_leaf"": 5}",base,8,2023,32,0.7455512384246616,0.580440514674598,28.792971258217936,48.03884674655638,0.621113607033357,40.48668796592119,0.8212232829853767,0.5416666666666666,-1.2850616842812668,1.0246895057464334
extra_trees_03,extra_trees,"{""max_depth"": 8, ""max_features"": 0.7, ""min_samples_leaf"": 10}",base,8,2023,32,0.7424164933025994,0.5795138467369517,29.539727628922186,48.08397756946677,0.6204013714975884,40.73162939297124,0.8293101820949752,0.5694444444444444,-4.08963099919283,1.077911191096771
hist_gradient_boosting_01,hist_gradient_boosting,"{""l2_regularization"": 1.0, ""learning_rate"": 0.05, ""max_leaf_nodes"": 15}",base,8,2023,32,0.7469599311231053,0.5824600969438356,29.291345315244907,48.938926307127645,0.6067825914086276,41.22790202342918,0.7811690531763513,0.53125,1.1219492903889723,0.9661958093300006
hist_gradient_boosting_02,hist_gradient_boosting,"{""l2_regularization"": 3.0, ""learning_rate"": 0.08, ""max_leaf_nodes"": 31}",base,8,2023,32,0.7402415007472468,0.5746545301131376,28.66415672606965,48.78067697797054,0.6093215021660188,41.425985090521834,0.8198032495612151,0.5486111111111112,2.483071701499925,0.9412310765948064
hist_gradient_boosting_03,hist_gradient_boosting,"{""l2_regularization"": 5.0, ""learning_rate"": 0.03, ""max_leaf_nodes"": 15}",base,8,2023,32,0.744060918361756,0.5794580605609381,29.216341961277866,48.4876026424323,0.6140017934897868,41.46219382321619,0.7982520083646091,0.5902777777777777,0.002585319526595644,0.9898558911738916
xgboost_01,xgboost,"{""learning_rate"": 0.03, ""max_depth"": 2, ""min_child_weight"": 5, ""reg_alpha"": 0.0}",base,8,2023,32,0.7086279217475133,0.5466602823572234,30.30280426362579,49.39943956895363,0.5993474541296477,43.159744408945684,0.8074717094232516,0.53125,-1.4087664084210079,1.0249724817861674
xgboost_02,xgboost,"{""learning_rate"": 0.05, ""max_depth"": 3, ""min_child_weight"": 5, ""reg_alpha"": 0.1}",base,8,2023,32,0.7386434205651276,0.5718945244759377,28.94973330841278,48.17061974434562,0.6190321469088099,41.87539936102237,0.8016582696916337,0.5694444444444444,-0.13300146020404247,0.998848025869451
xgboost_03,xgboost,"{""learning_rate"": 0.03, ""max_depth"": 4, ""min_child_weight"": 10, ""reg_alpha"": 0.5}",base,8,2023,32,0.7395137169920677,0.5740901118785702,28.90488273665293,48.20462110184791,0.6184941427958169,41.561235356762516,0.807478644520454,0.5520833333333334,-0.21232998153939608,0.9971221138748229
xgboost_04,xgboost,"{""learning_rate"": 0.08, ""max_depth"": 2, ""min_child_weight"": 10, ""reg_alpha"": 1.0}",base,8,2023,32,0.7268435946725081,0.5608140270379071,29.370871002119316,48.6234667821082,0.6118355990202605,42.23855165069222,0.8108356168682783,0.5520833333333333,0.031336032383781104,0.9972778967177705
svr_01,svr,"{""C"": 1.0, ""epsilon"": 0.1, ""gamma"": ""scale""}",base,8,2023,32,0.7158868630859629,0.5539894755009429,31.874933720092674,58.56334139098837,0.43691292516710567,43.17891373801917,0.7460875903326776,0.5138888888888888,2.1796578945784124,1.4173338728403775
svr_02,svr,"{""C"": 10.0, ""epsilon"": 0.2, ""gamma"": ""scale""}",base,8,2023,32,0.7353369633071132,0.574978483083237,27.688955559888708,51.05977608095387,0.5719626420947953,41.12779552715655,0.7313273686013816,0.47916666666666663,6.540348341024683,1.0729769480345037
svr_03,svr,"{""C"": 30.0, ""epsilon"": 0.5, ""gamma"": 0.01}",base,8,2023,32,0.7339963420566785,0.5766377522121208,26.947514920762746,49.723932217427176,0.594066592458276,40.43556975505857,0.7733943139852575,0.53125,7.211757208431663,1.0171337858728768
mlp_01,mlp,"{""alpha"": 0.01, ""hidden_layer_sizes"": [32]}",base,8,2023,32,0.7460658327681323,0.5806543759984325,29.049506108098132,48.04392819211311,0.6210334472237453,39.749733759318424,0.7914018927789859,0.5520833333333333,-0.8785011475825868,1.007812990178832
mlp_02,mlp,"{""alpha"": 0.1, ""hidden_layer_sizes"": [64, 32]}",base,8,2023,32,0.7391126791377998,0.5698616747924266,28.28479176481692,47.49533631443104,0.6296385315331606,40.30031948881789,0.8109781139479606,0.5625,-0.323170311958395,1.030671330746519
ridge_03,ridge,"{""alpha"": 100.0}",base,8,2020,32,0.6891484293905716,0.5144491753721846,33.71665411894256,51.36561505846099,0.5795124528513167,47.569296375266525,0.7541426969709779,0.5104166666666666,-3.951633745682193,1.001703736654789
ridge_03,ridge,"{""alpha"": 100.0}",base,8,2021,32,0.6646556292142114,0.4976661081264351,34.56437980091257,51.59198194726258,0.5955638084595691,42.83926521239954,0.7773741244289634,0.5798611111111112,-1.6180432389293786,1.0059227714073533
ridge_03,ridge,"{""alpha"": 100.0}",base,8,2022,32,0.7337944147025296,0.5620323885445868,28.985022059418803,43.46235535541838,0.6760244415436854,43.227650727650726,0.8519977299819128,0.59375,-3.941046010160973,1.0144923157476904
ridge_03,ridge,"{""alpha"": 100.0}",base,8,2023,32,0.7207343739539861,0.5528420540182413,30.449070551001856,49.16854998310734,0.6030839465545279,42.25772097976571,0.8000590353739383,0.5729166666666666,-1.0806012898541488,0.9934935421071242
elastic_net_04,elastic_net,"{""alpha"": 0.05, ""l1_ratio"": 0.8}",base,8,2020,32,0.6886625706732749,0.5140365979161362,33.71888448621672,51.362274234061466,0.5795671481712212,47.52025586353945,0.754992885764672,0.5104166666666666,-3.9712431345480317,0.9998492759016421
elastic_net_04,elastic_net,"{""alpha"": 0.05, ""l1_ratio"": 0.8}",base,8,2021,32,0.6651939053478683,0.4979804284234668,34.5619511754313,51.61309992272739,0.5952326476376204,42.68312284730195,0.778875349509864,0.5798611111111112,-1.6514765909736033,1.0045131729785215
elastic_net_04,elastic_net,"{""alpha"": 0.05, ""l1_ratio"": 0.8}",base,8,2022,32,0.733087621412641,0.561194658882152,29.001575100952277,43.49177204106149,0.6755857394862441,43.317047817047815,0.8514163916282758,0.59375,-3.9303730795867233,1.0138612968166458
elastic_net_04,elastic_net,"{""alpha"": 0.05, ""l1_ratio"": 0.8}",base,8,2023,32,0.7206781376056692,0.5522150676968633,30.449544658559326,49.17161703844747,0.6030344270356358,42.36634717784877,0.8001223153765868,0.5729166666666666,-1.1354491414558552,0.9945537979988167
random_forest_02,random_forest,"{""max_depth"": 12, ""max_features"": 1.0, ""min_samples_leaf"": 5}",base,8,2020,32,0.7238964521541951,0.5473506123288522,31.847880000304183,48.61082849665193,0.6234053040169454,45.67057569296375,0.7746585459589137,0.513888888888889,-4.940021141491052,1.0296246315584683
random_forest_02,random_forest,"{""max_depth"": 12, ""max_features"": 1.0, ""min_samples_leaf"": 5}",base,8,2021,32,0.7191889653332861,0.5489129036712019,32.33395016991876,50.458682341839115,0.6131368186875052,39.14121699196326,0.8027158549671989,0.6041666666666667,-0.695126433667238,1.0029464755677757
random_forest_02,random_forest,"{""max_depth"": 12, ""max_features"": 1.0, ""min_samples_leaf"": 5}",base,8,2022,32,0.7700895334851968,0.5948598839960421,28.406206363566522,44.5413112115809,0.6597393511365958,41.3014553014553,0.795643708327583,0.5694444444444444,-2.514473494688196,1.020265644971893
random_forest_02,random_forest,"{""max_depth"": 12, ""max_features"": 1.0, ""min_samples_leaf"": 5}",base,8,2023,32,0.7421512341629664,0.5773279089133483,28.55839105097741,48.239878733910864,0.6179358597112694,40.73162939297124,0.8147747985894628,0.5208333333333334,-0.5347446454323712,1.0078797264606012
extra_trees_02,extra_trees,"{""max_depth"": 12, ""max_features"": 1.0, ""min_samples_leaf"": 5}",base,8,2020,32,0.7263260710496675,0.5502946105973828,31.822754585202013,48.5150679305852,0.6248875828189262,45.41684434968017,0.7682239002656708,0.5,-5.406092521834266,1.0387160348424977
extra_trees_02,extra_trees,"{""max_depth"": 12, ""max_features"": 1.0, ""min_samples_leaf"": 5}",base,8,2021,32,0.7273662864335708,0.5562196275286406,32.44198894872993,50.08686491802671,0.6188172088671391,38.4443168771527,0.8030018186741061,0.6111111111111112,-1.9639969647498405,1.0255770271429743
extra_trees_02,extra_trees,"{""max_depth"": 12, ""max_features"": 1.0, ""min_samples_leaf"": 5}",base,8,2022,32,0.7702961230432834,0.5947123448613234,28.32044319172215,44.48036469140509,0.6606698812035464,41.142411642411645,0.7874224087462198,0.5798611111111112,-2.9810552296702753,1.025732445462364
extra_trees_02,extra_trees,"{""max_depth"": 12, ""max_features"": 1.0, ""min_samples_leaf"": 5}",base,8,2023,32,0.7455512384246616,0.580440514674598,28.792971258217936,48.03884674655638,0.621113607033357,40.48668796592119,0.8212232829853767,0.5416666666666666,-1.2850616842812668,1.0246895057464334
hist_gradient_boosting_01,hist_gradient_boosting,"{""l2_regularization"": 1.0, ""learning_rate"": 0.05, ""max_leaf_nodes"": 15}",base,8,2020,32,0.7204466840833712,0.5458187226882728,31.184705663814665,47.48105567791555,0.6407068927319705,45.39978678038379,0.8112103528953507,0.5729166666666666,-3.7603735951273474,1.0030783200969422
hist_gradient_boosting_01,hist_gradient_boosting,"{""l2_regularization"": 1.0, ""learning_rate"": 0.05, ""max_leaf_nodes"": 15}",base,8,2021,32,0.6942269815100851,0.5286293233859749,32.690211524923,50.59458156983917,0.61105015276718,40.21354764638347,0.7978484843403921,0.6805555555555556,0.9867032453001244,0.9629825309481493
hist_gradient_boosting_01,hist_gradient_boosting,"{""l2_regularization"": 1.0, ""learning_rate"": 0.05, ""max_leaf_nodes"": 15}",base,8,2022,32,0.7539028055887282,0.5802751589886833,28.953508421356123,45.622604374365515,0.6430183625251531,42.38981288981289,0.8157055389265299,0.5729166666666666,-0.6496822131971243,0.9590728532097413
hist_gradient_boosting_01,hist_gradient_boosting,"{""l2_regularization"": 1.0, ""learning_rate"": 0.05, ""max_leaf_nodes"": 15}",base,8,2023,32,0.7469599311231053,0.5824600969438356,29.291345315244907,48.938926307127645,0.6067825914086276,41.22790202342918,0.7811690531763513,0.53125,1.1219492903889723,0.9661958093300006
xgboost_03,xgboost,"{""learning_rate"": 0.03, ""max_depth"": 4, ""min_child_weight"": 10, ""reg_alpha"": 0.5}",base,8,2020,32,0.7145944732717482,0.5421719367509703,31.412010870630557,48.03570878616857,0.6322636513216703,45.75266524520256,0.802853665704398,0.5798611111111112,-4.140544129650024,1.0088742259356136
xgboost_03,xgboost,"{""learning_rate"": 0.03, ""max_depth"": 4, ""min_child_weight"": 10, ""reg_alpha"": 0.5}",base,8,2021,32,0.6948246303041955,0.527811603272899,32.521739359508295,50.18926476632047,0.6172570009953418,40.51894374282434,0.8097759046374007,0.673611111111111,-0.5655002954076093,1.0004604222430766
xgboost_03,xgboost,"{""learning_rate"": 0.03, ""max_depth"": 4, ""min_child_weight"": 10, ""reg_alpha"": 0.5}",base,8,2022,32,0.7515815983074786,0.580269021715885,28.65688794622798,44.590090892101045,0.6589936661135917,42.25987525987526,0.8203867214940975,0.5972222222222222,-1.9921584963305976,0.9937959573450249
xgboost_03,xgboost,"{""learning_rate"": 0.03, ""max_depth"": 4, ""min_child_weight"": 10, ""reg_alpha"": 0.5}",base,8,2023,32,0.7395137169920677,0.5740901118785702,28.90488273665293,48.20462110184791,0.6184941427958169,41.561235356762516,0.807478644520454,0.5520833333333334,-0.21232998153939608,0.9971221138748229
svr_02,svr,"{""C"": 10.0, ""epsilon"": 0.2, ""gamma"": ""scale""}",base,8,2020,32,0.719826742502705,0.5462988786592703,29.44936144118597,50.556234071366006,0.5926595068173277,45.02238805970149,0.7792712795135895,0.5555555555555556,4.058781233291052,1.1071824169556628
svr_02,svr,"{""C"": 10.0, ""epsilon"": 0.2, ""gamma"": ""scale""}",base,8,2021,32,0.7073177871941434,0.5380101761749823,32.08588925303545,53.702933702833334,0.5617906795952008,40.50057405281286,0.749427856247547,0.5659722222222222,6.894444995695965,1.0812864951493308
svr_02,svr,"{""C"": 10.0, ""epsilon"": 0.2, ""gamma"": ""scale""}",base,8,2022,32,0.7454621605475518,0.5763678413344839,25.759231767851016,45.454484151346804,0.6456444840956752,42.61330561330561,0.8173450022455031,0.5833333333333334,4.296117718523072,1.1097661272189732
svr_02,svr,"{""C"": 10.0, ""epsilon"": 0.2, ""gamma"": ""scale""}",base,8,2023,32,0.7353369633071132,0.574978483083237,27.688955559888708,51.05977608095387,0.5719626420947953,41.12779552715655,0.7313273686013816,0.47916666666666663,6.540348341024683,1.0729769480345037
mlp_01,mlp,"{""alpha"": 0.01, ""hidden_layer_sizes"": [32]}",base,8,2020,32,0.7278255176249253,0.5550669368151103,30.94294075733436,48.47033406323428,0.625579017197037,44.33155650319829,0.804727793363119,0.6145833333333333,-4.2753002709041725,1.0307408872296677
mlp_01,mlp,"{""alpha"": 0.01, ""hidden_layer_sizes"": [32]}",base,8,2021,32,0.7017523832127606,0.5349991468729498,32.73982687300711,50.100962256276915,0.618602604939336,40.84615384615385,0.8107752398254485,0.6527777777777778,-0.3751684511395269,0.9617770212691859
mlp_01,mlp,"{""alpha"": 0.01, ""hidden_layer_sizes"": [32]}",base,8,2022,32,0.7714132507124046,0.596326158781698,27.265992499296235,42.80376925426991,0.6857684708153237,41.016632016632016,0.8106194448820234,0.6041666666666666,-1.5719149462069995,0.9832984201426835
mlp_01,mlp,"{""alpha"": 0.01, ""hidden_layer_sizes"": [32]}",base,8,2023,32,0.7460658327681323,0.5806543759984325,29.049506108098132,48.04392819211311,0.6210334472237453,39.749733759318424,0.7914018927789859,0.5520833333333333,-0.8785011475825868,1.007812990178832
ridge_03,ridge,"{""alpha"": 100.0}",utilization,8,2020,33,0.6885903237630544,0.5137939353598912,33.361508863811046,51.27014696918204,0.5810740359313782,47.61940298507463,0.7531797949349226,0.5104166666666666,-3.555830806451057,1.0135850678269351
ridge_03,ridge,"{""alpha"": 100.0}",utilization,8,2021,33,0.6627238873737991,0.49624436434224495,34.49373239764664,51.56222430804017,0.596030221843237,42.8955223880597,0.7742317555341937,0.5798611111111112,-1.5703675780149418,1.0156979302138809
ridge_03,ridge,"{""alpha"": 100.0}",utilization,8,2022,33,0.7332123980149057,0.5614596482611374,29.012232586866606,43.49624277599318,0.6755190397568875,43.25155925155925,0.8520427900588945,0.59375,-4.0135569217382985,1.0193823612750323
ridge_03,ridge,"{""alpha"": 100.0}",utilization,8,2023,33,0.7210389125555641,0.5531411536102047,30.458779234637337,49.16057053659673,0.6032127652169657,42.301384451544195,0.800787729754324,0.5729166666666666,-1.0770495180001265,0.9940445582573683
elastic_net_04,elastic_net,"{""alpha"": 0.05, ""l1_ratio"": 0.8}",utilization,8,2020,33,0.6894692751528915,0.5147526954420157,33.303928773225245,51.20620374548137,0.5821183384654114,47.54051172707889,0.7552654658521469,0.5104166666666666,-3.556549789274867,1.0114192378107179
elastic_net_04,elastic_net,"{""alpha"": 0.05, ""l1_ratio"": 0.8}",utilization,8,2021,33,0.6632223996012121,0.4966443205035119,34.47833212325822,51.5691465249328,0.5959217488607085,42.77382319173364,0.7787437076148613,0.5798611111111112,-1.5568054759266514,1.0143044150947598
elastic_net_04,elastic_net,"{""alpha"": 0.05, ""l1_ratio"": 0.8}",utilization,8,2022,33,0.7333906172731947,0.5616343419162202,29.026427146372328,43.51479133126124,0.6752422371671136,43.29313929313929,0.8509746323708073,0.59375,-4.028444606927318,1.0194719049889596
elastic_net_04,elastic_net,"{""alpha"": 0.05, ""l1_ratio"": 0.8}",utilization,8,2023,33,0.721320917638373,0.5532770993830777,30.44255538038552,49.14291721828198,0.6034976827279597,42.31096911608094,0.8007891117056969,0.5729166666666666,-1.1318351927218862,0.995481528060248
random_forest_02,random_forest,"{""max_depth"": 12, ""max_features"": 1.0, ""min_samples_leaf"": 5}",utilization,8,2020,33,0.723233343672255,0.5467337653237525,31.957797120191074,49.51257913502878,0.6093037416192393,45.52558635394456,0.7466081396648799,0.5486111111111112,-3.982668509427053,1.0292807790388427
random_forest_02,random_forest,"{""max_depth"": 12, ""max_features"": 1.0, ""min_samples_leaf"": 5}",utilization,8,2021,33,0.722878580374562,0.5518754274180419,32.485138541918126,50.37226243117805,0.6144608347007416,39.11251435132032,0.7889657768259377,0.6284722222222222,-1.1423488755087852,1.0213097016409496
random_forest_02,random_forest,"{""max_depth"": 12, ""max_features"": 1.0, ""min_samples_leaf"": 5}",utilization,8,2022,33,0.7709919257386377,0.5954573308567619,28.590578637000064,44.87472763295448,0.6546262057346541,41.312889812889814,0.7903067924001276,0.5381944444444444,-2.6975154026621992,1.0233966264090177
random_forest_02,random_forest,"{""max_depth"": 12, ""max_features"": 1.0, ""min_samples_leaf"": 5}",utilization,8,2023,33,0.7454675311408253,0.5801093966324069,28.84188170885686,48.324241200184055,0.6165983747202173,40.66240681576145,0.8228530628655834,0.5590277777777777,-0.946999891897746,1.0208166260185794
extra_trees_02,extra_trees,"{""max_depth"": 12, ""max_features"": 1.0, ""min_samples_leaf"": 5}",utilization,8,2020,33,0.7278832658191153,0.5524877609897594,31.599049174964,48.668668777797976,0.6225085778025536,45.48294243070362,0.7383437584762332,0.5034722222222222,-5.045591439557455,1.049346888138178
extra_trees_02,extra_trees,"{""max_depth"": 12, ""max_features"": 1.0, ""min_samples_leaf"": 5}",utilization,8,2021,33,0.7253396851556715,0.5531970835405573,32.435698180605634,49.885206938002135,0.6218804394794459,38.61997703788749,0.7938087382231676,0.6145833333333334,-2.4033837817552866,1.0402469354543542
extra_trees_02,extra_trees,"{""max_depth"": 12, ""max_features"": 1.0, ""min_samples_leaf"": 5}",utilization,8,2022,33,0.771416445585479,0.59598240317555,28.169987390947895,44.31081363404046,0.6632518801005604,41.1995841995842,0.8043169120298537,0.5798611111111112,-3.108796208237995,1.0357759205195591
extra_trees_02,extra_trees,"{""max_depth"": 12, ""max_features"": 1.0, ""min_samples_leaf"": 5}",utilization,8,2023,33,0.7442701061011237,0.5789376996918285,28.846883684695698,47.93660599494415,0.6227246534966324,40.50266240681576,0.8126917236555796,0.5486111111111112,-1.4502313315339497,1.0274931389584154
hist_gradient_boosting_01,hist_gradient_boosting,"{""l2_regularization"": 1.0, ""learning_rate"": 0.05, ""max_leaf_nodes"": 15}",utilization,8,2020,33,0.7209349819155781,0.5470168032058714,30.961028933312313,47.47087213395933,0.6408609956569473,45.430703624733475,0.8021062383317044,0.5902777777777779,-2.9584749290295247,1.0055173292820812
hist_gradient_boosting_01,hist_gradient_boosting,"{""l2_regularization"": 1.0, ""learning_rate"": 0.05, ""max_leaf_nodes"": 15}",utilization,8,2021,33,0.699593861323061,0.5331372226188716,32.38973440660841,50.127113229114975,0.6182043484792372,40.056257175660164,0.7862142740546207,0.6215277777777778,-0.05558952843033624,0.9993741960203437
hist_gradient_boosting_01,hist_gradient_boosting,"{""l2_regularization"": 1.0, ""learning_rate"": 0.05, ""max_leaf_nodes"": 15}",utilization,8,2022,33,0.7563662461420793,0.582995860087383,28.892576792178044,45.32415693202762,0.6476735891698845,42.04677754677755,0.7949670800132069,0.5520833333333334,-1.1682067040077413,0.9758033148690216
hist_gradient_boosting_01,hist_gradient_boosting,"{""l2_regularization"": 1.0, ""learning_rate"": 0.05, ""max_leaf_nodes"": 15}",utilization,8,2023,33,0.7383334622676518,0.5740005660107865,28.62613529531205,48.26776534411803,0.6174940031554759,41.329073482428115,0.8231792878764335,0.6006944444444444,0.5670902715634606,0.9815363516237411
xgboost_03,xgboost,"{""learning_rate"": 0.03, ""max_depth"": 4, ""min_child_weight"": 10, ""reg_alpha"": 0.5}",utilization,8,2020,33,0.7123525909897198,0.5400581446076113,31.47106204751712,48.40051299870673,0.6266569401415463,46.008528784648185,0.7856488713881853,0.5729166666666666,-3.6570980296432474,1.0145227449658774
xgboost_03,xgboost,"{""learning_rate"": 0.03, ""max_depth"": 4, ""min_child_weight"": 10, ""reg_alpha"": 0.5}",utilization,8,2021,33,0.6997214215399026,0.5322535885185063,32.44092108027943,49.751627012908855,0.6239027446989704,40.32606199770379,0.8123323974351014,0.6423611111111112,-1.2497101459724267,1.0183017355746928
xgboost_03,xgboost,"{""learning_rate"": 0.03, ""max_depth"": 4, ""min_child_weight"": 10, ""reg_alpha"": 0.5}",utilization,8,2022,33,0.7531196333378404,0.5794458075528355,28.601869084468255,44.53114498526351,0.6598946573862094,42.028066528066525,0.8021956913251622,0.5381944444444444,-2.222539607597184,1.0015250906148807
xgboost_03,xgboost,"{""learning_rate"": 0.03, ""max_depth"": 4, ""min_child_weight"": 10, ""reg_alpha"": 0.5}",utilization,8,2023,33,0.7382477823727118,0.5720982672006794,29.101861117934774,48.24251014414526,0.6178941765671175,41.76464323748669,0.8290640590386823,0.59375,-0.5612846709661907,1.0060139330557822
svr_02,svr,"{""C"": 10.0, ""epsilon"": 0.2, ""gamma"": ""scale""}",utilization,8,2020,33,0.7183593658645334,0.5443354918450898,29.658328701369143,51.07229487258001,0.5843010776847739,45.25692963752665,0.7702398088160511,0.4965277777777778,4.539010905928656,1.1207369131894922
svr_02,svr,"{""C"": 10.0, ""epsilon"": 0.2, ""gamma"": ""scale""}",utilization,8,2021,33,0.7081641566632576,0.5391022330313501,32.0659142208213,53.652608659663784,0.5626115870784318,40.489092996555684,0.754144666680993,0.5659722222222222,7.199372792354992,1.078469396747054
svr_02,svr,"{""C"": 10.0, ""epsilon"": 0.2, ""gamma"": ""scale""}",utilization,8,2022,33,0.746017628046731,0.5771321761213166,25.72774442257221,45.46170009715965,0.6455319665646556,42.67359667359668,0.8208070892743928,0.5902777777777779,4.441870647647068,1.1089578044579276
svr_02,svr,"{""C"": 10.0, ""epsilon"": 0.2, ""gamma"": ""scale""}",utilization,8,2023,33,0.735108905189548,0.5743281717645562,27.67411707594887,51.05944831437255,0.5719681374534491,41.14909478168264,0.7312901785033973,0.45833333333333337,6.661973791755204,1.0693166833299184
mlp_01,mlp,"{""alpha"": 0.01, ""hidden_layer_sizes"": [32]}",utilization,8,2020,33,0.7231799543667616,0.5498626451073729,31.06858865817727,48.442185278124995,0.6260137753072157,44.362473347547976,0.7900768976676469,0.5833333333333333,-3.8617942298924417,1.0226439326463814
mlp_01,mlp,"{""alpha"": 0.01, ""hidden_layer_sizes"": [32]}",utilization,8,2021,33,0.6877122597632845,0.5231771915621364,32.79802404594476,50.3449417857765,0.6148789347363555,41.95292766934558,0.8306135635161461,0.6388888888888888,-1.0551338266399748,1.0179423284444362
mlp_01,mlp,"{""alpha"": 0.01, ""hidden_layer_sizes"": [32]}",utilization,8,2022,33,0.7478682645567536,0.5790052038125155,27.860146899233243,43.91824297361565,0.6691922734691087,42.79417879417879,0.8033267863739921,0.5625,-0.8162209949062127,0.985500398739206
mlp_01,mlp,"{""alpha"": 0.01, ""hidden_layer_sizes"": [32]}",utilization,8,2023,33,0.740360264429654,0.5739170609402214,29.472486958945524,48.25094098019003,0.6177606116663343,40.912673056443026,0.8053037596223651,0.5729166666666666,-1.3821361513901655,1.013766441068163
extra_trees_02,extra_trees,"{""max_depth"": 12, ""max_features"": 1.0, ""min_samples_leaf"": 5}",base,5,2020,32,0.7220333241568936,0.546235508787389,31.567981492802655,49.43508629371376,0.6105257531102561,45.63006396588486,0.7451223483801592,0.5381944444444444,-2.6528015482608396,1.0200852347863254
extra_trees_02,extra_trees,"{""max_depth"": 12, ""max_features"": 1.0, ""min_samples_leaf"": 5}",base,5,2021,32,0.725149290819061,0.5560830952065933,31.746587390185116,50.42408585702443,0.6136671344713592,38.31572904707233,0.7681331374153476,0.6041666666666666,0.6372171686653398,1.0229647081069908
extra_trees_02,extra_trees,"{""max_depth"": 12, ""max_features"": 1.0, ""min_samples_leaf"": 5}",base,5,2022,32,0.7780183266281715,0.6037453379957518,27.0776754495199,43.26200419163728,0.6790044582667585,40.445945945945944,0.8129845101407231,0.6041666666666666,-2.4422082619266265,1.0494143264569455
extra_trees_02,extra_trees,"{""max_depth"": 12, ""max_features"": 1.0, ""min_samples_leaf"": 5}",base,5,2023,32,0.7356646626863513,0.5723650498719192,28.49961236386584,48.18528509190885,0.6188001433979884,40.30990415335463,0.8320433123039137,0.5972222222222222,0.44855515015373254,0.9938057902637931
extra_trees_02,extra_trees,"{""max_depth"": 12, ""max_features"": 1.0, ""min_samples_leaf"": 5}",base,8,2020,32,0.7263260710496675,0.5502946105973828,31.822754585202013,48.5150679305852,0.6248875828189262,45.41684434968017,0.7682239002656708,0.5,-5.406092521834274,1.0387160348424969
extra_trees_02,extra_trees,"{""max_depth"": 12, ""max_features"": 1.0, ""min_samples_leaf"": 5}",base,8,2021,32,0.7273662864335708,0.5562196275286406,32.44198894872992,50.08686491802671,0.6188172088671391,38.4443168771527,0.8030018186741061,0.6111111111111112,-1.9639969647498405,1.0255770271429738
extra_trees_02,extra_trees,"{""max_depth"": 12, ""max_features"": 1.0, ""min_samples_leaf"": 5}",base,8,2022,32,0.7702961230432834,0.5947123448613234,28.32044319172215,44.48036469140509,0.6606698812035464,41.142411642411645,0.7874224087462198,0.5798611111111112,-2.9810552296702673,1.0257324454623638
extra_trees_02,extra_trees,"{""max_depth"": 12, ""max_features"": 1.0, ""min_samples_leaf"": 5}",base,8,2023,32,0.7455512384246616,0.580440514674598,28.792971258217936,48.03884674655638,0.621113607033357,40.48668796592119,0.8212232829853767,0.5416666666666666,-1.2850616842812668,1.0246895057464334
extra_trees_02,extra_trees,"{""max_depth"": 12, ""max_features"": 1.0, ""min_samples_leaf"": 5}",base,all,2020,32,0.7261471426195709,0.5534160742181031,32.56202228297731,48.41502241580394,0.6264330663936101,45.07782515991471,0.7908409819395975,0.5416666666666667,-7.893533369367191,1.0460286012227846
extra_trees_02,extra_trees,"{""max_depth"": 12, ""max_features"": 1.0, ""min_samples_leaf"": 5}",base,all,2021,32,0.728442120050486,0.5576414182222096,33.500708693114,50.36295537108803,0.6146032902710921,38.16417910447761,0.8011949182920213,0.6041666666666666,-5.06446657218361,1.0502365957611064
extra_trees_02,extra_trees,"{""max_depth"": 12, ""max_features"": 1.0, ""min_samples_leaf"": 5}",base,all,2022,32,0.7719446558964531,0.5974432171416932,29.32748986225736,43.84142887561639,0.6703484433627742,41.14968814968815,0.8237738457464984,0.59375,-7.047780164625632,1.0624297189607739
extra_trees_02,extra_trees,"{""max_depth"": 12, ""max_features"": 1.0, ""min_samples_leaf"": 5}",base,all,2023,32,0.7464549230196421,0.5832383358894492,30.35075348323342,47.65580242244699,0.6271317229543741,40.580404685835994,0.820670140546077,0.6006944444444444,-5.504074389518176,1.045681317758938
