atom,permutation_importance,positive_fold_fraction,elastic_abs_coefficient,univariate_abs_spearman,rank_permutation_importance,rank_elastic_abs_coefficient,rank_univariate_abs_spearman,consensus_rank
draft_number,0.15207200373636975,1.0,16.761044025421143,0.4707478484462177,0.03125,0.09375,0.09375,0.07291666666666667
receiving_yards,0.08082493403453092,1.0,34.243897676467896,0.45709317942839545,0.0625,0.03125,0.125,0.07291666666666667
receptions,0.06570029436843244,1.0,8.688076496124268,0.4869432994043652,0.09375,0.25,0.0625,0.13541666666666666
rushing_yards,0.03009041242455973,1.0,16.36245548725128,0.37128579035223114,0.125,0.125,0.25,0.16666666666666666
passing_tds,0.010113765124962537,1.0,26.584102153778076,0.1969764736165309,0.21875,0.0625,0.59375,0.2916666666666667
games,0.020731445365618918,1.0,0.272803358733654,0.5336766246491346,0.15625,0.75,0.03125,0.3125
carries,0.017780608257625192,1.0,0.8590805530548096,0.4182078972135883,0.1875,0.625,0.15625,0.3229166666666667
passing_yards,0.008355802356052692,1.0,14.56024432182312,0.20608515179385944,0.25,0.15625,0.5625,0.3229166666666667
receiving_tds,0.0007770987288583109,0.5,12.57362985610962,0.39158960202408283,0.65625,0.1875,0.1875,0.34375
receiving_yards_after_catch,0.002741623780879212,1.0,3.501642182469368,0.3599078378004997,0.4375,0.375,0.28125,0.3645833333333333
age,0.007527876300246844,1.0,11.736557006835938,0.1498311606848889,0.28125,0.21875,0.71875,0.40625
rushing_tds,0.0017766323862547322,1.0,4.163181781768799,0.2922331618720007,0.46875,0.34375,0.40625,0.40625
active_roster_weeks,0.0030631123913346285,1.0,2.1833832263946533,0.32341983865305407,0.40625,0.53125,0.34375,0.4270833333333333
receiving_air_yards,0.0014269982818011044,0.75,2.739415317773819,0.2467676976401223,0.53125,0.46875,0.4375,0.4791666666666667
was_drafted,0.003289254130892196,0.75,0.34674516320228577,0.31359145483473816,0.34375,0.71875,0.375,0.4791666666666667
is_rookie,0.0067335916399047045,1.0,1.3691495656967163,0.18145995129690592,0.3125,0.59375,0.625,0.5104166666666666
targets,0.0017259167411394587,1.0,0.03707760572433472,0.37479807275309907,0.5,0.84375,0.21875,0.5208333333333334
passing_interceptions,0.00010615604214511681,0.5,6.24614143371582,0.15846206786466074,0.78125,0.28125,0.6875,0.5833333333333334
sacks_suffered,-2.929928181168623e-05,0.25,4.768802046775818,0.16982495614892287,0.8125,0.3125,0.65625,0.59375
fumbles_lost_total,0.0008145831260654712,1.0,0.023227041587233543,0.3573391281753331,0.625,0.875,0.3125,0.6041666666666666
years_exp,-0.0002301218996782391,0.25,3.015968084335327,0.23395068184938214,0.9375,0.4375,0.46875,0.6145833333333334
completions,0.003137159663236485,1.0,0.0,0.2080520623609733,0.375,0.953125,0.53125,0.6197916666666666
combine_forty,0.0009646436009646635,0.75,2.5205585956573486,0.09097636778598804,0.5625,0.5,0.8125,0.625
team_changed,0.0004838122740667047,0.75,3.4757766723632812,0.02501685841889676,0.6875,0.40625,0.9375,0.6770833333333334
combine_bench,0.0009331805986373398,0.75,0.409372478723526,0.08788172003189589,0.59375,0.6875,0.84375,0.7083333333333334
attempts,-2.9312154925076328e-05,0.25,0.0,0.22928994292623078,0.84375,0.953125,0.5,0.765625
combine_vertical,0.0002867764922208915,0.75,0.10758679360151291,0.13303849708743612,0.75,0.8125,0.75,0.7708333333333334
combine_cone,-0.000197753973235848,0.5,0.7267325818538666,0.05846985353398289,0.875,0.65625,0.90625,0.8125
height,-0.0002111294575444233,0.25,1.4799615144729614,0.014546723467891794,0.90625,0.5625,0.96875,0.8125
combine_broad_jump,0.0003241296051548122,0.5,0.0,0.12979733834217705,0.71875,0.953125,0.78125,0.8177083333333334
combine_shuttle,-0.0007770916805290573,0.25,0.20059911906719208,0.06489885857649501,1.0,0.78125,0.875,0.8854166666666666
weight,-0.0003004880574931183,0.25,0.0,0.002697257349750033,0.96875,0.953125,1.0,0.9739583333333334
